"","kommunenummer","navn","Y","expected","SMR","kommunenavn","air_quality","re_u","re_v","RR","LL","UL"
"1",301,"Oslo",8614,9171.49277272672,0.93921460916542,"Oslo",7.05,1,1,0.939329104230752,0.919573032358634,0.959273237227674
"2",1101,"Eigersund",232,219.540318004296,1.05675350254098,"Eigersund",3.875,2,2,1.05829284956713,0.926213996943083,1.19823559176556
"3",1103,"Stavanger",1910,1961.49300481936,0.973748055846824,"Stavanger",5.35,3,3,0.974086042322674,0.930819194153558,1.01822121918619
"4",1106,"Haugesund",657,542.355124344904,1.21138341007393,"Haugesund",4.5,4,4,1.21220604732073,1.12109843466791,1.30648102313254
"5",1108,"Sandnes",951,1051.93691156919,0.904046611104633,"Sandnes",4.975,5,5,0.904603042323331,0.847936244927624,0.962938136698791
"6",1111,"Sokndal",0,51.9030604901982,0,"Sokndal",3.425,6,6,0.0171896645172995,0.000590085209003867,0.0723797064779299
"7",1112,"Lund",47,48.416536752847,0.970742708011562,"Lund",3.05,7,7,0.97471716201907,0.715950892491204,1.26944305445517
"8",1114,"Bjerkreim",0,38.3729804007673,0,"Bjerkreim",3.2,8,8,0.0212819699630257,0.00060448683378507,0.0934390393231075
"9",1119,"HÃ¥",258,261.375561593464,0.987085397070466,"Hå",3.825,9,9,0.98838886677293,0.871196118838208,1.11215342216673
"10",1120,"Klepp",261,264.80535147729,0.985629627739543,"Klepp",4.25,10,10,0.987206243918069,0.870819401827094,1.11007599293152
"11",1121,"Time",245,259.54697426506,0.943952441340331,"Time",4.075,11,11,0.94546245379276,0.830536239870236,1.06702426741653
"12",1122,"Gjesdal",128,151.272623162142,0.84615442850358,"Gjesdal",3.825,12,12,0.848519251135572,0.707666312785437,1.00080461111699
"13",1124,"Sola",309,369.994311447813,0.835147975088757,"Sola",5.05,13,13,0.836740048284805,0.745862462331127,0.932243822562122
"14",1127,"Randaberg",156,161.300702431325,0.967137759777695,"Randaberg",4.825,14,14,0.970352468266808,0.823804720019273,1.12752559374122
"15",1130,"Strand",202,188.594992843099,1.0710782770784,"Strand",3.45,15,15,1.07244621833484,0.929337204416782,1.22472725379688
"16",1133,"Hjelmeland",0,40.4841564689174,0,"Hjelmeland",2.5,16,16,0.0175210942065613,0.000382460311900121,0.0813257759349734
"17",1134,"Suldal",78,59.1585402696199,1.31849095066424,"Suldal",2.325,17,17,1.31877991351199,1.0416671127568,1.62515142924749
"18",1135,"Sauda",102,78.5616106851099,1.29834405265487,"Sauda",2.575,18,18,1.29918112583947,1.05862648260377,1.56161560788129
"19",1144,"KvitsÃ¸y",0,9.4823948224957,0,"Kvitsøy",3.325,19,19,0.0700480152744007,0.00111595854744535,0.346335811437679
"20",1145,"Bokn",0,14.4408639756037,0,"Bokn",3.375,20,20,0.050097888312301,0.00100841145484213,0.236510855936526
"21",1146,"TysvÃ¦r",190,159.150565957079,1.19383804171479,"Tysvær",3.375,21,21,1.19526610885014,1.03096270460536,1.3704150790376
"22",1149,"KarmÃ¸y",749,621.463252194112,1.20522009524395,"Karmøy",4.1,22,22,1.20582820347193,1.12085151119633,1.29359005064
"23",1151,"Utsira",0,3.4084309916528,0,"Utsira",3.025,23,23,0.145659323142049,0.00102708244391928,0.833548822145448
"24",1160,"Vindafjord",163,132.950401865298,1.22602111549198,"Vindafjord",2.675,24,24,1.22674238698555,1.04513534038281,1.42125775740243
"25",1505,"Kristiansund",383,367.556068180112,1.0420178937498,"Kristiansund",3.25,25,25,1.04265533227242,0.94063292154279,1.1494025346212
"26",1506,"Molde",529,495.913666093271,1.0667179313032,"Molde",2.975,26,26,1.06709503102842,0.977889337185948,1.1597547584244
"27",1507,"Ã…lesund",1015,977.64696639681,1.03820707769478,"Ålesund",3.35,27,27,1.03848688055999,0.975472393927771,1.10329219682242
"28",1511,"Vanylven",75,56.8498087242706,1.31926565248021,"Vanylven",2.2,28,28,1.31916805532282,1.03676521842354,1.63201763828738
"29",1514,"Sande",0,41.7030152765189,0,"Sande",2.45,29,29,0.0169002850211786,0.000365538359044071,0.0785918944388848
"30",1515,"HerÃ¸y",176,140.727369400158,1.25064513569883,"Herøy (Møre og Romsdal)",2.925,30,30,1.25162787938393,1.07307079405489,1.44241769855281
"31",1516,"Ulstein",110,124.351285172828,0.884590777225324,"Ulstein",2.925,31,31,0.88610213024782,0.72788491692461,1.05816827892037
"32",1517,"Hareid",87,77.4914384131115,1.12270467269168,"Hareid",2.8,32,32,1.12435023995664,0.90002121929381,1.37091787423023
"33",1520,"Ã˜rsta",200,169.88170369645,1.17728981784505,"Ørsta",2.6,33,33,1.17782303962516,1.0198394708467,1.34598349600789
"34",1525,"Stranda",74,78.8072298266504,0.939000142027264,"Stranda",1.975,34,34,0.939078654026838,0.736791839667177,1.16332161190031
"35",1528,"Sykkylven",122,116.892517450089,1.04369383653742,"Sykkylven",2.35,35,35,1.04420761278095,0.8666655273141,1.23652441490341
"36",1531,"Sula",137,134.951640623716,1.01517846961191,"Sula",3.225,36,36,1.01682519767872,0.853325502261851,1.19309052889032
"37",1532,"Giske",132,122.598162070037,1.07668824533105,"Giske",3,37,37,1.0780949231491,0.901632104008518,1.26864784519661
"38",1535,"Vestnes",114,102.094046302692,1.11661751226912,"Vestnes",2.175,38,38,1.1167914775643,0.920623519721129,1.32984529517619
"39",1539,"Rauma",0,123.408724332409,0,"Rauma",1.95,39,39,0.0061676209582754,0.000171273207344773,0.0271810578705619
"40",1547,"Aukra",0,56.5782864234099,0,"Aukra",2.425,40,40,0.0130647808653418,0.000319547089021534,0.0592019039663126
"41",1554,"AverÃ¸y",0,90.123259735627,0,"Averøy",2.475,41,41,0.00894548302360475,0.000268299884908539,0.0387703851085663
"42",1557,"Gjemnes",0,40.9827835772867,0,"Gjemnes",2.025,42,42,0.015490655497806,0.000272405061313445,0.0750928915040081
"43",1560,"Tingvoll",0,53.5927061779314,0,"Tingvoll",2.025,43,43,0.0124652458022281,0.000249727756018575,0.0588702530150447
"44",1563,"Sunndal",130,114.947931722236,1.13094683873161,"Sunndal",2.05,44,44,1.13089607725498,0.944345459138472,1.33248845081286
"45",1566,"Surnadal",0,98.7716211243644,0,"Surnadal",1.975,45,45,0.00745999006059316,0.000191352087124668,0.0334520156940604
"46",1573,"SmÃ¸la",0,36.8807810292105,0,"Smøla",2.025,46,46,0.0168570402945329,0.000280806057975969,0.0825873460964317
"47",1576,"Aure",67,60.4294691710931,1.10873057332845,"Aure",1.975,47,47,1.1084036866704,0.858220432262164,1.38720322455382
"48",1577,"Volda",180,164.947905771526,1.09125362433715,"Volda",2.625,48,48,1.09189463804294,0.937793648860171,1.25644003086142
"49",1578,"Fjord",55,45.0629330496662,1.22051531664354,"Fjord",1.625,49,49,1.21833944284955,0.916852442742921,1.55837119051621
"50",1579,"Hustadvika",216,199.018815047322,1.08532452044115,"Hustadvika",2.45,50,50,1.08571072677945,0.945405702427138,1.2347174963297
"51",1804,"BodÃ¸",847,749.93231045745,1.12943526794217,"Bodø",2.3,51,51,1.12952412510522,1.05459211860935,1.2067820073146
"52",1806,"Narvik",404,348.301012396613,1.15991623802679,"Narvik",2.225,52,52,1.16001329833548,1.04940329218544,1.27561299902071
"53",1811,"Bindal",0,25.5730808978771,0,"Bindal",1.55,53,53,0.0196966874616896,0.000203715388685511,0.105254036665494
"54",1812,"SÃ¸mna",0,32.936266213072,0,"Sømna",1.725,54,54,0.0170300529359595,0.000227338788670337,0.086982711500755
"55",1813,"BrÃ¸nnÃ¸y",174,119.863711592462,1.45164869073638,"Brønnøy",1.925,55,55,1.45111029609579,1.24285325966684,1.67372252647353
"56",1815,"Vega",0,21.2003412086768,0,"Vega",1.75,56,56,0.0241530757539086,0.000251313744608146,0.128949385051674
"57",1816,"Vevelstad",0,7.68693132080591,0,"Vevelstad",1.575,57,57,0.0481858484608179,0.000214230796684826,0.295289648680852
"58",1818,"HerÃ¸y",0,29.1458237666224,0,"Herøy (Nordland)",1.8,58,58,0.0191379172958592,0.000248464455913969,0.0982543061052531
"59",1820,"Alstahaug",157,115.299006388131,1.36167695558009,"Alstahaug",2.125,59,59,1.36150674873433,1.15622705456978,1.5816440039408
"60",1822,"Leirfjord",0,35.625168682366,0,"Leirfjord",1.625,60,60,0.0155738314345398,0.000205492282750485,0.079708572745386
"61",1824,"Vefsn",275,218.446737877098,1.2588881055057,"Vefsn",2.35,61,61,1.2590651591107,1.11424995960856,1.41171680498844
"62",1825,"Grane",0,26.9222629352493,0,"Grane",1.55,62,62,0.0189352437514919,0.000202236440974486,0.100627159426223
"63",1826,"Hattfjelldal",0,23.7595984521523,0,"Hattfjelldal",1.45,63,63,0.0201959833695349,0.000186960353327173,0.109970839267591
"64",1827,"DÃ¸nna",0,23.099324845988,0,"Dønna",1.75,64,64,0.0226084693478692,0.000248147759799395,0.119595683253228
"65",1828,"Nesna",0,28.0665358498145,0,"Nesna",1.75,65,65,0.0194317299785944,0.000239720839041071,0.100686337860973
"66",1832,"Hemnes",96,77.4452354539149,1.23958561733764,"Hemnes",1.65,66,66,1.23837317347429,1.00225755229016,1.4966540785267
"67",1833,"Rana",447,410.712647763717,1.08835216649369,"Rana",2.475,67,67,1.08857279683518,0.989761703254035,1.19159131663815
"68",1834,"LurÃ¸y",0,33.7524942547461,0,"Lurøy",1.65,68,68,0.016356178555453,0.000212117729920239,0.0839798069986447
"69",1835,"TrÃ¦na",0,6.90802383114552,0,"Træna",1.825,69,69,0.0571382178078285,0.00028357576406673,0.344763685138497
"70",1836,"RÃ¸dÃ¸y",0,19.6862039520063,0,"Rødøy",1.525,70,70,0.0238270703577892,0.000204419417671372,0.131527646063251
"71",1837,"MelÃ¸y",124,103.011221776831,1.20375234718252,"Meløy",1.65,71,71,1.20289816627432,0.999861611891321,1.42270322040773
"72",1838,"GildeskÃ¥l",0,33.7173614792025,0,"Gildeskål",1.5,72,72,0.0156822391536027,0.000186307540143305,0.0817941277037884
"73",1839,"Beiarn",0,20.0468612033821,0,"Beiarn",1.275,73,73,0.0216436590979102,0.000158481653213498,0.122675407939374
"74",1840,"Saltdal",92,76.8248789389462,1.19752873379877,"Saltdal",1.55,74,74,1.1961367838063,0.963433988317387,1.45118598770599
"75",1841,"Fauske",203,157.088048968476,1.29226889844903,"Fauske Fuosko",1.825,75,75,1.29186523097618,1.1197747373496,1.47496301636995
"76",1845,"SÃ¸rfold",0,33.1125193976332,0,"Sørfold",1.8,76,76,0.0173036352055004,0.000241343057716093,0.0876721370665534
"77",1848,"Steigen",0,45.1887123658415,0,"Steigen",1.5,77,77,0.0124792587502306,0.000175465899834749,0.0631172550986593
"78",1851,"LÃ¸dingen",0,38.8191897898368,0,"Lødingen",1.875,78,78,0.0155567341514016,0.000246091046560534,0.0769726200549872
"79",1853,"Evenes",0,24.1428903580871,0,"Evenes",1.525,79,79,0.0204062900557634,0.000199927315112588,0.110052286550942
"80",1856,"RÃ¸st",0,8.29154554253159,0,"Røst",1.775,80,80,0.0491695960928369,0.000270410253881913,0.292127259986941
"81",1857,"VÃ¦rÃ¸y",0,12.3623342588171,0,"Værøy",1.775,81,81,0.0366396985033274,0.000270284955648156,0.207667343446529
"82",1859,"Flakstad",0,22.5346500224667,0,"Flakstad",1.65,82,82,0.0223645458022022,0.000227242979270877,0.119879176067275
"83",1860,"VestvÃ¥gÃ¸y",257,175.882995106109,1.46119867838817,"Vestvågøy",1.875,83,83,1.46079783612464,1.28715161863408,1.64421109435832
"84",1865,"VÃ¥gan",170,146.121794782494,1.16341302988407,"Vågan",2.025,84,84,1.16332247096525,0.994508533809184,1.34390060868229
"85",1866,"Hadsel",183,130.105715235053,1.40654851071982,"Hadsel",1.875,85,85,1.40602018201433,1.20908285754337,1.6162045193621
"86",1867,"BÃ¸",0,51.4255091925776,0,"Bø",1.65,86,86,0.0117251787195324,0.000191321186240927,0.0576577237842778
"87",1868,"Ã˜ksnes",0,70.4208529883634,0,"Øksnes",1.75,87,87,0.00933889216079527,0.000186962776248638,0.0441029784908875
"88",1870,"Sortland",164,156.668849781664,1.04679392379884,"Sortland Suortá",2.05,88,88,1.04683972781038,0.892288169744352,1.21234574563113
"89",1871,"AndÃ¸y",0,83.2938047523824,0,"Andøy",1.8,89,89,0.0082433865955037,0.000182297661649256,0.0381423277095614
"90",1874,"Moskenes",0,19.2583611736213,0,"Moskenes",1.775,90,90,0.0261991884372083,0.000260565815739301,0.14097996478852
"91",1875,"HamarÃ¸y",0,48.2365700055594,0,"Hamarøy Hábmer",1.5,91,91,0.011854474772677,0.000172785843843157,0.0595547524652338
"92",3001,"Halden",558,479.572659890777,1.16353588656844,"Halden",4.875,92,92,1.16461244264691,1.06978755190049,1.26299825978139
"93",3002,"Moss",835,757.893680433538,1.10173764679283,"Moss",5.8,93,93,1.10266117236367,1.02901737906809,1.17860462025205
"94",3003,"Sarpsborg",1001,856.82565061626,1.16826567841433,"Sarpsborg",5.8,94,94,1.16907745000903,1.09766526470505,1.24253428219868
"95",3004,"Fredrikstad",1420,1239.64985142957,1.14548474987712,"Fredrikstad",6.375,95,95,1.14613993443104,1.08720075748927,1.20647433424385
"96",3005,"Drammen",1690,1492.33212358478,1.13245568683491,"Drammen",5.7,96,96,1.13292365332953,1.07946135825302,1.18753614817905
"97",3006,"Kongsberg",528,420.085036888839,1.25688837648297,"Kongsberg",4.65,97,97,1.25799036673133,1.15275050186851,1.3673078561736
"98",3007,"Ringerike",686,475.708280393246,1.44206024631927,"Ringerike",4.275,98,98,1.44285841793131,1.33668753808207,1.55264923379627
"99",3011,"Hvaler",0,73.3003992778302,0,"Hvaler",4.05,99,99,0.0142025664192607,0.000653850911823707,0.0558202553472845
"100",3012,"Aremark",0,22.0536398228244,0,"Aremark",3.225,100,100,0.034068282001806,0.000777976218498179,0.15668542285216
"101",3013,"Marker",0,63.3986219807711,0,"Marker",3.45,101,101,0.0145423143149689,0.000537924354094852,0.0601929980431855
"102",3014,"Indre Ã˜stfold",717,673.173237557104,1.06510473084453,"Indre Østfold",4.85,102,102,1.06589308145734,0.989153472730953,1.14519714486856
"103",3015,"Skiptvet",54,53.984757318959,1.00028235157104,"Skiptvet",4.225,103,103,1.00767935119109,0.757082020851193,1.29050199778381
"104",3016,"Rakkestad",157,125.891700118731,1.24710366014543,"Rakkestad",4.225,104,104,1.25005486172498,1.06176761845987,1.45195768757833
"105",3017,"RÃ¥de",145,118.96855750767,1.21880943198502,"Råde",4.825,105,105,1.22286325048331,1.0316010137786,1.42853914664718
"106",3018,"VÃ¥ler",73,77.8760193802626,0.937387408613512,"Våler (Viken)",4.325,106,106,0.942890236268888,0.738938661807233,1.16908345000613
"107",3019,"Vestby",214,252.743115250772,0.846709512888882,"Vestby",4.95,107,107,0.848942708540274,0.738844260279427,0.965897121854277
"108",3020,"Nordre Follo",833,875.409874827839,0.951554264982241,"Nordre Follo",5.8,108,108,0.952379545644826,0.888698260650183,1.01805141316409
"109",3021,"Ã…s",240,286.407755744744,0.837966134596913,"Ås",5.4,109,109,0.840229480682355,0.737118547287633,0.94935989887531
"110",3022,"Frogn",251,246.40616856048,1.01864332969567,"Frogn",5.375,110,110,1.02113602935043,0.898493533986153,1.15075900248529
"111",3023,"Nesodden",263,272.909342447667,0.963689984524561,"Nesodden",5.125,111,111,0.965809186913367,0.852391578987795,1.08551457229716
"112",3024,"BÃ¦rum",1783,1884.65184532352,0.946063329640561,"Bærum",5.725,112,112,0.946451938558533,0.902957154183237,0.990854485108477
"113",3025,"Asker",1351,1376.54885605023,0.981439920611655,"Asker",4.975,113,113,0.981863209321256,0.930112566122402,1.03487246601867
"114",3026,"Aurskog-HÃ¸land",281,265.772646765779,1.05729465924927,"Aurskog-Høland",3.75,114,114,1.05848989476426,0.938061015241673,1.18535371756982
"115",3027,"RÃ¦lingen",253,248.34961361143,1.01872516055469,"Rælingen",6.35,115,115,1.02190490668962,0.899672881455733,1.15106201618943
"116",3028,"Enebakk",173,150.698782925679,1.1479853827706,"Enebakk",4.3,116,116,1.15063056869072,0.985217422802348,1.32746429245657
"117",3029,"LÃ¸renskog",568,574.981567048477,0.987857755015843,"Lørenskog",7.525,117,117,0.989629187313578,0.909778267996597,1.0724480818189
"118",3030,"LillestrÃ¸m",1210,1224.87111308046,0.987859038455846,"Lillestrøm",6.4,118,118,0.988540464586159,0.933534431243501,1.04496688496925
"119",3031,"Nittedal",327,336.677030283528,0.971257230481751,"Nittedal",4.7,119,119,0.972753176856242,0.869961857584626,1.08064920869145
"120",3032,"Gjerdrum",0,95.6944854191572,0,"Gjerdrum",4.425,120,120,0.0119055654651272,0.000645836522591473,0.0449079947552515
"121",3033,"Ullensaker",497,530.847316715395,0.936239073553533,"Ullensaker",5.3,121,121,0.937414625489741,0.856650501133546,1.02141598064243
"122",3034,"Nes",334,322.19276017231,1.03664650882092,"Nes",4.2,122,122,1.03790042796066,0.92933757858518,1.15180491520055
"123",3035,"Eidsvoll",358,353.998395174464,1.01130401967942,"Eidsvoll",4.275,123,123,1.01249706463425,0.910120262780556,1.11975847105094
"124",3036,"Nannestad",180,187.939414020677,0.957755460385744,"Nannestad",3.875,124,124,0.959620230250445,0.824262054744477,1.10414713354561
"125",3037,"Hurdal",0,45.5858834360092,0,"Hurdal",2.625,125,125,0.0163295805650775,0.000396066616790881,0.0741359840010547
"126",3038,"Hole",118,99.2526537351804,1.18888508830041,"Hole",3.95,126,126,1.19218318939069,0.986403971596442,1.41535504267702
"127",3039,"FlÃ¥",0,18.9707614884933,0,"Flå",1.975,127,127,0.0281319355770018,0.000313679848883594,0.14842339648647
"128",3040,"Nesbyen",86,56.3045039926187,1.52740889097033,"Nesbyen",2.4,128,128,1.52755830038495,1.22094298791275,1.86479451089204
"129",3041,"Gol",93,76.5811885757299,1.21439744837642,"Gol",2.5,129,129,1.21520749922054,0.980164751079223,1.47265781493251
"130",3042,"Hemsedal",33,36.1641200557912,0.912506648830115,"Hemsedal",1.875,130,130,0.912231108014766,0.627498295151824,1.24546490702479
"131",3043,"Ã…l",100,77.8512049561584,1.28450163432043,"Ål",2.25,131,131,1.28461553143437,1.04446492239399,1.54683677558284
"132",3044,"Hol",0,72.9541896309843,0,"Hol",2.15,132,132,0.00996148404695773,0.00024196676393244,0.0451994788990973
"133",3045,"Sigdal",81,57.3847370382255,1.41152515774436,"Sigdal",2.25,133,133,1.41140818190012,1.12003148428407,1.73294032904143
"134",3046,"KrÃ¸dsherad",0,34.7925356705509,0,"Krødsherad",2.35,134,134,0.0191533652960124,0.000363692352341046,0.0914618361465037
"135",3047,"Modum",280,216.931103107051,1.29073238456647,"Modum",3.85,135,135,1.29213804790339,1.1448676885683,1.44729350207364
"136",3048,"Ã˜vre Eiker",374,287.572303098788,1.3005424930353,"Øvre Eiker",4.525,136,136,1.30203518351056,1.17316639654426,1.43693361928565
"137",3049,"Lier",424,383.816040515312,1.10469588355593,"Lier",4.625,137,137,1.10593187272099,1.00296878005241,1.21341213211503
"138",3050,"Flesberg",52,42.7210475796433,1.21719861628061,"Flesberg",2.325,138,138,1.21784992864638,0.908811872963369,1.56759337583902
"139",3051,"Rollag",0,24.6876974372016,0,"Rollag",2.075,139,139,0.0235279923852342,0.000324386309919835,0.119488016962115
"140",3052,"Nore og Uvdal",0,42.2274662684439,0,"Nore og Uvdal",1.875,140,140,0.0145582242421702,0.000241069347184975,0.0713987608592873
"141",3053,"Jevnaker",149,103.708900648612,1.43671371568043,"Jevnaker",3.55,141,141,1.43891241843641,1.21660826106895,1.67771709439081
"142",3054,"Lunner",123,131.646608158514,0.934319552326763,"Lunner",3.275,142,142,0.936167817593493,0.777712486353241,1.10774824318553
"143",3401,"Kongsvinger",356,290.921844048227,1.22369635447858,"Kongsvinger",3.9,143,143,1.22481509618084,1.10061631426439,1.35495527123377
"144",3403,"Hamar",568,503.739499867926,1.12756692724895,"Hamar",5.975,144,144,1.12899507961542,1.03787974567315,1.22349787997157
"145",3405,"Lillehammer",442,447.141375558783,0.988501677903643,"Lillehammer",4.75,145,145,0.989652785670345,0.899362698445962,1.08381101860563
"146",3407,"GjÃ¸vik",506,473.706186660086,1.0681726653553,"Gjøvik",4.775,146,146,1.06924861221876,0.977921685746952,1.16420007634201
"147",3411,"Ringsaker",627,537.308304448632,1.16692780440721,"Ringsaker",3.8,147,147,1.16753252809668,1.07773857801814,1.26051366862367
"148",3412,"LÃ¸ten",141,120.047516166499,1.17453492169252,"Løten",3.55,148,148,1.17668896170922,0.990070447486372,1.37762505035394
"149",3413,"Stange",357,321.623227093122,1.10999445912728,"Stange",4.275,149,149,1.11126295804258,0.998744103614215,1.22915788493563
"150",3414,"Nord-Odal",115,84.6464579402725,1.3585919930772,"Nord-Odal",3.075,150,150,1.36035639871005,1.1225010428527,1.61858665981678
"151",3415,"SÃ¸r-Odal",145,118.256918513524,1.22614390618861,"Sør-Odal",3.525,151,151,1.22823828129289,1.03601475114774,1.43496289994423
"152",3416,"Eidskog",132,105.52530653795,1.25088478139156,"Eidskog",3.3,152,152,1.25281259609978,1.04776750124446,1.4742273609723
"153",3417,"Grue",0,83.3966523917169,0,"Grue",3.125,153,153,0.010832321345802,0.000395144904519764,0.0449669072752613
"154",3418,"Ã…snes",157,127.854848445449,1.22795499669288,"Åsnes",3.075,154,154,1.22926268852359,1.04401202001355,1.42791618375358
"155",3419,"VÃ¥ler",0,63.4763558800575,0,"Våler (Innlandet)",3,155,155,0.0133545732052214,0.000425432220809669,0.0571581540111788
"156",3420,"Elverum",364,326.804996146369,1.11381406126659,"Elverum",4.125,156,156,1.11497919717882,1.00314695223916,1.23210880534978
"157",3421,"Trysil",124,116.188601498038,1.06723033413991,"Trysil",2.25,157,157,1.06756321911366,0.887446065740947,1.26254996793611
"158",3422,"Ã…mot",0,70.699723359744,0,"Åmot",2.775,158,158,0.0116616413873656,0.00035666430880448,0.0503506649909727
"159",3423,"Stor-Elvdal",0,44.5986075934658,0,"Stor-Elvdal",2.15,159,159,0.0149144681270664,0.000290329240209403,0.0708549189624664
"160",3424,"Rendalen",0,33.6762426405973,0,"Rendalen",1.825,160,160,0.0172017918165495,0.000245813505448823,0.0867635372998779
"161",3425,"Engerdal",0,23.1322329025962,0,"Engerdal",1.7,161,161,0.0222574615830512,0.000237267364130533,0.118332460732572
"162",3426,"Tolga",0,25.4741674620901,0,"Tolga",1.825,162,162,0.0214192931091952,0.00026091534335057,0.111243728318991
"163",3427,"Tynset",111,88.4816546563612,1.25449733542048,"Tynset",2.175,163,163,1.25449325618855,1.03130128351911,1.49715051926559
"164",3428,"Alvdal",40,39.0837218786007,1.02344398325844,"Alvdal",1.85,164,164,1.02263624673831,0.729928005822857,1.35987096965734
"165",3429,"Folldal",0,27.8908677226605,0,"Folldal",1.7,165,165,0.0192591241188594,0.000230094438658235,0.100363391057138
"166",3430,"Os",0,31.7334761976752,0,"Os",1.75,166,166,0.0176598253568042,0.00023413658252003,0.090313969522251
"167",3431,"Dovre",0,46.5180290955021,0,"Dovre",1.95,167,167,0.0137270124293884,0.000247837486994256,0.0661935494474725
"168",3432,"Lesja",0,33.1933589906165,0,"Lesja",1.575,168,168,0.0162303202417018,0.000199820827803111,0.0841178529684813
"169",3433,"SkjÃ¥k",0,39.3485219317069,0,"Skjåk",1.625,169,169,0.0144101152937429,0.000201228111159169,0.0729836273179113
"170",3434,"Lom",0,38.1294202568554,0,"Lom",1.725,170,170,0.0151790231485982,0.000219999658678653,0.0763516186519279
"171",3435,"VÃ¥gÃ¥",61,61.505710011808,0.991777836371438,"Vågå",2,171,171,0.991801695969056,0.75799945681197,1.25367921830296
"172",3436,"Nord-Fron",0,97.8769015601289,0,"Nord-Fron",2.725,172,172,0.0087657279283981,0.000295870918466952,0.0370211111812779
"173",3437,"Sel",106,98.2088037790993,1.07933297139455,"Sel",2.2,173,173,1.0796076437979,0.883298106380388,1.29343320196579
"174",3438,"SÃ¸r-Fron",0,51.5789047752153,0,"Sør-Fron",2.275,174,174,0.0136358928901068,0.000300491036904702,0.0631589656824894
"175",3439,"Ringebu",0,75.9988010336986,0,"Ringebu",2.425,175,175,0.0102169467656111,0.000281799417819081,0.0451050819042239
"176",3440,"Ã˜yer",87,81.6584406462131,1.0654134381151,"Øyer",2.725,176,176,1.0669104275468,0.854037963294687,1.30088529111362
"177",3441,"Gausdal",125,101.21321149885,1.23501663615742,"Gausdal",2.7,177,177,1.23597680957948,1.0282821781153,1.46074499074714
"178",3442,"Ã˜stre Toten",266,242.468862316811,1.09704808055908,"Østre Toten",3.3,178,178,1.09799831057587,0.969694803068452,1.23337435075868
"179",3443,"Vestre Toten",192,211.618410366311,0.907293461224138,"Vestre Toten",3.9,179,179,0.909013186183293,0.784726771014039,1.04145998173243
"180",3446,"Gran",243,218.367971584778,1.11280055512014,"Gran",3.325,180,180,1.11386124072219,0.977891859653625,1.25771960922344
"181",3447,"SÃ¸ndre Land",99,90.7303038651446,1.09114591026992,"Søndre Land",2.625,181,181,1.09226211807488,0.887176751568818,1.31628279924466
"182",3448,"Nordre Land",128,107.647595271219,1.18906511267161,"Nordre Land",2.85,182,182,1.19027402031943,0.992543017584875,1.40406469271618
"183",3449,"SÃ¸r-Aurdal",0,52.8102296658993,0,"Sør-Aurdal",2.025,183,183,0.012614797759588,0.000250974969551468,0.0596609950044589
"184",3450,"Etnedal",0,23.4471788377662,0,"Etnedal",1.85,184,184,0.0230128973088459,0.000270758593878292,0.120264757692074
"185",3451,"Nord-Aurdal",127,102.747761216173,1.23603666393083,"Nord-Aurdal",2.4,185,185,1.23645741509394,1.03022301827926,1.45951409073044
"186",3452,"Vestre Slidre",0,34.9513168714637,0,"Vestre Slidre",1.875,186,186,0.0169278384438116,0.000253620155429995,0.0846278184294645
"187",3453,"Ã˜ystre Slidre",0,51.0254003735785,0,"Øystre Slidre",1.95,187,187,0.0127384929511737,0.000240652514341432,0.0608747708807908
"188",3454,"Vang",0,25.9318170397508,0,"Vang",1.7,188,188,0.0203790010705609,0.000233050375752501,0.107026857696296
"189",3801,"Horten",522,426.712301316042,1.22330665975665,"Horten",5.1,189,189,1.22459048640313,1.12157760307714,1.33162062475964
"190",3802,"Holmestrand",398,369.806862538243,1.0762374642489,"Holmestrand",3.8,190,190,1.07712705028252,0.973703338844448,1.18525516718304
"191",3803,"TÃ¸nsberg",898,837.039052654253,1.07282927499313,"Tønsberg",5.175,191,191,1.07353827590484,1.00436200675826,1.14480635959401
"192",3804,"Sandefjord",990,963.535656007448,1.02746586888358,"Sandefjord",4.75,192,192,1.02801198901294,0.964870795705516,1.09297191550374
"193",3805,"Larvik",863,740.455751664689,1.16549840832461,"Larvik",4.725,193,193,1.16617201579556,1.08953538494355,1.24516758010466
"194",3806,"Porsgrunn",662,561.467523499457,1.17905305702092,"Porsgrunn",8.125,194,194,1.18101653454966,1.09261761939292,1.27247627412437
"195",3807,"Skien",943,835.363635131354,1.12884971327693,"Skien",7.75,195,195,1.13010675187279,1.05903342929457,1.20328160365273
"196",3808,"Notodden",268,212.210487014899,1.26289705928239,"Notodden",3.95,196,196,1.26443199225019,1.11723537452716,1.41970811311615
"197",3811,"FÃ¦rder",495,422.276921394277,1.17221655961118,"Færder",5.075,197,197,1.1735164512017,1.07220496873404,1.27889896136641
"198",3812,"Siljan",0,36.9706838879142,0,"Siljan",3.4,198,198,0.0228524621418035,0.000689059679155061,0.099055228996935
"199",3813,"Bamble",262,216.306678962597,1.21124322770128,"Bamble",5.325,199,199,1.21392070521951,1.07110301896751,1.36467423247161
"200",3814,"KragerÃ¸",213,171.204926266009,1.24412307896475,"Kragerø",4.125,200,200,1.24620746597967,1.08415604766579,1.41837966480826
"201",3815,"Drangedal",75,65.5785661098898,1.14366636004701,"Drangedal",2.8,201,201,1.1455586295598,0.900492392569526,1.41702257936453
"202",3816,"Nome",111,105.973854357662,1.04742816681344,"Nome",3.4,202,202,1.04976405003372,0.863165035782539,1.25262167532177
"203",3817,"Midt-Telemark",189,161.229880227719,1.1722392879847,"Midt-Telemark",3.35,203,203,1.17363757786746,1.01189578071342,1.34608441394758
"204",3818,"Tinn",125,93.1335623374677,1.34215847501962,"Tinn",2.425,204,204,1.34253354365891,1.11688539479143,1.58673342039422
"205",3819,"Hjartdal",0,27.1379631315076,0,"Hjartdal",2.1,205,205,0.0219705957104876,0.000323573248724484,0.110212960412897
"206",3820,"Seljord",0,47.340693591493,0,"Seljord",2.525,206,206,0.0154819740791122,0.000365947559175726,0.0706712108270463
"207",3821,"Kviteseid",0,39.5914803307839,0,"Kviteseid",2.35,207,207,0.017235795223402,0.000348033562719062,0.0812875643713115
"208",3822,"Nissedal",0,22.834339997024,0,"Nissedal",2.375,208,208,0.0270962090386477,0.000420645575822496,0.134598494357074
"209",3823,"Fyresdal",0,21.2585090252393,0,"Fyresdal",2.225,209,209,0.0275819031136006,0.000379839769424526,0.140119266897404
"210",3824,"Tokke",0,36.8232175111727,0,"Tokke",2.325,210,210,0.0181788611866089,0.000350573113174287,0.0865371398576256
"211",3825,"Vinje",66,58.8677492151909,1.12115718504435,"Vinje",2.075,211,211,1.12109564167249,0.866290658854986,1.40527232691088
"212",4201,"RisÃ¸r",108,110.868261092898,0.974129105438982,"Risør",3.55,212,212,0.976704113815887,0.800843417390624,1.16809200421084
"213",4202,"Grimstad",336,338.578848953088,0.992383313484993,"Grimstad",3.95,213,213,0.993463888208901,0.889846178003761,1.10216589416817
"214",4203,"Arendal",747,673.318899908547,1.10942972208483,"Arendal",4.1,214,214,1.11000967823796,1.03168284838477,1.19090616194672
"215",4204,"Kristiansand",1561,1590.30202266958,0.981574554863237,"Kristiansand",4.475,215,215,0.981887291686822,0.933695835597,1.03116224031751
"216",4205,"Lindesnes",399,345.238484725118,1.15572283408,"Lindesnes",3.8,216,216,1.15664410874154,1.04571886506498,1.27260780070815
"217",4206,"Farsund",169,153.169732037879,1.1033511500706,"Farsund",3.825,217,217,1.10543476965786,0.944692089785213,1.27740267841658
"218",4207,"Flekkefjord",160,146.836166781557,1.08964980159164,"Flekkefjord",3.6,218,218,1.09155757608329,0.928592181256832,1.26620411273458
"219",4211,"Gjerstad",0,39.4278720569448,0,"Gjerstad",2.8,219,219,0.0191393529330685,0.000469444365506007,0.086691828552595
"220",4212,"VegÃ¥rshei",0,30.5910700218766,0,"Vegårshei",2.7,220,220,0.0231028062662129,0.000485408666193836,0.108095814428918
"221",4213,"Tvedestrand",122,93.7360493428362,1.30152700967575,"Tvedestrand",3.3,221,221,1.30362641933807,1.08207028933611,1.54361226104578
"222",4214,"Froland",86,82.2246051301405,1.04591563393809,"Froland",3.2,222,222,1.04847413879962,0.83822685577138,1.27969455584625
"223",4215,"Lillesand",175,162.513774282183,1.0768317994765,"Lillesand",4,223,223,1.07901426730663,0.924738251608608,1.24388668241545
"224",4216,"Birkenes",75,75.0598811116103,0.9992022221362,"Birkenes",3.4,224,224,1.00256860014626,0.788240381528242,1.23996649989985
"225",4217,"Ã…mli",0,29.0826517866753,0,"Åmli",2.6,225,225,0.0235314471960139,0.000461235880907812,0.111668104420846
"226",4218,"Iveland",0,18.1031909353152,0,"Iveland",2.7,226,226,0.0354782341310193,0.00057655715681822,0.174726000091758
"227",4219,"Evje og Hornnes",63,56.786691255801,1.10941487533074,"Evje og Hornnes",2.975,227,227,1.11222353219086,0.85416567820329,1.400720337308
"228",4220,"Bygland",0,18.4806049428721,0,"Bygland",2.425,228,228,0.0325210839633242,0.000462212043447151,0.16426452577599
"229",4221,"Valle",0,19.0095415350956,0,"Valle",2.15,229,229,0.0295191771110299,0.00036540525278554,0.152899924436087
"230",4222,"Bykle",0,13.037647813691,0,"Bykle",2.1,230,230,0.0390168101982096,0.000370949919686811,0.21182277956514
"231",4223,"Vennesla",221,207.080692111059,1.06721683101907,"Vennesla",3.625,231,231,1.06862183541637,0.932089628741856,1.21351005713291
"232",4224,"Ã…seral",0,14.0168772769898,0,"Åseral",2.375,232,232,0.0399499633376314,0.000470543872338597,0.208787477759516
"233",4225,"Lyngdal",161,149.935112223158,1.07379784236513,"Lyngdal",3.375,233,233,1.07541174080832,0.915320422714499,1.24694396927809
"234",4226,"HÃ¦gebostad",0,25.8604589071905,0,"Hægebostad",2.625,234,234,0.0260589725143416,0.000488437298277093,0.12478203844304
"235",4227,"Kvinesdal",96,93.9741535563936,1.02155748540359,"Kvinesdal",3.225,235,235,1.023888677518,0.828923264707961,1.23713110514348
"236",4228,"Sirdal",0,28.5047611076894,0,"Sirdal",2.675,236,236,0.0243453560526851,0.000489419684974765,0.114942562192897
"237",4601,"Bergen",4597,4087.75772425827,1.1245774114057,"Bergen",4.5,237,237,1.12470622135735,1.09238719062471,1.15745700596157
"238",4602,"Kinn",341,258.706044509409,1.31809830978881,"Kinn",2.9,238,238,1.31861481802894,1.18203213997599,1.46185708798812
"239",4611,"Etne",69,67.1376483557824,1.02773930409877,"Etne",2.4,239,239,1.02875726084056,0.799838475585291,1.28344680013504
"240",4612,"Sveio",96,81.1611787466942,1.18283151480116,"Sveio",3.175,240,240,1.18514359197141,0.959438408291325,1.43200824085378
"241",4613,"BÃ¸mlo",236,173.599322859862,1.35945230725647,"Bømlo",3.325,241,241,1.36060644941167,1.19214853903238,1.53900115110213
"242",4614,"Stord",384,273.095205403073,1.40610304539488,"Stord",3.775,242,242,1.40713796147641,1.26963338021067,1.55100414457809
"243",4615,"Fitjar",66,45.6737375116805,1.4450317314873,"Fitjar",3.1,243,243,1.448127842759,1.11925861488656,1.81487197806115
"244",4616,"Tysnes",0,49.3436200578943,0,"Tysnes",2.8,244,244,0.0158629457566138,0.000426470244206339,0.0704376389279308
"245",4617,"Kvinnherad",315,215.327443341257,1.46288831145772,"Kvinnherad",2.7,245,245,1.46326200861349,1.30571106386186,1.62877028622288
"246",4618,"Ullensvang",290,193.283683258914,1.50038531504767,"Ullensvang",2.65,246,246,1.50072913101122,1.3325135237188,1.67777826630254
"247",4619,"Eidfjord",0,15.1626636669134,0,"Eidfjord",1.8,247,247,0.031688779448085,0.000273920637578098,0.174816747298868
"248",4620,"Ulvik",0,19.3988844380606,0,"Ulvik",1.875,248,248,0.0268524441982,0.00028565655894416,0.142825520516822
"249",4621,"Voss",301,258.270194803718,1.16544613376219,"Voss",2.45,249,249,1.16571660978963,1.03739580460753,1.30065044410724
"250",4622,"Kvam",157,142.186181949701,1.10418605976451,"Kvam",2.3,250,250,1.10449718875425,0.937997402305562,1.28304449414054
"251",4623,"Samnanger",0,39.4672724678916,0,"Samnanger",2.275,251,251,0.0169769573201459,0.000330612026574121,0.0806535069372793
"252",4624,"BjÃ¸rnafjorden",394,354.034143250976,1.11288701248425,"Bjørnafjorden",3.1,252,252,1.11344576813099,1.00599420544552,1.22581235324243
"253",4625,"Austevoll",93,77.1409036731624,1.20558608431696,"Austevoll",3.325,253,253,1.20832507462298,0.974760040582388,1.46414038885203
"254",4626,"Ã˜ygarden",603,515.179066780168,1.17046681218767,"Øygarden",3.75,254,254,1.17107731627136,1.07926912721889,1.26620262803596
"255",4627,"AskÃ¸y",456,398.650789201509,1.14385826480705,"Askøy",4.175,255,255,1.1448345624874,1.04194777098244,1.25205089278007
"256",4628,"Vaksdal",89,68.5334854442664,1.29863524995205,"Vaksdal",2.225,256,256,1.29866588468669,1.04215970374198,1.58027738025416
"257",4629,"Modalen",0,5.91936675061625,0,"Modalen",1.85,257,257,0.0644499497641245,0.000289056403518792,0.394609528750113
"258",4630,"OsterÃ¸y",137,123.917129783069,1.10557757623853,"Osterøy",2.55,258,258,1.10628725468863,0.928332160390634,1.29814315829187
"259",4631,"Alver",543,422.694827721155,1.28461472530297,"Alver",2.925,259,259,1.28496932082308,1.17891099825475,1.39507390982448
"260",4632,"Austrheim",0,46.8901657664622,0,"Austrheim",3.075,260,260,0.0175198962636401,0.000512803594530035,0.0764073063258243
"261",4633,"Fedje",0,10.4253008097773,0,"Fedje",2.9,261,261,0.0582669876626968,0.000779033426461747,0.297685159610032
"262",4634,"Masfjorden",0,30.1422492368468,0,"Masfjorden",2.15,262,262,0.0204680550176672,0.000327422848673197,0.10107516241522
"263",4635,"Gulen",0,38.1059524220921,0,"Gulen",2.4,263,263,0.0179950085624463,0.000365251699657334,0.0847813772200408
"264",4636,"Solund",0,13.8298093209126,0,"Solund",2.6,264,264,0.0429400181557239,0.000571023628984971,0.21958635260025
"265",4637,"Hyllestad",0,24.2008472335487,0,"Hyllestad",2.125,265,265,0.0242276812810782,0.000339577692759546,0.122669955351272
"266",4638,"HÃ¸yanger",88,70.9440509201188,1.24041408488339,"Høyanger",2.15,266,266,1.2403521496623,0.994052282464487,1.51091784312763
"267",4639,"Vik",0,47.2167172395291,0,"Vik",1.925,267,267,0.0134790384997656,0.00024218895546221,0.0650588977747258
"268",4640,"Sogndal",181,176.638875990837,1.02468949139706,"Sogndal",2.125,268,268,1.02483397983939,0.880557939274795,1.17886334279172
"269",4641,"Aurland",0,28.5386802725417,0,"Aurland",1.775,269,269,0.0193253278941189,0.000244457736372526,0.0996842082076917
"270",4642,"LÃ¦rdal",0,34.6958880075328,0,"Lærdal",1.8,270,270,0.0166882489319601,0.000239163345486521,0.084126150267631
"271",4643,"Ã…rdal",95,90.8504522876541,1.04567448601365,"Årdal",2.1,271,271,1.04582053229466,0.845522037355069,1.26501024826542
"272",4644,"Luster",87,85.3151369228281,1.01974870038239,"Luster",1.75,272,272,1.01920706351628,0.815698873859863,1.24290688241376
"273",4645,"Askvoll",0,54.9754894368425,0,"Askvoll",2.375,273,273,0.0132326652342128,0.000313093317695894,0.0603860130007149
"274",4646,"Fjaler",0,46.555424367354,0,"Fjaler",2.375,274,274,0.0151784790598166,0.000333873144376904,0.0703348413394708
"275",4647,"Sunnfjord",287,317.002648013927,0.905355213270618,"Sunnfjord",2.55,275,275,0.905752991213926,0.803725132952696,1.01316978875137
"276",4648,"Bremanger",0,67.1553573893604,0,"Bremanger",2.3,276,276,0.0110278041520821,0.000275284830078406,0.0497504200900936
"277",4649,"Stad",174,154.011899006094,1.12978283576073,"Stad",2.175,277,277,1.12990730784057,0.967782061072086,1.30320474487745
"278",4650,"Gloppen",114,96.4587646039662,1.18185216727638,"Gloppen",1.875,278,278,1.18138664192116,0.973825382152718,1.40681829023986
"279",4651,"Stryn",128,112.155395106762,1.14127367549422,"Stryn",1.8,279,279,1.14080779619594,0.951187343975535,1.34583948888634
"280",5001,"Trondheim",2821,2830.84970922033,0.996520582075321,"Trondheim",4.825,280,280,0.996725619365965,0.960239772356684,1.03383687394558
"281",5006,"Steinkjer",400,398.67169566007,1.00333182504399,"Steinkjer",2.675,281,281,1.00367672218259,0.907521225813839,1.10419449401004
"282",5007,"Namsos",312,239.08149288026,1.30499436088205,"Namsos",2.375,282,282,1.30515901513699,1.16396759822736,1.45351037984599
"283",5014,"FrÃ¸ya",93,76.4075371600729,1.21715740955197,"Frøya",2.05,283,283,1.2169044078896,0.981452617115261,1.47481184631328
"284",5020,"Osen",0,17.8601613479231,0,"Osen",1.825,284,284,0.0281863464750624,0.000275802355336738,0.152139515303535
"285",5021,"Oppdal",126,112.591382073737,1.11909097907229,"Oppdal",1.975,285,285,1.11893181072868,0.931556018813953,1.32165521662763
"286",5022,"Rennebu",0,42.9109270518119,0,"Rennebu",1.725,286,286,0.0138229920992524,0.000213587780056844,0.0686935162985129
"287",5025,"RÃ¸ros",100,94.0240184660011,1.06355803156998,"Røros",2.375,287,287,1.06419990276826,0.865299075842671,1.28137394446584
"288",5026,"HoltÃ¥len",0,36.0171588209062,0,"Holtålen",1.7,288,288,0.0157684622048773,0.000218408189253542,0.0799897649570889
"289",5027,"Midtre Gauldal",100,100.360164882311,0.996411276498662,"Midtre Gauldal",1.825,289,289,0.996127659217804,0.809886695375775,1.19948756569569
"290",5028,"Melhus",286,249.986436280925,1.14406207094614,"Melhus",2.35,290,290,1.14427830442245,1.01514874112212,1.28024215886993
"291",5029,"Skaun",130,115.221364072939,1.12826298357052,"Skaun",2.3,291,291,1.12860568884996,0.942458417025285,1.32975899101892
"292",5031,"Malvik",192,192.501685777777,0.997393862938136,"Malvik",2.65,292,292,0.998041220372721,0.861513630491236,1.14353813528052
"293",5032,"Selbu",76,69.0706212461917,1.10032309871819,"Selbu",1.875,293,293,1.0998007021224,0.86579369349662,1.35886300646514
"294",5033,"Tydal",0,15.6317319738936,0,"Tydal",1.625,294,294,0.0292745339665686,0.000229664430306038,0.164147783731582
"295",5034,"MerÃ¥ker",0,40.707794291869,0,"Meråker",1.975,295,295,0.0153792659112586,0.000262891423487902,0.0749655406110865
"296",5035,"StjÃ¸rdal",337,361.035769632194,0.933425517209332,"Stjørdal",2.975,296,296,0.933979471360383,0.836688308762148,1.03603997284499
"297",5036,"Frosta",0,43.3285387562053,0,"Frosta",2,297,297,0.0147177176528048,0.000262838911122461,0.0711275165378315
"298",5037,"Levanger",286,304.709345153964,0.938599371986737,"Levanger",3,298,298,0.939260251545422,0.833289630945108,1.05083816445973
"299",5038,"Verdal",220,227.578734659696,0.966698405846096,"Verdal",2.675,299,299,0.967292823604462,0.843402900258515,1.0987866580217
"300",5041,"SnÃ¥sa",0,36.7439556750632,0,"Snåase Snåsa",1.775,300,300,0.0158392359292243,0.000231082524146469,0.0795774005396689
"301",5042,"Lierne",0,23.654474237585,0,"Lierne",1.5,301,301,0.0205848945145659,0.000196259623219051,0.111520711580625
"302",5043,"RÃ¸yrvik",0,8.72037973300167,0,"Raarvihke Røyrvik",1.575,302,302,0.0440622551531398,0.000216399825753964,0.266175942171059
"303",5044,"Namsskogan",0,16.3613781761076,0,"Namsskogan",1.625,303,303,0.0282855586671357,0.000228944673868931,0.157758021142402
"304",5045,"Grong",0,41.7315757197715,0,"Grong",1.775,304,304,0.0143175072881986,0.000223718421814825,0.0710019377476261
"305",5046,"HÃ¸ylandet",0,21.9228175959745,0,"Høylandet",1.75,305,305,0.0235412577510451,0.000250225880387977,0.125223266962532
"306",5047,"Overhalla",82,59.3954620886381,1.38057685076392,"Overhalla",1.975,306,306,1.37968928042181,1.09642517162883,1.69205793662592
"307",5049,"Flatanger",0,19.0979154167413,0,"Flatanger",1.8,307,307,0.0265723576041517,0.000267132419646433,0.142722416892259
"308",5052,"Leka",0,10.5507363156085,0,"Leka",1.8,308,308,0.0415732087859412,0.000278717639831437,0.239392071057201
"309",5053,"InderÃ¸y",106,106.047053203145,0.999556298815256,"Inderøy",2.125,309,309,0.999794528954869,0.817997941861382,1.19781131435105
"310",5054,"Indre Fosen",203,165.599341314066,1.22585028653587,"Indre Fosen",2.05,310,310,1.22576276152533,1.06249495186419,1.39947375132983
"311",5055,"Heim",107,101.950974797751,1.04952405028265,"Heim",2.375,311,311,1.05014023469031,0.860063976682815,1.25709311714281
"312",5056,"Hitra",110,80.414375146777,1.36791462719472,"Hitra",2.025,312,312,1.36740909202125,1.12303722955294,1.63318554868821
"313",5057,"Ã˜rland",194,167.877806468208,1.15560242346113,"Ørland",2.125,313,313,1.15564786849594,0.998310767503871,1.32327287631208
"314",5058,"Ã…fjord",96,75.5521754209901,1.27064508023854,"Åfjord",1.825,314,314,1.26976997185265,1.02769494888515,1.53456684405095
"315",5059,"Orkland",351,289.077659692267,1.21420659200594,"Orkland",2.675,315,315,1.21457394507024,1.0905277272745,1.34459165104154
"316",5060,"NÃ¦rÃ¸ysund",195,150.631651160955,1.29454864563382,"Nærøysund",2.25,316,316,1.29463245511942,1.11881072672035,1.48192051020737
"317",5061,"Rindal",0,34.7875720408822,0,"Rindal",1.8,317,317,0.0166538142108927,0.000239029596943245,0.0839287535711711
"318",5401,"TromsÃ¸",1073,1030.22655650576,1.04151848272997,"Tromsø",3.475,318,318,1.04180596367641,0.980293786327122,1.10501415254209
"319",5402,"Harstad",437,379.956724123552,1.15013098138487,"Harstad Hárstták",2.725,319,319,1.15046346344025,1.04488104437619,1.26059982844682
"320",5403,"Alta",300,281.031888574694,1.06749451644618,"Alta",2.075,320,320,1.06754679080659,0.949833615651152,1.19133494866036
"321",5404,"VardÃ¸",0,31.5266920926759,0,"Vardø",2.05,321,321,0.0192095026177334,0.000297679181792385,0.0954361022289867
"322",5405,"VadsÃ¸",115,89.6389142818402,1.28292495420482,"Vadsø",1.975,322,322,1.28247039058636,1.05808741717492,1.5260877418056
"323",5406,"Hammerfest",240,166.038778014157,1.44544547286139,"Hammerfest",1.925,323,323,1.44507398786063,1.26752325786409,1.63300399033135
"324",5411,"KvÃ¦fjord",0,45.4673078658102,0,"Kvæfjord",1.775,324,324,0.0133616396238252,0.000218063012234735,0.0657104206215189
"325",5412,"Tjeldsund",0,75.4692825382924,0,"Tjeldsund",1.65,325,325,0.0086181741903983,0.000170168392476602,0.0408099766763191
"326",5413,"Ibestad",0,27.46616603581,0,"Ibestad",1.525,326,326,0.0185062946723148,0.000197027150088096,0.0984008967337355
"327",5414,"Gratangen",0,20.4781201605243,0,"Gratangen",1.425,327,327,0.0223826697284546,0.000184207096444403,0.124414522492354
"328",5415,"Lavangen",0,19.0105454893933,0,"Loabák Lavangen",1.4,328,328,0.0234619069898627,0.000180287913680578,0.131945031302358
"329",5416,"Bardu",59,62.8366705768735,0.938942172752775,"Bardu",1.975,329,329,0.939014814380889,0.714229739813951,1.19130301051733
"330",5417,"Salangen",0,35.7527287181454,0,"Salangen",1.625,330,330,0.0155176390855726,0.000204832743807381,0.0794161337808899
"331",5418,"MÃ¥lselv",120,106.384146498021,1.1279876179881,"Målselv",1.75,331,331,1.12741727834146,0.934125043288064,1.33693345088034
"332",5419,"SÃ¸rreisa",61,54.4967076802124,1.11933367347527,"Sørreisa",1.75,332,332,1.11818243127308,0.854475010268776,1.41357508153456
"333",5420,"DyrÃ¸y",0,19.2836261397714,0,"Dyrøy",1.475,333,333,0.0237943331318323,0.000194346900546945,0.132451951086748
"334",5421,"Senja",299,235.89050794236,1.26753722567362,"Senja",2.1,334,334,1.26750824826829,1.12751442662608,1.41473843023265
"335",5422,"Balsfjord",138,96.082604220699,1.4362641512403,"Balsfjord",1.475,335,335,1.43474096317937,1.20458625554264,1.68280959746981
"336",5423,"KarlsÃ¸y",0,40.2376191240218,0,"Karlsøy",1.5,336,336,0.0136589517131693,0.000179665257686623,0.0699416072071123
"337",5424,"Lyngen",0,51.1324884886626,0,"Lyngen",1.425,337,337,0.01108896671267,0.000160077511978122,0.0558044242064963
"338",5425,"Storfjord",0,28.3890589297377,0,"Storfjord Omasvuotna Omasvuono",1.4,338,338,0.0173533349193528,0.000174130555442087,0.0932044468135132
"339",5426,"KÃ¥fjord",0,37.8820041061643,0,"Gáivuotna Kåfjord Kaivuono",1.35,339,339,0.0137049904867398,0.000159396651215632,0.0717439829829166
"340",5427,"SkjervÃ¸y",0,48.3740422671756,0,"Skjervøy",1.975,340,340,0.0133626323084315,0.000248218436568456,0.0640756477621871
"341",5428,"Nordreisa",0,75.6405650149047,0,"Nordreisa Ráisa Raisi",1.5,341,341,0.00828394889605023,0.00015227378831677,0.0397870285753685
"342",5429,"KvÃ¦nangen",0,22.4844811625417,0,"Kvænangen",1.325,342,342,0.0201859666352852,0.000165195769638688,0.112277167257447
"343",5430,"Kautokeino",0,41.3504285342369,0,"Guovdageaidnu Kautokeino",1.6,343,343,0.0137396639018892,0.000193870867469684,0.0694537390614867
"344",5432,"Loppa",0,17.6653837419908,0,"Loppa",1.475,344,344,0.0253807415304459,0.000194732843128763,0.142798722994081
"345",5433,"Hasvik",0,16.2078501793752,0,"Hasvik",1.5,345,345,0.0272819694202281,0.000200449261688938,0.154631313104801
"346",5434,"MÃ¥sÃ¸y",0,22.334142459882,0,"Måsøy",1.65,346,346,0.0224809313002288,0.000226335419741737,0.120695068898361
"347",5435,"Nordkapp",0,48.9386899755365,0,"Nordkapp",1.8,347,347,0.0126698777400446,0.000217160013704681,0.0617190572766313
"348",5436,"Porsanger",0,60.7261841368895,0,"Porsanger Porsá?gu Porsanki",1.55,348,348,0.010000114351614,0.000168725343343595,0.0488497282559382
"349",5437,"Karasjok",0,39.3703625926687,0,"Kárášjohka Karasjok",1.75,349,349,0.0148732421945268,0.000221577691289852,0.0744309614745645
"350",5438,"Lebesby",0,21.3379504483367,0,"Lebesby",1.625,350,350,0.023099809822902,0.000222309826221101,0.124978364581673
"351",5439,"Gamvik",0,17.73781449481,0,"Gamvik",1.625,351,351,0.0265702405249869,0.000226298341073137,0.146889692841323
"352",5440,"BerlevÃ¥g",0,16.2882985420817,0,"Berlevåg",1.725,352,352,0.0292536099489509,0.000251386704512954,0.161514436009047
"353",5441,"Tana",0,46.1799360358154,0,"Deatnu Tana",1.6,353,353,0.0125929355634637,0.000188766910779036,0.062936321900524
"354",5442,"Nesseby",0,16.584492534084,0,"Unjárga Nesseby",1.575,354,354,0.0274957532093325,0.000216209690363794,0.154091225712439
"355",5443,"BÃ¥tsfjord",0,31.2285206229508,0,"Båtsfjord",1.9,355,355,0.0186008297366949,0.000264635626470797,0.0939053972125703
"356",5444,"SÃ¸r-Varanger",206,149.618229986334,1.37683756864932,"Sør-Varanger",2.425,356,356,1.37706527703556,1.19495981718202,1.57073537424276
