"","kommunenummer","new_cases","Expected","RelativeRisk","PhyRate","PctPoverty","PctAct","PctOld","PctPrimary","PctUrban","PctImmigrants","SpecRate","PctSmoke","PctCramped","ColonRate","GPRate","PhyRate2","PhyRate3"
"1","301","1898","2673.8733178423","0.7098316839975","0.0014476912037114","0.142","0.28","0.11883583932714","0.21","0.99207149174774","0.183","0.048738705742227","0","0.21","0.006778717624089","0.00088363399696277","0.0012509120482657","125.09120482657"
"2","1101","59","64.014462923695","0.92166671882145","0.0046238208095172","0.067","0.22","0.14589432594451","0.33","0.7955527673219","0.034","0.014819964378195","0.085","0.06","0.0065369515602728","0.00078999953529439","0.00017873775219762","17.873775219762"
"3","1103","547","594.1038353957","0.92071447348202","0.0012342711791421","0.109","0.21","0.12045034624686","0.23","0.94313590001652","0.079","0.014819964378195","0.062","0.1","0.0065369515602728","0.00082117839099107","0.00044280257202727","44.280257202727"
"4","1106","144","154.47627854143","0.93218195932507","0.001742780939176","0.094","0.23","0.1449781911667","0.24","0.96568358415899","0.043","0.015521236377343","0.08","0.07","0.0075998625261921","0.00093397652541475","0.00033444568860704","33.444568860704"
"5","1108","259","300.80015057502","0.86103680302316","0.0018394624022786","0.082","0.22","0.11253356277165","0.27","0.91401996706769","0.066","0.014819964378195","0.078","0.08","0.0065369515602728","0.0010235718206227","0.00033412283325384","33.412283325384"
"6","1111","12","14.569024219006","0.82366532031329","0.017457886676876","0.064","0.45","0.18254211332312","0.35","0.67748851454824","0.012","0.014819964378195","0.129","0.08","0.0065369515602728","0.00061255742725881","0.00015358872173765","15.358872173765"
"7","1112","8","14.216511841272","0.56272594074553","0.018204645323289","0.05","0.42","0.15285624607658","0.32","0.59353421217828","0.02","0.014819964378195","0.081","0.07","0.0065369515602728","0.00094161958568738","0.00015628326071551","15.628326071551"
"8","1114","15","11.829244473074","1.2680437904672","0.021501320256507","0.051","0.23","0.13353451527725","0.32","0.34251225952471","0.012","0.014819964378195","0.05","0.06","0.0065369515602728","0.000754432289702","0.00015358872173765","15.358872173765"
"9","1119","62","75.062825547358","0.82597476910702","0.0043593706653985","0.063","0.29","0.11740577814766","0.33","0.74895969563667","0.036","0.014819964378195","0.098","0.06","0.0065369515602728","0.0010898426663496","0.0001975995250426","19.75995250426"
"10","1120","69","77.628580195422","0.88884789373062","0.0042344465520875","0.069","0.27","0.10668506064264","0.32","0.78933149393574","0.029","0.014819964378195","0.109","0.07","0.0065369515602728","0.0010729819317507","0.00019849770470188","19.849770470188"
"11","1121","65","73.402893844611","0.88552367073702","0.0043161094224924","0.068","0.23","0.11811550151976","0.26","0.8609726443769","0.029","0.014819964378195","0.088","0.07","0.0065369515602728","0.0009726443768997","0.0001913122674276","19.13122674276"
"12","1122","44","46.888608420618","0.93839423864522","0.006154041365309","0.059","0.29","0.085744194899125","0.32","0.88351732013704","0.022","0.014819964378195","0.094","0.07","0.0065369515602728","0.00091993401852557","0.0001742468539012","17.42468539012"
"13","1124","66","104.19194962138","0.63344625222809","0.0032476802284083","0.094","0.21","0.10882226980728","0.25","0.86997858672377","0.048","0.014819964378195","0.059","0.07","0.0065369515602728","0.00089221984296931","0.00020433587248723","20.433587248723"
"14","1127","44","44.894013068123","0.98008614051128","0.0064937216313819","0.084","0.25","0.1189742570321","0.25","0.86124639697843","0.024","0.014819964378195","0.073","0.07","0.0065369515602728","0.0010270682172084","0.00017604321321977","17.604321321977"
"15","1130","58","50.775168939686","1.142290635584","0.0058733925066643","0.075","0.28","0.13568854908164","0.35","0.79286404780736","0.028","0.014819964378195","0.105","0.07","0.0065369515602728","0.001039927351554","0.00018008502168655","18.008502168655"
"16","1133","14","12.556580138525","1.1149532631936","0.020255863539446","0.081","0.23","0.1634683724236","0.29","0.21286425017768","0.042","0.014819964378195","0.099","0.08","0.0065369515602728","0.00071073205401564","0.00015358872173765","15.358872173765"
"17","1134","20","17.179400687037","1.1641849657242","0.008961038961039","0.072","0.28","0.18415584415584","0.28","0.29896103896104","0.01","0.015521236377343","0.1","0","0.0075998625261921","0.0016883116883117","0.0001912438053637","19.12438053637"
"18","1135","30","20.985641930165","1.4295488362869","0.0072294280246651","0.06","0.25","0.20157346374655","0.31","0.89772485647459","0.011","0.015521236377343","0.1","0.05","0.0075998625261921","0.0012757814161174","0.0001884721560106","18.84721560106"
"19","1144","0","2.3560320942222","0","0.10606060606061","0.056","0","0.22727272727273","0.36","0.77083333333333","0","0.014819964378195","0","0","0.0065369515602728","0.0018939393939394","0.0001508941827598","15.08941827598"
"20","1145","2","3.7348463311817","0.53549726619333","0.034647550776583","0.078","0.41","0.1816009557945","0.34","0","0","0.015521236377343","0.091","0","0.0075998625261921","0.001194743130227","0.00016075566247963","16.075566247963"
"21","1146","60","45.474096727686","1.3194324751363","0.0036470087986132","0.056","0.28","0.12903542341281","0.29","0.54283191050927","0.02","0.015521236377343","0.06","0.06","0.0075998625261921","0.00089948647499428","0.00020602593524688","20.602593524688"
"22","1149","192","178.7683973311","1.0740153341778","0.001364517551523","0.076","0.32","0.13970496468063","0.32","0.83236402665801","0.026","0.015521236377343","0.109","0.05","0.0075998625261921","0.00066561831781611","0.00030303366260528","30.303366260528"
"23","1151","0","0.9638313112727","0","0.13425925925926","0.056","0","0.18055555555556","0.34","0","0.046","0.015521236377343","0","0","0.0075998625261921","0.0046296296296296","0.00016075566247963","16.075566247963"
"24","1160","44","37.02718620806","1.1883160592533","0.0046798425323371","0.076","0.31","0.1648590021692","0.31","0.3645456736563","0.013","0.015521236377343","0.076","0.08","0.0075998625261921","0.0013055354703945","0.00021526476642387","21.526476642387"
"25","1505","148","105.17362966064","1.4071968465627","0.0028779521991232","0.083","0.23","0.15816716164616","0.3","0.8845990666101","0.038","0.016137621637323","0.118","0.09","0.012393693417464","0.0011808796492717","0.00027366716693294","27.366716693294"
"26","1506","166","134.06625808884","1.2381937287308","0.0024962556165751","0.071","0.21","0.16641704110501","0.26","0.79737061075054","0.026","0.016137621637323","0.065","0.08","0.012393693417464","0.0011649192877351","0.00030258040569981","30.258040569981"
"27","1507","294","267.98972635378","1.0970569805049","0.0016650571114589","0.078","0.27","0.15175330513837","0.27","0.85102734023777","0.03","0.016137621637323","0.083","0.09","0.012393693417464","0.00099903426687535","0.00040344054093308","40.344054093308"
"28","1511","18","15.247275882495","1.1805387492638","0.012925568237245","0.078","0.36","0.21451565700907","0.34","0.22505121451566","0.01","0.016137621637323","0.139","0.07","0.012393693417464","0.0012193932299288","0.00017818623891211","17.818623891211"
"29","1514","10","11.713227741161","0.85373564153108","0.01631746031746","0.072","0.35","0.2","0.39","0.21028571428571","0.01","0.016137621637323","0.103","0.06","0.012393693417464","0.0010793650793651","0.00017280703169967","17.280703169967"
"30","1515","44","38.075798977268","1.1555896706532","0.0019141372709872","0.084","0.23","0.1659439821868","0.35","0.63893120825032","0.026","0.0094133151342574","0.123","0.05","0.014072906125715","0.00097660064846283","0.00019218851732442","19.218851732442"
"31","1516","42","34.586372655901","1.2143511092608","0.0064292779426311","0.076","0.16","0.13262804799381","0.25","0.7648045413495","0.039","0.016137621637323","0.039","0.06","0.012393693417464","0.0012686535070744","0.00020104786956498","20.104786956498"
"32","1517","25","22.007481607393","1.1359773210762","0.0092254663422547","0.086","0.24","0.15450121654501","0.3","0.85746147607461","0.055","0.016137621637323","0.063","0.05","0.012393693417464","0.0011151662611517","0.00018356544612455","18.356544612455"
"33","1520","47","46.286213851073","1.0154211392451","0.0051415533918185","0.065","0.27","0.17651595488287","0.31","0.68466210353803","0.024","0.016137621637323","0.11","0.06","0.012393693417464","0.0012853883479546","0.00021516828849764","21.516828849764"
"34","1525","21","20.414482634596","1.0286814697137","0.0097632058287796","0.058","0.2","0.20196721311475","0.33","0.66950819672131","0.019","0.016137621637323","0.086","0.07","0.012393693417464","0.0010200364298725","0.00018020344161677","18.020344161677"
"35","1528","44","34.189238458201","1.2869546671475","0.0059601496563125","0.059","0.27","0.15635604280867","0.34","0.73218480814409","0.032","0.016137621637323","0.109","0.08","0.012393693417464","0.00073958061428696","0.00018423784702611","18.423784702611"
"36","1531","44","36.12582544474","1.2179652494669","0.0058465085638999","0.055","0.24","0.14982707509881","0.32","0.90822628458498","0.02","0.016137621637323","0.082","0.07","0.012393693417464","0.00090579710144928","0.00019096185604166","19.096185604166"
"37","1532","25","31.900139093929","0.78369564240421","0.0066909124819322","0.074","0.24","0.14603441040705","0.3","0.74416002238075","0.019","0.016137621637323","0.108","0.05","0.012393693417464","0.0010957243437311","0.00019297905874632","19.297905874632"
"38","1535","38","29.0220317061","1.3093500959829","0.0072263222632226","0.07","0.26","0.16989544895449","0.35","0.58979089790898","0.014","0.016137621637323","0.093","0.07","0.012393693417464","0.0010762607626076","0.00018961705423855","18.961705423855"
"39","1539","37","33.020146775083","1.1205280295095","0.0064414414414414","0.064","0.24","0.19797297297297","0.33","0.61081081081081","0.013","0.016137621637323","0.08","0.04","0.012393693417464","0.001036036036036","0.00019230665784477","19.230665784477"
"40","1547","14","14.49762930706","0.96567512546221","0.012927054478301","0.078","0.32","0.17574638350262","0.37","0.35826408125577","0.024","0.016137621637323","0.089","0.07","0.012393693417464","0.00061557402277624","0.00016944502719189","16.944502719189"
"41","1554","27","24.631244621414","1.0961687245202","0.0081219806763285","0.067","0.29","0.1731884057971","0.35","0.18641304347826","0.013","0.016137621637323","0.164","0.06","0.012393693417464","0.0008756038647343","0.00018087584251833","18.087584251833"
"42","1557","9","11.521353915306","0.78115819253182","0.016137361218694","0.056","0.21","0.17893106119287","0.31","0.2141750580945","0.02","0.016137621637323","0.069","0","0.012393693417464","0.00064549444874774","0.00016810022538878","16.810022538878"
"43","1560","18","13.67658781968","1.3161177508105","0.014029363784666","0.07","0.17","0.21794453507341","0.28","0.3373572593801","0.025","0.016137621637323","0.13","0.07","0.012393693417464","0.00097879282218597","0.00017347943260122","17.347943260122"
"44","1563","38","32.426676569531","1.1718746421181","0.0062611806797853","0.075","0.22","0.18756020366038","0.29","0.69960093573689","0.042","0.016137621637323","0.097","0.08","0.012393693417464","0.00075684601623779","0.00018356544612455","18.356544612455"
"45","1566","34","26.545520697969","1.280818725948","0.0074802487813078","0.059","0.2","0.19398218187931","0.35","0.42847537401244","0.009","0.016137621637323","0.063","0.04","0.012393693417464","0.00075642965204236","0.00017953104071522","17.953104071522"
"46","1573","12","9.5356829268045","1.258431104737","0.01965372016846","0.088","0.48","0.22835751052878","0.42","0","0","0.016137621637323","0.207","0.08","0.012393693417464","0.00093589143659336","0.00016944502719189","16.944502719189"
"47","1576","26","15.720267174138","1.6539159107152","0.012347431166619","0.077","0.37","0.2100482543287","0.35","0.18790803292648","0.013","0.016137621637323","0.063","0","0.012393693417464","0.00099347147317627","0.00017549663530589","17.549663530589"
"48","1577","43","44.006038850794","0.97713861831089","0.0034475765564794","0.077","0.18","0.17004664368282","0.23","0.63638207260191","0.029","0.018506523549551","0.065","0.1","0.010405713468543","0.0012167917258163","0.00028600990940216","28.600990940216"
"49","1578","14","12.418252496629","1.127372792895","0.015810276679842","0.059","0.23","0.19511318720805","0.33","0.37297879985627","0.014","0.016137621637323","0.134","0.09","0.012393693417464","0.0014372978799856","0.00017751383801055","17.751383801055"
"50","1579","56","56.946366641029","0.98338143946927","0.0040745964582354","0.072","0.31","0.15185707569346","0.39","0.47751136185551","0.015","0.016137621637323","0.118","0.07","0.012393693417464","0.00094029149036201","0.0002097890812852","20.97890812852"
"51","1804","249","213.50202199289","1.1662653012639","0.0016859294556956","0.066","0.21","0.13087549898635","0.24","0.90592931636257","0.032","0.026656327242766","0.073","0.12","0.011203735116884","0.00099623104200194","0.00065159911037874","65.159911037874"
"52","1806","108","97.476365716445","1.107960880632","0","0.069","0.25","0","0.29","0","0.033","0.037338402304313","0.077","0.11","0.0095867560202112","0","0.00049461260195323","49.461260195323"
"53","1811","8","7.1037937386396","1.1261588236277","0.0073283082077052","0.063","0.22","0.23743718592965","0.42","0.35552763819096","0","0.0094133151342574","0","0.06","0.014072906125715","0.0023031825795645","0.00013727751237459","13.727751237459"
"54","1812","11","9.0359185431816","1.2173637851462","0.0051851851851852","0.06","0.36","0.1920987654321","0.4","0.41827160493827","0","0.0094133151342574","0.086","0.06","0.014072906125715","0.0012345679012346","0.00012354976113713","12.354976113713"
"55","1813","25","34.443582832009","0.72582460779216","0.0022671330483223","0.061","0.26","0.15792201062314","0.34","0.63777691410805","0.025","0.0094133151342574","0.13","0.09","0.014072906125715","0.0012307293690893","0.00020591626856188","20.591626856188"
"56","1815","7","5.6669711357238","1.2352277490656","0.008005249343832","0.065","0.33","0.21181102362205","0.48","0.22283464566929","0","0.0094133151342574","0.112","0","0.014072906125715","0.0017060367454068","0.00011962754649785","11.962754649785"
"57","1816","5","2.3203346382491","2.1548615952107","0.017307692307692","0.037","0","0.20192307692308","0.4","0","0","0.0094133151342574","0","0","0.014072906125715","0.0019230769230769","0.0001058997952604","10.58997952604"
"58","1818","12","7.3581381124476","1.6308473443438","0.023541549427875","0.1","0.35","0.21043056397817","0.51","0.40084899939357","0.011","0.016137621637323","0.145","0.06","0.012393693417464","0.0010317013693491","0.00016877262629034","16.877262629034"
"59","1820","37","32.556079847434","1.1365004685267","0.0022615131578947","0.068","0.27","0.16036184210526","0.32","0.82017543859649","0.034","0.0094133151342574","0.111","0.06","0.014072906125715","0.0011650219298246","0.00019414962464406","19.414962464406"
"60","1822","14","9.638313112727","1.4525363345494","0.0048611111111111","0.09","0.3","0.17731481481482","0.41","0.28564814814815","0.036","0.0094133151342574","0.135","0.09","0.014072906125715","0.0011574074074074","0.00012354976113713","12.354976113713"
"61","1824","61","59.378255829194","1.0273120883758","0.0015781167806418","0.055","0.23","0.18215976553693","0.32","0.72375441496957","0.025","0.0094133151342574","0.119","0.07","0.014072906125715","0.00097692943563538","0.00024709952227426","24.709952227426"
"62","1825","12","6.6352646289931","1.8085186757383","0.0067249495628783","0.05","0","0.22125084061869","0.43","0.52925353059852","0","0.0094133151342574","0.148","0.07","0.014072906125715","0.0013449899125757","0.00011766643917822","11.766643917822"
"63","1826","12","6.5281722610739","1.8381867879856","0.006721348826612","0.059","0","0.22488038277512","0.47","0.43472317156528","0","0.0094133151342574","0.15","0.13","0.014072906125715","0.0012531328320802","0.00011570533185858","11.570533185858"
"64","1827","17","6.4657017131211","2.6292583163095","0.0069013112491373","0.074","0.36","0.20427881297447","0.45","0","0.004","0.0094133151342574","0.222","0.1","0.014072906125715","0.0013802622498275","0.00011766643917822","11.766643917822"
"65","1828","9","8.0676250499123","1.1155699408834","0.0055309734513274","0.083","0.34","0.17643805309735","0.36","0.72400442477876","0.03","0.0094133151342574","0.109","0.12","0.014072906125715","0.0011061946902655","0.00011766643917822","11.766643917822"
"66","1832","28","20.526037184511","1.3641210794029","0.0029710144927536","0.054","0.4","0.20413043478261","0.43","0.655","0.019","0.0094133151342574","0.146","0.06","0.014072906125715","0.001231884057971","0.00016081080021023","16.081080021023"
"67","1833","130","113.78117873214","1.1425439729891","0.0012549511745559","0.053","0.28","0.16996744970391","0.36","0.82411074944116","0.018","0.0094133151342574","0.107","0.07","0.014072906125715","0.0009412133809169","0.0003765326053703","37.65326053703"
"68","1834","16","8.5316919775621","1.8753607188444","0.0053172942817294","0.063","0.25","0.21914225941423","0.49","0.20449790794979","0","0.0094133151342574","0.21","0.11","0.014072906125715","0.0011331938633194","0.00011962754649785","11.962754649785"
"69","1835","6","2.1864691783501","2.7441502763499","0.018367346938776","0.048","0","0.16326530612245","0.49","0.84081632653061","0","0.0094133151342574","0","0","0.014072906125715","0.0020408163265306","0.0001058997952604","10.58997952604"
"70","1836","12","5.774063503643","2.0782590964628","0.0066975785677486","0.046","0.39","0.19474497681607","0.52","0","0","0.0094133151342574","0.108","0","0.014072906125715","0.00051519835136528","0.00010197758062112","10.197758062112"
"71","1837","35","29.673510277609","1.1795031889574","0.0059398496240602","0.065","0.36","0.18165413533835","0.41","0.50270676691729","0.02","0.026656327242766","0.165","0.08","0.011203735116884","0.00097744360902256","0.00031906815942099","31.906815942099"
"72","1838","10","9.0136076331984","1.1094336925837","0.017409240924092","0.066","0.37","0.23316831683168","0.41","0.31287128712871","0.009","0.026656327242766","0.117","0.1","0.011203735116884","0.0010726072607261","0.00028406490142544","28.406490142544"
"73","1839","5","4.9217867422861","1.0158912325562","0.031580537926866","0.051","0","0.25747960108794","0.53","0","0","0.026656327242766","0.079","0.12","0.011203735116884","0.0016621335750982","0.00028137234311809","28.137234311809"
"74","1840","28","20.847314288269","1.343098665508","0.0084546232876712","0.061","0.31","0.18600171232877","0.32","0.63720034246575","0.029","0.026656327242766","0.088","0.07","0.011203735116884","0.0013912671232877","0.00031906815942099","31.906815942099"
"75","1841","55","42.537980973901","1.2929621655937","0.0045805797405504","0.057","0.28","0.1804258890171","0.32","0.73156404070072","0.015","0.026656327242766","0.128","0.07","0.011203735116884","0.0011189202419665","0.00035272513826287","35.272513826287"
"76","1845","18","8.8752799913028","2.0281050307865","0.017512988101223","0.076","0.25","0.21468074409251","0.45","0.40673705379588","0.006","0.026656327242766","0.087","0.07","0.011203735116884","0.00092173621585386","0.00028137234311809","28.137234311809"
"77","1848","15","11.686454649181","1.283537261752","0.013872979508718","0.081","0.3","0.21458571974036","0.39","0","0.018","0.026656327242766","0.093","0.11","0.011203735116884","0.0012727504136439","0.00029348885550117","29.348885550117"
"78","1851","18","9.7989516646058","1.8369311959173","0.035974499089253","0.066","0.33","0.24271402550091","0.34","0.79872495446266","0.021","0.037338402304313","0.117","0.08","0.0095867560202112","0.00091074681238616","0.00038308230935594","38.308230935594"
"79","1853","5","5.9882482394813","0.83496872541695","0.058122205663189","0.056","0.3","0.23397913561848","0.32","0.47317436661699","0.004","0.037338402304313","0.096","0.08","0.0095867560202112","0.0007451564828614","0.00037823316619953","37.823316619953"
"80","1856","2","2.6996201079629","0.74084497818813","0.056198347107438","0.083","0","0.1702479338843","0.63","0.58842975206612","0","0.026656327242766","0","0","0.011203735116884","0.0016528925619835","0.00027464094734971","27.464094734971"
"81","1857","6","3.3377121334814","1.7976385500153","0.048128342245989","0.093","0","0.18716577540107","0.63","0.79144385026738","0","0.026656327242766","0.261","0.11","0.011203735116884","0.0040106951871658","0.00029079629719382","29.079629719382"
"82","1859","7","6.0685675154207","1.1534847362598","0.025857843137255","0.061","0.32","0.22647058823529","0.56","0","0","0.026656327242766","0","0.09","0.011203735116884","0.001593137254902","0.00028406490142544","28.406490142544"
"83","1860","48","48.102321923703","0.9978728277636","0.004143475572047","0.066","0.28","0.17615955473098","0.39","0.55723562152134","0.032","0.026656327242766","0.116","0.09","0.011203735116884","0.0010822510822511","0.00036080281318492","36.080281318492"
"84","1865","43","40.262268155619","1.0679974569192","0.0046732424544682","0.07","0.25","0.1721157043112","0.35","0.69577745760833","0.036","0.026656327242766","0.105","0.11","0.011203735116884","0.0010159222727105","0.00034060862587979","34.060862587979"
"85","1866","40","35.358330141319","1.1312751433716","0.0054475853945819","0.075","0.3","0.19005552751136","0.33","0.71138313982837","0.045","0.026656327242766","0.136","0.08","0.011203735116884","0.0012830220427394","0.00034868630080184","34.868630080184"
"86","1867","13","12.449487770606","1.044219669077","0.013321385902031","0.078","0.27","0.27706093189964","0.53","0.36236559139785","0.032","0.026656327242766","0.193","0.07","0.011203735116884","0.0014934289127838","0.00030022025126954","30.022025126954"
"87","1868","20","19.776390609077","1.0113068858389","0.0087244283995187","0.082","0.21","0.17802346570397","0.5","0.52504512635379","0.014","0.026656327242766","0.171","0.08","0.011203735116884","0.0012785800240674","0.00031233676365262","31.233676365262"
"88","1870","45","43.979265758814","1.023209442531","0.0090638528138528","0.061","0.26","0.14711850649351","0.34","0.61292613636364","0.03","0.037338402304313","0.102","0.11","0.0095867560202112","0.0012513528138528","0.00043319012197211","43.319012197211"
"89","1871","25","22.458161989053","1.1131810346807","0.0074508245579177","0.075","0.25","0.2086230876217","0.4","0.65289091992847","0.018","0.026656327242766","0.102","0.07","0.011203735116884","0.00089409894695013","0.00030291280957689","30.291280957689"
"90","1874","5","4.9976438362288","1.0004714549192","0.069791666666667","0.083","0","0.23839285714286","0.56","0.69821428571429","0","0.037338402304313","0.137","0.11","0.0095867560202112","0.0010416666666667","0.0003790413567256","37.90413567256"
"91","1875","24","12.342395402687","1.944517187869","0","0.074","0.26","0","0.41","0","0.017","0.037338402304313","0.14","0.17","0.0095867560202112","0","0.00039278059566875","39.278059566875"
"92","3001","140","130.38495794161","1.0737434916587","0.0020876112251882","0.086","0.28","0.17340862422998","0.33","0.85506502395619","0.036","0.010731069919233","0.143","0.08","0.0081493007445469","0.00092402464065708","0.00019252801913918","19.252801913918"
"93","3002","228","199.41937561152","1.1433191950423","0.0017676937190933","0.079","0.21","0.16828891723166","0.29","0.95227226958448","0.078","0.010731069919233","0.107","0.1","0.0081493007445469","0.0010069141437873","0.00024933956577041","24.933956577041"
"94","3003","225","235.6255203322","0.95490505308076","0.0015907584509043","0.077","0.26","0.16566613010132","0.35","0.91290597481299","0.058","0.010731069919233","0.116","0.1","0.0081493007445469","0.00094688003030016","0.00026512055094575","26.512055094575"
"95","3004","372","332.78507112688","1.1178386059817","0.0014347202295552","0.087","0.25","0.1653012242052","0.32","0.91387656042586","0.064","0.010731069919233","0.09","0.1","0.0081493007445469","0.00097882782016385","0.00033771308275233","33.771308275233"
"96","3005","464","414.95169041288","1.1182024575881","0.0016882991192886","0.094","0.27","0.15251685610745","0.31","0.97192261783145","0.119","0.021182431573685","0.081","0.12","0.010577094165793","0.00088178680115708","0.00044341890094248","44.341890094248"
"97","3006","110","111.95614629552","0.98252756672817","0.0041450777202073","0.089","0.26","0.15759266640096","0.22","0.84754882423276","0.048","0.021182431573685","0.069","0.07","0.010577094165793","0.0011558389796732","0.00029372971782177","29.372971782177"
"98","3007","152","129.16232007454","1.1768137945516","0.0035928971187729","0.08","0.27","0.17543011124162","0.33","0.69056173564569","0.036","0.021182431573685","0.102","0.07","0.010577094165793","0.0010018655427347","0.00029372971782177","29.372971782177"
"99","3011","23","18.562677105993","1.2390454172461","0.0088942307692308","0.07","0.2","0.18028846153846","0.26","0.39471153846154","0.01","0.010731069919233","0.106","0.04","0.0081493007445469","0.00072115384615385","0.00011677929029753","11.677929029753"
"100","3012","10","6.3095253432389","1.5849052751196","0.025459688826025","0.056","0","0.19519094766619","0.37","0.21499292786422","0","0.010731069919233","0.142","0.04","0.0081493007445469","0.0014144271570014","0.00011362309326247","11.362309326247"
"101","3013","28","15.510544620296","1.8052235228002","0.010932105868815","0.057","0.33","0.20627157652474","0.45","0.52042577675489","0.018","0.010731069919233","0.097","0.05","0.0081493007445469","0.001150747986191","0.0001199354873326","11.99354873326"
"102","3014","201","183.43137751758","1.0957776293248","0.001629853069962","0.075","0.24","0.15617398073368","0.35","0.73302033667413","0.054","0.010731069919233","0.146","0.08","0.0081493007445469","0.00080276345236937","0.00021146520134959","21.146520134959"
"103","3015","22","15.956762819959","1.3787257633786","0.010346756152125","0.057","0.22","0.14737136465324","0.4","0.44099552572707","0.017","0.010731069919233","0.136","0.05","0.0081493007445469","0.00083892617449664","0.00011677929029753","11.677929029753"
"104","3016","33","33.917045356407","0.97296210955966","0.0055255887383239","0.074","0.31","0.16839889488225","0.36","0.59505328246283","0.043","0.010731069919233","0.114","0.07","0.0081493007445469","0.0010524930930141","0.00013256027547288","13.256027547288"
"105","3017","33","30.994316148612","1.0647113439048","0.0056147422977253","0.073","0.24","0.17391304347826","0.33","0.7566945004319","0.016","0.010731069919233","0.095","0.06","0.0081493007445469","0.00071983875611863","0.00012309168436767","12.309168436767"
"106","3018","22","20.405558270602","1.0781376185965","0.0083096435600262","0.066","0.36","0.13492237043516","0.32","0.59610758801662","0.017","0.010731069919233","0.089","0.06","0.0081493007445469","0.00087469932210803","0.0001199354873326","11.99354873326"
"107","3019","65","65.629772806477","0.99040415988741","0.0053032363339679","0.079","0.24","0.12897742725048","0.23","0.85409301060647","0.052","0.011569732832476","0","0.06","0.004536454921895","0.0010878433505575","0.00014555470337631","14.555470337631"
"108","3020","214","239.43622375732","0.89376618392084","0.0022177081197935","0.089","0.21","0.14381557613821","0.19","0.92914515738273","0.061","0.011569732832476","0","0.08","0.004536454921895","0.0010622635531784","0.00022206422694591","22.206422694591"
"109","3021","70","74.665691349658","0.93751224604874","0.0046016852925357","0.099","0.24","0.13368792207016","0.2","0.85005677403932","0.086","0.011569732832476","0","0.14","0.004536454921895","0.00089643219984462","0.00014368861743559","14.368861743559"
"110","3022","62","66.10276409812","0.93793354704457","0.0049952747401107","0.099","0.14","0.15492102065614","0.19","0.85864722559741","0.03","0.011569732832476","0","0.07","0.004536454921895","0.00081004455245038","0.00013809035961342","13.809035961342"
"111","3023","86","78.155117671025","1.1003757983194","0.0044533257208107","0.091","0.31","0.12554952897516","0.17","0.87559234941479","0.031","0.011569732832476","0","0.08","0.004536454921895","0.00091350271196118","0.00014555470337631","14.555470337631"
"112","3024","496","503.28504521823","0.98552501154675","0.0015515697452766","0.128","0.19","0.15091897259484","0.12","0.98641711514421","0.069","0.011569732832476","0","0.11","0.004536454921895","0.0010018707498072","0.00032656503962633","32.656503962633"
"113","3025","358","373.49801966416","0.9585057514412","0.0017801034610468","0.104","0.22","0.14133304660526","0.17","0.93101800413366","0.05","0.021182431573685","0","0.07","0.010577094165793","0.00088407822897626","0.00042082430726388","42.082430726388"
"114","3026","83","68.31600636845","1.2149422135766","0.0032658393207054","0.071","0.32","0.16636185499673","0.43","0.53742651861528","0.019","0.010731069919233","0","0.06","0.0081493007445469","0.0010450685826257","0.00015780985175343","15.780985175343"
"115","3027","58","71.037937386396","0.81646514713007","0.0046482412060302","0.077","0.22","0.12336683417085","0.3","0.96652010050251","0.106","0.011569732832476","0","0.1","0.004536454921895","0.00075376884422111","0.00013809035961342","13.809035961342"
"116","3028","53","45.790911649447","1.1574349164686","0.0069187292925356","0.069","0.34","0.1127460534009","0.33","0.74439680374196","0.038","0.011569732832476","0","0.07","0.004536454921895","0.00087702202299747","0.00013249210179126","13.249210179126"
"117","3029","157","148.62635794385","1.056340222367","0.0027620991953885","0.099","0.22","0.13047916416476","0.26","0.98853128377567","0.131","0.011569732832476","0","0.13","0.004536454921895","0.00090068452023538","0.00017167990654642","17.167990654642"
"118","3030","331","334.07910390591","0.99078330889329","0.001736366186272","0.09","0.22","0.13675887216338","0.29","0.90831986536484","0.098","0.011569732832476","0","0.11","0.004536454921895","0.00090825308204998","0.00024259117229385","24.259117229385"
"119","3031","81","94.442081958735","0.85766851301935","0.0037325773682967","0.079","0.25","0.12558469170801","0.26","0.92421450507914","0.059","0.011569732832476","0","0.09","0.004536454921895","0.00080321285140562","0.00014742078931703","14.742078931703"
"120","3032","22","26.728470159831","0.82309237559966","0.011519198664441","0.072","0.24","0.11719532554257","0.27","0.69966611018364","0.028","0.011569732832476","0","0.06","0.004536454921895","0.0011686143572621","0.00012875992990981","12.875992990981"
"121","3033","140","134.22689664071","1.0430100337843","0.003191383265184","0.083","0.23","0.11788171935773","0.31","0.88338153651807","0.076","0.011569732832476","0","0.09","0.004536454921895","0.001130281573086","0.0001791442503093","17.91442503093"
"122","3034","98","85.00010485386","1.1529397542331","0.0044096802981784","0.065","0.29","0.14215969342223","0.37","0.63305160375873","0.027","0.01675846857171","0","0.06","0.0083595184404766","0.00083993910441493","0.00020701637647407","20.701637647407"
"123","3035","119","94.27698122486","1.2622381248735","0.0038811056418024","0.07","0.29","0.13938848920863","0.36","0.76746497538811","0.039","0.011569732832476","0","0.07","0.004536454921895","0.00094661113214691","0.0001530190471392","15.30190471392"
"124","3036","56","49.655161258531","1.1277780311383","0.00647016534867","0.072","0.28","0.12491013659238","0.37","0.68691588785047","0.044","0.011569732832476","0","0.08","0.004536454921895","0.00089863407620417","0.00013435818773198","13.435818773198"
"125","3037","16","11.686454649181","1.3691064125355","0.025200458190149","0.063","0.33","0.19320351279114","0.42","0.32760595647194","0.009","0.011569732832476","0","0.06","0.004536454921895","0.0015273004963727","0.00012316167208765","12.316167208765"
"126","3038","26","27.397797459326","0.94898139306997","0.013355048859935","0.087","0.22","0.14820846905537","0.22","0.58110749185668","0.02","0.021182431573685","0.056","0.04","0.010577094165793","0.0011400651465798","0.00023159458520562","23.159458520562"
"127","3039","5","4.4621819966329","1.1205280295095","0.077","0.063","0","0.244","0.44","0","0.025","0.021182431573685","0","0","0.010577094165793","0.002","0.0002174729641565","21.74729641565"
"128","3040","12","15.3722169784","0.78062910618952","0.02322206095791","0.074","0.16","0.19941944847605","0.32","0.63454281567489","0.026","0.021182431573685","0.118","0.07","0.010577094165793","0.0014513788098694","0.00022594593678598","22.594593678598"
"129","3041","13","20.401096088606","0.63722066420053","0.017935258092738","0.088","0.31","0.1839457567804","0.3","0.61614173228347","0.05","0.021182431573685","0.11","0.07","0.010577094165793","0.0015310586176728","0.00023159458520562","23.159458520562"
"130","3042","9","9.5490694727944","0.942500211737","0.036915887850467","0.09","0.26","0.13831775700935","0.23","0.50841121495327","0.023","0.021182431573685","0.051","0","0.010577094165793","0.0018691588785047","0.00022312161257615","22.312161257615"
"131","3043","30","21.030263750131","1.4265156327302","0.017186505410566","0.077","0.25","0.18565669424995","0.25","0.58625079567155","0.021","0.021182431573685","0.08","0.06","0.010577094165793","0.0012730744748568","0.0002287702609958","22.87702609958"
"132","3044","28","19.870096431006","1.4091526982379","0.018414551987424","0.085","0.33","0.18167527509544","0.29","0.60296429373456","0.032","0.021182431573685","0.073","0.06","0.010577094165793","0.001571973950146","0.00023159458520562","23.159458520562"
"133","3045","16","15.724729356134","1.0175055886579","0.022417707150965","0.066","0.32","0.20062429057889","0.39","0.12088535754824","0","0.021182431573685","0.081","0.07","0.010577094165793","0.0011350737797957","0.00022312161257615","22.312161257615"
"134","3046","12","9.6561618407136","1.242729792432","0.035582255083179","0.089","0.2","0.17560073937153","0.37","0.41127541589649","0.008","0.021182431573685","0.115","0.07","0.010577094165793","0.00092421441774492","0.0002174729641565","21.74729641565"
"135","3047","53","57.74063503643","0.91789776760441","0.0067233384853168","0.068","0.28","0.17248840803709","0.37","0.69474497681607","0.024","0.021182431573685","0.123","0.06","0.010577094165793","0.0009273570324575","0.00024571620625475","24.571620625475"
"136","3048","85","75.799085576803","1.1213855596434","0.0052981691882027","0.074","0.32","0.15435332901631","0.35","0.76646847589333","0.031","0.021182431573685","0.111","0.06","0.010577094165793","0.00088302819803379","0.00025418917888422","25.418917888422"
"137","3049","113","105.2182514806","1.073958162295","0.004156064461408","0.098","0.21","0.1420695504665","0.25","0.79851569126378","0.073","0.021182431573685","0.055","0.1","0.010577094165793","0.00097540288379983","0.00027678377256282","27.678377256282"
"138","3050","11","11.565975735273","0.95106545714544","0.030478395061728","0.078","0.44","0.1875","0.31","0.30594135802469","0.015","0.021182431573685","0.135","0.08","0.010577094165793","0.0015432098765432","0.00022312161257615","22.312161257615"
"139","3051","5","6.1667355193467","0.81080175796638","0.054269175108538","0.067","0.42","0.22141823444284","0.3","0.21707670043415","0.009","0.021182431573685","0","0.09","0.010577094165793","0","0.00021182431573685","21.182431573685"
"140","3052","16","11.262547359501","1.4206377553211","0.030507131537243","0.072","0.38","0.2107765451664","0.35","0.19572107765452","0.003","0.021182431573685","0.17","0","0.010577094165793","0.00079239302694136","0.0002174729641565","21.74729641565"
"141","3053","34","28.375015316589","1.1982372386641","0.011637049850605","0.068","0.22","0.16732190596006","0.36","0.68737222833779","0.017","0.01675846857171","0.113","0.05","0.0083595184404766","0.00094354458248152","0.00018237156975096","18.237156975096"
"142","3054","35","38.615722998861","0.90636655957555","0.0087820660966027","0.075","0.14","0.14432632308759","0.33","0.58342962791773","0.028","0.01675846857171","0.093","0.06","0.0083595184404766","0.00092442801016871","0.00018730053109558","18.730053109558"
"143","3401","95","77.802605293291","1.2210388025167","0.0049323239275063","0.075","0.27","0.18696948841477","0.39","0.70595320027529","0.048","0.01675846857171","0.152","0.07","0.0083595184404766","0.0010323468685478","0.00021194533781869","21.194533781869"
"144","3403","136","127.89506038749","1.0633717955013","0.0035936082618101","0.09","0.19","0.19067057427953","0.25","0.87111855418324","0.048","0.01675846857171","0.082","0.08","0.0083595184404766","0.0012211290210034","0.00025384150924796","25.384150924796"
"145","3405","135","118.56463783253","1.138619427073","0.0036882315306161","0.087","0.19","0.17820179895375","0.23","0.84836852207294","0.042","0.01675846857171","0.067","0.1","0.0083595184404766","0.0011290504685559","0.00024151910588641","24.151910588641"
"146","3407","138","129.28726117044","1.0673905437449","0.0032788016842687","0.075","0.24","0.17612342099814","0.32","0.74121626285635","0.053","0.01675846857171","0.105","0.09","0.0083595184404766","0.00093186995237109","0.00023412566386948","23.412566386948"
"147","3411","180","146.54698113342","1.2282750460491","0.0028926374764022","0.057","0.23","0.17023932769015","0.36","0.49485415017356","0.02","0.01675846857171","0.153","0.06","0.0083595184404766","0.00082211801960904","0.00023412566386948","23.412566386948"
"148","3412","28","32.810424221242","0.85338732017591","0.010335917312661","0.062","0.2","0.17693458452332","0.41","0.56888344893241","0.021","0.01675846857171","0.148","0.06","0.0083595184404766","0.0010879912960696","0.00018730053109558","18.730053109558"
"149","3413","101","85.468633963506","1.1817200687111","0.004437715359716","0.075","0.27","0.17776965646862","0.36","0.60232849535345","0.025","0.01675846857171","0.111","0.06","0.0083595184404766","0.0008875430719432","0.00020948085714638","20.948085714638"
"150","3414","27","22.815136548784","1.1834248698125","0.014277332290241","0.048","0.4","0.20731468805007","0.52","0.28163504791707","0.009","0.01675846857171","0.127","0.07","0.0083595184404766","0.00097789947193429","0.00017990708907865","17.990708907865"
"151","3415","43","34.943347215632","1.2305632810346","0.0094496232920444","0.059","0.3","0.17494572851488","0.44","0.37083386540672","0.012","0.01675846857171","0.156","0.05","0.0083595184404766","0.00076618567232793","0.00018237156975096","18.237156975096"
"152","3416","43","28.107284396791","1.5298525248106","0.011747896491507","0.064","0.28","0.20527067788538","0.47","0.36561358945864","0.019","0.01675846857171","0.159","0.04","0.0083595184404766","0.00095253214795999","0.00018237156975096","18.237156975096"
"153","3417","32","22.418002351084","1.4274242414134","0.013136942675159","0.07","0.37","0.23148885350318","0.43","0.37679140127388","0.017","0.011569732832476","0.161","0.06","0.004536454921895","0.00079617834394904","0.00012316167208765","12.316167208765"
"154","3418","36","33.89919662842","1.0619720695628","0.0097406871133342","0.059","0.37","0.24127945241543","0.43","0.29156245886534","0.015","0.01675846857171","0.18","0.05","0.0083595184404766","0.00078978544162169","0.00018237156975096","18.237156975096"
"155","3419","14","17.322190510929","0.80821187084666","0.018289541473467","0.05","0.3","0.22539927872231","0.43","0.36733642452344","0.011","0.01675846857171","0.221","0.05","0.0083595184404766","0.00077279752704791","0.00017497812773403","17.497812773403"
"156","3420","99","89.149934110728","1.110488762415","0.0044046248560989","0.074","0.21","0.1728314730467","0.33","0.71525101356424","0.034","0.01675846857171","0.121","0.08","0.0083595184404766","0.0010010511036588","0.00021687429916331","21.687429916331"
"157","3421","38","30.137577205258","1.2608843684146","0.011104530648505","0.057","0.34","0.22371927746521","0.44","0.40627776132662","0.014","0.01675846857171","0.137","0.06","0.0083595184404766","0.0010364228605271","0.00018483605042327","18.483605042327"
"158","3422","18","19.263239679464","0.93442226227342","0.016909891128098","0.064","0.33","0.19666435024322","0.46","0.47440352096363","0.01","0.01675846857171","0.151","0.08","0.0083595184404766","0.0011582117211026","0.00017990708907865","17.990708907865"
"159","3423","11","11.891715021027","0.92501375794409","0.025515947467167","0.065","0.29","0.22326454033771","0.36","0.44052532833021","0.029","0.01675846857171","0.141","0","0.0083595184404766","0","0.0001675846857171","16.75846857171"
"160","3424","7","8.8083472613533","0.79470073014861","0.034447821681864","0.067","0","0.25278622087133","0.35","0.27811550151976","0.005","0.01675846857171","0.113","0","0.0083595184404766","0","0.0001675846857171","16.75846857171"
"161","3425","11","6.2872144332557","1.7495824449404","0.048970901348474","0.069","0","0.23136976579134","0.42","0","0.016","0.01675846857171","0.085","0","0.0083595184404766","0.0007097232079489","0.00017004916638941","17.004916638941"
"162","3426","7","7.5143144823298","0.93155536895092","0.041567695961995","0.091","0","0.19121140142518","0.19","0.34501187648456","0.008","0.01675846857171","0","0.09","0.0083595184404766","0.001187648456057","0.00017251364706172","17.251364706172"
"163","3427","24","24.519690071498","0.97880519411206","0.013648771610555","0.067","0.16","0.17670609645132","0.22","0.45022747952684","0.022","0.01675846857171","0.09","0.07","0.0083595184404766","0.0012738853503185","0.00018483605042327","18.483605042327"
"164","3428","18","10.918959345761","1.6485087479503","0.028197793216183","0.057","0","0.19452390682468","0.25","0.29587249693502","0.005","0.01675846857171","0.104","0.1","0.0083595184404766","0.00040866366979975","0.00017004916638941","17.004916638941"
"165","3429","7","7.4072221144106","0.9450236393454","0.041566265060241","0.07","0.3","0.22228915662651","0.32","0.32831325301205","0.007","0.01675846857171","0","0.11","0.0083595184404766","0.00060240963855422","0.00017004916638941","17.004916638941"
"166","3430","5","9.1251621831143","0.54793546675283","0.034229828850856","0.07","0.21","0.18924205378973","0.24","0.3041564792176","0.01","0.01675846857171","0.073","0.07","0.0083595184404766","0.00097799511002445","0.00017251364706172","17.251364706172"
"167","3431","11","12.262076126747","0.8970748416743","0.025836972343523","0.078","0.32","0.21834061135371","0.3","0.57459970887918","0.018","0.01675846857171","0.082","0","0.0083595184404766","0.0010917030567686","0.00017497812773403","17.497812773403"
"168","3432","12","9.8034138466025","1.2240633913623","0.031861629494766","0.07","0.31","0.20527992717342","0.31","0","0.007","0.01675846857171","0.099","0","0.0083595184404766","0.00091033227127902","0.00017251364706172","17.251364706172"
"169","3433","12","10.258556410259","1.1697552287181","0.030882992605481","0.064","0.26","0.21226620269683","0.3","0.24227925184863","0","0.01675846857171","0.086","0","0.0083595184404766","0.0013049151805133","0.00017497812773403","17.497812773403"
"170","3434","10","10.713698973916","0.93338444773806","0.029571012078301","0.069","0.31","0.19950020824656","0.3","0.3390254060808","0.008","0.01675846857171","0.083","0","0.0083595184404766","0.0012494793835902","0.00017497812773403","17.497812773403"
"171","3435","21","16.590392663481","1.2657928251587","0.019365250134481","0.06","0.44","0.21732114039806","0.37","0.48870360408822","0.015","0.01675846857171","0.147","0.06","0.0083595184404766","0.0010758472296934","0.00017744260840634","17.744260840634"
"172","3436","27","26.032369768356","1.037170270715","0.012684264655468","0.072","0.23","0.19403496743229","0.39","0.56342132327734","0.019","0.01675846857171","0.184","0.08","0.0083595184404766","0.0010284538909839","0.00018237156975096","18.237156975096"
"173","3437","35","26.790940707784","1.3064117599212","0.01215856095936","0.055","0.26","0.20736175882745","0.39","0.60376415722851","0.016","0.01675846857171","0.119","0.1","0.0083595184404766","0.0008327781479014","0.00017990708907865","17.990708907865"
"174","3438","24","14.332528573185","1.6745126219321","0.022727272727273","0.064","0.25","0.20859277708593","0.38","0.41749688667497","0.005","0.01675846857171","0.185","0.05","0.0083595184404766","0.0015566625155666","0.00017990708907865","17.990708907865"
"175","3439","20","20.32970117666","0.98378229105315","0.015803336259877","0.076","0.23","0.20632133450395","0.39","0.4365671641791","0.015","0.01675846857171","0.129","0.06","0.0083595184404766","0.00087796312554873","0.00017744260840634","17.744260840634"
"176","3440","17","22.721430726855","0.74819232135358","0.0143362136685","0.072","0.22","0.1700706991359","0.32","0.53967007069914","0.023","0.01675846857171","0.126","0.06","0.0083595184404766","0.00098193244304792","0.00017990708907865","17.990708907865"
"177","3441","28","27.402259641323","1.0218135426239","0.012212994626282","0.072","0.22","0.20192151115453","0.37","0.41914997557401","0.007","0.01675846857171","0.148","0.07","0.0083595184404766","0.001139879498453","0.00018483605042327","18.483605042327"
"178","3442","74","65.165705878827","1.135566614403","0.0057518488085456","0.066","0.26","0.19118049849356","0.36","0.44522048753766","0.016","0.01675846857171","0.139","0.05","0.0083595184404766","0.0010955902492468","0.00020701637647407","20.701637647407"
"179","3443","48","57.129316102891","0.84019910046798","0.0059361087245177","0.053","0.23","0.17941107552917","0.36","0.70100757634929","0.028","0.01675846857171","0.102","0.05","0.0083595184404766","0.00062485354994923","0.00018730053109558","18.730053109558"
"180","3446","63","59.944952942766","1.0509642081152","0.0059550394521364","0.069","0.26","0.18155426529701","0.35","0.45451838618431","0.025","0.01675846857171","0.096","0.06","0.0083595184404766","0.00089325591782046","0.00019715845378483","19.715845378483"
"181","3447","37","26.045756314346","1.4205769090921","0.012677745417166","0.057","0.29","0.19068014390954","0.41","0.35394894637656","0.029","0.01675846857171","0.204","0.06","0.0083595184404766","0.0010279253040946","0.00018237156975096","18.237156975096"
"182","3448","42","29.968014289386","1.4014942596605","0.010869565217391","0.053","0.28","0.20503275759381","0.44","0.42942227516379","0.017","0.01675846857171","0.193","0.05","0.0083595184404766","0.00074449076831447","0.00017990708907865","17.990708907865"
"183","3449","13","14.118343837346","0.92078788771328","0.02212389380531","0.065","0.4","0.21586599241467","0.4","0.18520859671302","0.014","0.01675846857171","0.108","0.07","0.0083595184404766","0.00063211125158028","0.00017251364706172","17.251364706172"
"184","3450","8","6.1935086113265","1.2916749619707","0.050432276657061","0.072","0.29","0.23703170028818","0.46","0","0.003","0.01675846857171","0.178","0.06","0.0083595184404766","0.0014409221902017","0.00017251364706172","17.251364706172"
"185","3451","29","28.566889142444","1.0151612888403","0.012027491408935","0.073","0.3","0.17885035926273","0.3","0.52483598875352","0.023","0.01675846857171","0.15","0.08","0.0083595184404766","0.0014058106841612","0.0001897650117679","18.97650117679"
"186","3452","9","9.8926574865351","0.90976565318772","0.032025259359495","0.075","0.31","0.19170049616599","0.31","0.26973387460532","0.02","0.01675846857171","0.099","0.07","0.0083595184404766","0.0013531799729364","0.00017497812773403","17.497812773403"
"187","3453","19","14.149579111323","1.3427961249247","0.02239041311889","0.065","0.29","0.18606117943866","0.26","0.26868495742668","0.017","0.01675846857171","0.103","0","0.0083595184404766","0.00094607379375591","0.00017497812773403","17.497812773403"
"188","3454","7","7.0993315566429","0.98600832263567","0.044626021370207","0.083","0.21","0.19673161533627","0.29","0","0.019","0.01675846857171","0.086","0","0.0083595184404766","0.0018856065367693","0.00017497812773403","17.497812773403"
"189","3801","121","116.17737046433","1.0415109200388","0.002266093101859","0.086","0.21","0.16527116300507","0.24","0.95222000307267","0.052","0.014631707723509","0.095","0.1","0.010981909519145","0.00088339222614841","0.00023979743213529","23.979743213529"
"190","3802","112","97.070307154752","1.1538028804364","0.0027121448928933","0.072","0.28","0.1607060770433","0.29","0.72110876160706","0.029","0.014631707723509","0.118","0.06","0.010981909519145","0.0010572768226533","0.00023979743213529","23.979743213529"
"191","3803","229","216.76833921443","1.0564273400345","0.0017497272483995","0.086","0.24","0.15840177854629","0.25","0.84176290166533","0.041","0.014631707723509","0.074","0.07","0.010981909519145","0.0010086662961362","0.00034547087680509","34.547087680509"
"192","3804","322","268.39578491547","1.1997207784072","0.0015129096078073","0.084","0.26","0.15709321850737","0.28","0.86560042560974","0.046","0.014631707723509","0.112","0.07","0.010981909519145","0.0009143959168066","0.00036985705634427","36.985705634427"
"193","3805","205","201.05699640429","1.0196113722289","0.0017532957521417","0.076","0.27","0.17326556882241","0.28","0.80622752896267","0.046","0.014631707723509","0.104","0.07","0.010981909519145","0.00095432553597585","0.0003210846972659","32.10846972659"
"194","3806","146","156.36824370801","0.93369341841961","0.0021116913506264","0.077","0.28","0.16728019861313","0.3","0.95003281682504","0.048","0.020189783969311","0.115","0.07","0.017144010844798","0.0011129184145193","0.0004268697182083","42.68697182083"
"195","3807","204","232.37705183865","0.87788358784087","0.001516984465311","0.09","0.25","0.16327745453847","0.3","0.89859246884421","0.069","0.020189783969311","0.128","0.08","0.017144010844798","0.00084490274017321","0.00045571226673589","45.571226673589"
"196","3808","61","55.313208030261","1.1028107421762","0.0039528880283963","0.071","0.28","0.1986931268151","0.32","0.72297515327525","0.031","0.020189783969311","0.144","0.07","0.017144010844798","0.0011293965795418","0.00028265697557036","28.265697557036"
"197","3811","131","114.38803548368","1.1452246683499","0.0022625316949483","0.089","0.22","0.17265457382485","0.19","0.84825433976985","0.04","0.014631707723509","0.066","0.06","0.010981909519145","0.00085820167739419","0.00023573306887876","23.573306887876"
"198","3812","7","10.794018249855","0.64850733415186","0.01529557668458","0.073","0.25","0.15336916081025","0.3","0.50888797023564","0.015","0.020189783969311","0.138","0.05","0.017144010844798","0.00082678792889624","0.00021343485910415","21.343485910415"
"199","3813","42","62.604413412759","0.67087921937849","0.0034212401995723","0.072","0.28","0.1583749109052","0.32","0.80199572344975","0.032","0.020189783969311","0.101","0.06","0.017144010844798","0.00092658588738418","0.00027688846586484","27.688846586484"
"200","3814","60","47.723036453989","1.2572544510626","0.0041140719962599","0.075","0.23","0.18111266947172","0.32","0.7479195885928","0.031","0.020189783969311","0.119","0.07","0.017144010844798","0.00084151472650771","0.00025381442704277","25.381442704277"
"201","3815","18","18.402038554114","0.97815249908689","0.0094568380213385","0.06","0.31","0.19641125121242","0.39","0.36954413191077","0.016","0.020189783969311","0.109","0.06","0.017144010844798","0.00096993210475267","0.00022497187851519","22.497187851519"
"202","3816","39","29.276376079908","1.3321320881229","0.0062490474013108","0.068","0.32","0.18975765889346","0.32","0.64395671391556","0.037","0.020189783969311","0.126","0.05","0.017144010844798","0.00091449474165524","0.00023650889792622","23.650889792622"
"203","3817","36","44.697677060272","0.80541098257649","0.0045921932714386","0.092","0.31","0.17250673854447","0.28","0.5381850853549","0.042","0.020189783969311","0.141","0.11","0.017144010844798","0.0010981331736049","0.00026535144645381","26.535144645381"
"204","3818","31","26.938192713673","1.1507824719164","0.0069570978963061","0.068","0.19","0.20390922643697","0.29","0.67003478548948","0.044","0.020189783969311","0.099","0.07","0.017144010844798","0.001159516316051","0.00024227740763174","24.227740763174"
"205","3819","5","7.1261046486227","0.70164560395087","0.023794614902943","0.075","0.58","0.21790857858485","0.33","0","0","0.020189783969311","0.06","0.09","0.017144010844798","0.0018785222291797","0.00021920336880967","21.920336880967"
"206","3820","10","13.18574780005","0.75839460542101","0.013536379018612","0.068","0.27","0.20067681895093","0.3","0.42131979695431","0.01","0.020189783969311","0.157","0.06","0.017144010844798","0.0016920473773266","0.0002307403882207","23.07403882207"
"207","3821","6","11.159917173579","0.53763839880506","0.014794082367053","0.061","0.38","0.20591763294682","0.32","0.35745701719312","0.006","0.020189783969311","0.205","0.06","0.017144010844798","0.00079968012794882","0.00021343485910415","21.343485910415"
"208","3822","6","6.2693657052692","0.95703461595121","0.026334519572954","0.063","0.47","0.17722419928826","0.3","0.27046263345196","0.005","0.020189783969311","0.14","0.07","0.017144010844798","0.001423487544484","0.00021343485910415","21.343485910415"
"209","3823","3","6.028407877451","0.49764383249869","0.027387120651369","0.065","0.21","0.18060695780903","0.25","0.25980754996299","0.016","0.020189783969311","0","0","0.017144010844798","0.001480384900074","0.00021343485910415","21.343485910415"
"210","3824","11","10.334413504202","1.0644048639555","0.016407599309154","0.047","0.24","0.20725388601036","0.32","0.33506044905009","0.003","0.020189783969311","0.066","0","0.017144010844798","0.0012953367875648","0.00021920336880967","21.920336880967"
"211","3825","19","16.336048289673","1.1630719781853","0.01092597650915","0.075","0.31","0.18273695711554","0.29","0.15432941819175","0.018","0.020189783969311","0.081","0","0.017144010844798","0.0013657470636438","0.0002307403882207","23.07403882207"
"212","4201","35","30.659652498865","1.1415654499442","0.0072769611410275","0.074","0.38","0.18774559743851","0.28","0.66002037549119","0.027","0.014321471466095","0.135","0.07","0.0085798633601427","0.0008732353369233","0.0001627439939329","16.27439939329"
"213","4202","78","92.916015715887","0.83946776450794","0.0031215482879508","0.076","0.25","0.13730010085002","0.25","0.84065696585506","0.038","0.014321471466095","0.1","0.08","0.0085798633601427","0.0010085002161072","0.00021156719211278","21.156719211278"
"214","4203","191","188.43348353581","1.01362027818","0.002012834781785","0.078","0.27","0.15574605129177","0.25","0.84070188732861","0.042","0.014321471466095","0.126","0.07","0.0085798633601427","0.00097089677709631","0.00027666478968594","27.666478968594"
"215","4204","420","442.21116023031","0.94977250185467","0.0014530483744021","0.086","0.27","0.13877621036911","0.22","0.93226171015721","0.069","0.014321471466095","0.08","0.1","0.0085798633601427","0.0010090613711126","0.00046870270252676","46.870270252676"
"216","4205","85","97.770869728223","0.86937960392781","0.0030578248368399","0.068","0.29","0.15257176760531","0.26","0.63598192688604","0.03","0.014321471466095","0.124","0.07","0.0085798633601427","0.0010497010633928","0.00021807695187009","21.807695187009"
"217","4206","53","42.011443498299","1.2615610316305","0.0055231014338821","0.063","0.38","0.176526818906","0.27","0.65013276686139","0.018","0.014321471466095","0.133","0.05","0.0085798633601427","0.00084970791290494","0.00016925375369022","16.925375369022"
"218","4207","40","40.217646335652","0.99458828759307","0.0058803949850216","0.072","0.34","0.18207034283812","0.27","0.72162432042605","0.027","0.014321471466095","0.122","0.05","0.0085798633601427","0.00099855763896594","0.00017250863356888","17.250863356888"
"219","4211","12","11.142068445592","1.0769993074982","0.018822587104525","0.056","0.28","0.17060472567081","0.41","0.27352823388066","0.01","0.014321471466095","0.127","0.06","0.0085798633601427","0.0012014417300761","0.00015297935429693","15.297935429693"
"220","4212","10","8.5763137975284","1.1660021118726","0.023933402705515","0.054","0.29","0.1633714880333","0.29","0.33038501560874","0.021","0.014321471466095","0.111","0.08","0.0085798633601427","0.0010405827263267","0.00014972447441827","14.972447441827"
"221","4213","31","26.634764337902","1.1638924079342","0.008544144747864","0.077","0.27","0.17574133020606","0.26","0.38247612665438","0.024","0.014321471466095","0.168","0.05","0.0085798633601427","0.0011727257497068","0.00016599887381156","16.599887381156"
"222","4214","21","22.877607096737","0.9179281692881","0.0099473376243417","0.056","0.41","0.12814511410181","0.33","0.45874780573435","0.019","0.014321471466095","0.161","0.05","0.0085798633601427","0.0013653208503998","0.00016599887381156","16.599887381156"
"223","4215","37","43.341173733295","0.85369169343875","0.0056625141562854","0.068","0.28","0.14784309688047","0.22","0.67775146710594","0.036","0.014321471466095","0.09","0.07","0.0085798633601427","0.0011325028312571","0.00017901839332619","17.901839332619"
"224","4216","11","21.311381215919","0.51615612749602","0.010259631490787","0.055","0.22","0.13672529313233","0.29","0.5286850921273","0.026","0.014321471466095","0.073","0.05","0.0085798633601427","0.0010469011725293","0.00015948911405425","15.948911405425"
"225","4217","6","8.1613308718416","0.73517421290949","0.025150355385456","0.08","0.35","0.18534718425369","0.35","0.31437944231821","0.032","0.014321471466095","0.1","0.11","0.0085798633601427","0.0010934937124112","0.00014972447441827","14.972447441827"
"226","4218","3","5.8231475056059","0.51518530092393","0.035249042145594","0.06","0","0.11954022988506","0.34","0","0.024","0.014321471466095","0.137","0.05","0.0085798633601427","0.0015325670498084","0.00014972447441827","14.972447441827"
"227","4219","20","15.506082438299","1.2898164368455","0.013237410071942","0.069","0.37","0.17179856115108","0.29","0.64805755395683","0.058","0.014321471466095","0.095","0.07","0.0085798633601427","0.00057553956834532","0.00014972447441827","14.972447441827"
"228","4220","5","5.5286434938281","0.90438097619818","0.037126715092817","0.056","0.28","0.18321226795803","0.23","0.30347054075868","0.02","0.014321471466095","0.164","0.06","0.0085798633601427","0.0016142050040355","0.00014972447441827","14.972447441827"
"229","4221","1","5.7294416836766","0.17453707624759","0.035046728971963","0.106","0.3","0.1791277258567","0.27","0","0.03","0.014321471466095","0","0","0.0085798633601427","0.00077881619937695","0.00014646959453961","14.646959453961"
"230","4222","4","4.4130979946699","0.90639274378932","0.047522750252781","0.081","0","0.11122345803842","0.26","0.66228513650152","0.02","0.014321471466095","0","0","0.0085798633601427","0.0030333670374115","0.00015297935429693","15.297935429693"
"231","4223","45","59.498734743103","0.75631860398874","0.004424778761062","0.055","0.44","0.13596820158992","0.37","0.77231138443078","0.032","0.014321471466095","0.122","0.07","0.0085798633601427","0.0011249437528124","0.00019203791284083","19.203791284083"
"232","4224","5","4.0695099809292","1.228649155164","0.050438596491228","0.086","0.56","0.15789473684211","0.36","0","0.036","0.014321471466095","0","0","0.0085798633601427","0.0021929824561404","0.00014972447441827","14.972447441827"
"233","4225","34","42.279174418097","0.80417842751081","0.005910290237467","0.061","0.35","0.14321899736148","0.29","0.54184696569921","0.019","0.014321471466095","0.113","0.07","0.0085798633601427","0.0012664907651715","0.00018227327320485","18.227327320485"
"234","4226","9","7.3135162924813","1.2305982020239","0.028065893837706","0.071","0.35","0.15802318486882","0.35","0","0.015","0.014321471466095","0.123","0.06","0.0085798633601427","0.0012202562538133","0.00014972447441827","14.972447441827"
"235","4227","36","25.952050492417","1.387173626628","0.0085969738651994","0.067","0.32","0.16936038514443","0.34","0.47369325997249","0.029","0.014321471466095","0.132","0.06","0.0085798633601427","0.0010316368638239","0.0001627439939329","16.27439939329"
"236","4228","8","7.9917679559695","1.0010300654468","0.02680067001675","0.076","0.35","0.16750418760469","0.29","0.45281965382468","0.018","0.014321471466095","0.131","0.04","0.0085798633601427","0.0022333891680625","0.00015623423417559","15.623423417559"
"237","4601","1129","1161.9164944672","0.97167051623419","0.0013786905895726","0.097","0.22","0.14132154597683","0.24","0.97250299548373","0.064","0.025410733844469","0.047","0.14","0.0060372398685652","0.00093320839349903","0.00078641840087623","78.641840087623"
"238","4602","85","78.614722416678","1.0812224146703","0.0025542059257577","0.075","0.28","0.15291179475536","0.3","0.77823816551254","0.04","0.018506523549551","0.097","0.09","0.010405713468543","0.0013054830287206","0.00037854252714991","37.854252714991"
"239","4611","21","17.442669424838","1.2039441606396","0.0084420567920184","0.067","0.34","0.1836786902021","0.29","0.43003325658736","0.006","0.015521236377343","0.07","0.07","0.0075998625261921","0.0012790995139422","0.0001829288573044","18.29288573044"
"240","4612","32","22.9266910987","1.3957530924214","0.0066173608407941","0.066","0.31","0.13507201245621","0.29","0.31821720513819","0.011","0.015521236377343","0.101","0.07","0.0075998625261921","0.0011677695601401","0.0001884721560106","18.84721560106"
"241","4613","55","50.962580583544","1.0792232137821","0.00358987829437","0.079","0.24","0.14114350757377","0.32","0.53988267227038","0.032","0.015521236377343","0.11","0.06","0.0075998625261921","0.0011382540933368","0.00022727524695396","22.727524695396"
"242","4614","67","79.444688268052","0.84335405501167","0.0027521905189845","0.067","0.23","0.13232981352505","0.23","0.86840035946978","0.036","0.015521236377343","0.063","0.09","0.0075998625261921","0.0011795102224219","0.00027162163660351","27.162163660351"
"243","4615","11","13.069731068138","0.84163935299453","0.01058381700239","0.054","0.27","0.13895527483783","0.27","0.45715261181291","0.005","0.015521236377343","0.101","0.09","0.0075998625261921","0.00102424035507","0.00017184225989202","17.184225989202"
"244","4616","19","12.29777358272","1.5449951060001","0.011248185776488","0.073","0.36","0.22278664731495","0.29","0.20283018867924","0.005","0.015521236377343","0.182","0.07","0.0075998625261921","0.001088534107402","0.00017184225989202","17.184225989202"
"245","4617","73","59.092676181409","1.2353476727961","0.0032469984142566","0.063","0.21","0.17684814619044","0.29","0.60484784414408","0.023","0.015521236377343","0.062","0.05","0.0075998625261921","0.0011326738654383","0.00023836184436635","23.836184436635"
"246","4618","63","51.007202403511","1.2351196896002","0.0038491820488146","0.058","0.25","0.21502930627242","0.25","0.65532324381069","0.023","0.015521236377343","0.108","0.08","0.0075998625261921","0.0013997025632053","0.00024390514307254","24.390514307254"
"247","4619","7","4.2792325347709","1.6358073423497","0.031282586027112","0.093","0","0.18143899895725","0.3","0.64025026068822","0.015","0.015521236377343","0","0","0.0075998625261921","0.0020855057351408","0.00016629896118582","16.629896118582"
"248","4620","10","4.9887194722356","2.0045224141494","0.10554561717352","0.066","0","0.23792486583184","0.25","0.58497316636852","0.007","0.025410733844469","0","0","0.0060372398685652","0.001788908765653","0.00025848849945235","25.848849945235"
"249","4621","99","66.504360477817","1.4886241937929","0.0088566827697262","0.068","0.24","0.19612184648417","0.25","0.56951154052603","0.02","0.025410733844469","0.073","0.08","0.0060372398685652","0.0010735373054214","0.00028915662650602","28.915662650602"
"250","4622","43","37.669740415575","1.1414997694601","0.014925373134328","0.07","0.25","0.19438521677328","0.23","0.60542525467899","0.027","0.025410733844469","0.065","0.07","0.0060372398685652","0.0011845534233594","0.00027601314348302","27.601314348302"
"251","4623","20","10.682463699939","1.8722272840594","0.050125313283208","0.067","0.24","0.1687552213868","0.31","0.44152046783626","0.013","0.025410733844469","0.049","0.06","0.0060372398685652","0.0016708437761069","0.00026286966046002","26.286966046002"
"252","4624","96","93.978015031085","1.0215155104973","0.0065049142965671","0.075","0.25","0.13318455913774","0.26","0.70172356488296","0.021","0.025410733844469","0.068","0.08","0.0060372398685652","0.00099710365129861","0.00030010952902519","30.010952902519"
"253","4625","24","20.883011744242","1.1492595174457","0.025641025641026","0.082","0.34","0.14615384615385","0.29","0.32521367521368","0.014","0.025410733844469","0.041","0.08","0.0060372398685652","0.00085470085470085","0.00026286966046002","26.286966046002"
"254","4626","130","146.29263675961","0.88862982361592","0.0045447613237761","0.068","0.26","0.10992832087845","0.31","0.4938233948452","0.029","0.025410733844469","0.073","0.08","0.0060372398685652","0.0010065578770779","0.00032639649507119","32.639649507119"
"255","4627","121","114.2407834778","1.0591664055203","0.0056245605812046","0.06","0.26","0.11479571908445","0.32","0.73818451683462","0.024","0.025410733844469","0.064","0.07","0.0060372398685652","0.0010936645574564","0.00031544359255203","31.544359255203"
"256","4628","32","18.531441832016","1.7267949407323","0.028653985071033","0.058","0.25","0.21695160125211","0.37","0.70334697808813","0.01","0.025410733844469","0.098","0.08","0.0060372398685652","0.00072236937153865","0.00026067907995619","26.067907995619"
"257","4629","1","1.6510073387542","0.60569082676191","0.31621621621622","0.046","0","0.15675675675676","0.23","0","0","0.025410733844469","0","0","0.0060372398685652","0.0027027027027027","0.00025629791894852","25.629791894852"
"258","4630","39","33.310188604864","1.1708129444306","0.016208975217683","0.057","0.31","0.16289350301407","0.35","0.3304755525787","0.01","0.025410733844469","0.095","0.08","0.0060372398685652","0.00066979236436705","0.00026506024096386","26.506024096386"
"259","4631","108","117.06980686366","0.92252650699063","0.005412410428419","0.069","0.28","0.1363012654368","0.29","0.42578899222442","0.017","0.025410733844469","0.067","0.08","0.0060372398685652","0.00099100472633023","0.00031106243154436","31.106243154436"
"260","4632","12","12.445025588609","0.96424068512832","0.042309071351739","0.074","0.32","0.16672642524202","0.3","0.36751523843672","0.017","0.025410733844469","0.106","0.09","0.0060372398685652","0.00071710290426676","0.00025848849945235","25.848849945235"
"261","4633","2","2.6193008320235","0.76356254140344","0.19931856899489","0.062","0","0.2350936967632","0.41","0.74616695059625","0","0.025410733844469","0","0","0.0060372398685652","0.0017035775127768","0.00025629791894852","25.629791894852"
"262","4634","19","7.4607682983702","2.5466546125217","0.071172248803828","0.066","0.4","0.21531100478469","0.34","0","0","0.025410733844469","0.107","0.07","0.0060372398685652","0.0017942583732057","0.00026067907995619","26.067907995619"
"263","4635","10","10.258556410259","0.97479602393175","0.010439321444106","0.075","0.35","0.19965202261853","0.33","0.21748586341888","0.007","0.018506523549551","0.115","0.07","0.010405713468543","0.00086994345367551","0.00020188934781329","20.188934781329"
"264","4636","2","3.8464008810976","0.51996660302067","0.026682134570766","0.067","0","0.21925754060325","0.35","0.28886310904872","0","0.018506523549551","0","0.09","0.010405713468543","0.0011600928074246","0.0001934772916544","19.34772916544"
"265","4637","8","6.6174159010066","1.2089311174749","0.016183412002697","0.069","0.3","0.22319622387053","0.3","0","0","0.018506523549551","0","0.08","0.010405713468543","0.0013486176668914","0.00020188934781329","20.188934781329"
"266","4638","25","19.098138945589","1.3090280718569","0.0063084112149533","0.065","0.26","0.19299065420561","0.28","0.65186915887851","0.031","0.018506523549551","0.072","0.09","0.010405713468543","0.0011682242990654","0.00022712551628995","22.712551628995"
"267","4639","27","12.306697946714","2.1939272513965","0.009427121102248","0.07","0.23","0.23313995649021","0.3","0.41334300217549","0.015","0.018506523549551","0","0","0.010405713468543","0.0014503263234228","0.00021871346013106","21.871346013106"
"268","4640","57","47.870288459878","1.1907177047361","0.0035421327367636","0.066","0.19","0.15678598061148","0.21","0.7037658463833","0.022","0.018506523549551","0.03","0.09","0.010405713468543","0.0014914243102163","0.0003196581340377","31.96581340377"
"269","4641","18","7.536625392313","2.3883368302157","0.013617525162818","0.076","0.22","0.18886915334518","0.27","0.34635879218472","0.004","0.018506523549551","0.062","0","0.010405713468543","0.00059206631142688","0.0001934772916544","19.34772916544"
"270","4642","14","9.9238927605115","1.4107367277998","0.010791366906475","0.056","0.19","0.18570143884892","0.29","0.52922661870504","0.008","0.018506523549551","0.076","0","0.010405713468543","0.00089928057553957","0.00020188934781329","20.188934781329"
"271","4643","35","24.992681363141","1.4004099636791","0.005177646848777","0.053","0.1","0.20353508302089","0.31","0.96018568112837","0.02","0.018506523549551","0.131","0.05","0.010405713468543","0.0012497768255669","0.00024394962860772","24.394962860772"
"272","4644","20","22.413540169087","0.89231776190288","0.0057734421660362","0.058","0.24","0.18793549671511","0.28","0.31256221381644","0.007","0.018506523549551","0.032","0.05","0.010405713468543","0.0013935894883536","0.00024394962860772","24.394962860772"
"273","4645","23","13.386545989899","1.7181429785813","0.0086666666666667","0.088","0.24","0.23033333333333","0.36","0.18666666666667","0.009","0.018506523549551","0.098","0.07","0.010405713468543","0.0013333333333333","0.00021871346013106","21.871346013106"
"274","4646","14","12.980487428205","1.0785419328383","0.0085940185630801","0.071","0.28","0.19800618769337","0.34","0.46098315572362","0.069","0.018506523549551","0.084","0.1","0.010405713468543","0.0010312822275696","0.00021030140397217","21.030140397217"
"275","4647","94","92.425175696257","1.0170389105769","0.0023173852170135","0.063","0.23","0.13054603389176","0.23","0.62661130690871","0.019","0.018506523549551","0.047","0.1","0.010405713468543","0.0012552503258823","0.00040377869562657","40.377869562657"
"276","4648","37","17.447131606835","2.1206924343659","0.0066496163682864","0.07","0.25","0.23222506393862","0.37","0.4923273657289","0.026","0.018506523549551","0.107","0.07","0.010405713468543","0.0010230179028133","0.00021871346013106","21.871346013106"
"277","4649","48","38.887916100656","1.2343165901654","0.0037865748709122","0.063","0.19","0.17200229489386","0.28","0.43098106712564","0.017","0.018506523549551","0.079","0.08","0.010405713468543","0.0012621916236374","0.00027759785324327","27.759785324327"
"278","4650","29","25.456748290791","1.1391871290369","0.0050832602979842","0.07","0.19","0.19368974583699","0.21","0.49184925503944","0.024","0.018506523549551","0.08","0.09","0.010405713468543","0.0012269938650307","0.00024394962860772","24.394962860772"
"279","4651","38","31.31559325237","1.213452981515","0.0042747221430607","0.062","0.21","0.17041892277002","0.24","0.4438586491878","0.028","0.018506523549551","0.063","0.1","0.010405713468543","0.0011399259048162","0.00025236168476661","25.236168476661"
"280","5001","739","800.42620655601","0.92325812666691","0.0011205262571078","0.09","0.2","0.12782361467276","0.23","0.95880811684692","0.057","0.0096634908921598","0.054","0.13","0.0064393989308665","0.00099788159215074","0.0008828916678746","88.28916678746"
"281","5006","144","106.02144424","1.3582157933449","0.004503367003367","0.06","0.19","0.18838383838384","0.28","0.62760942760943","0.022","0.03330711568404","0.08","0.06","0.01689834507777","0.001010101010101","0.00042938088893883","42.938088893883"
"282","5007","74","68.119670360598","1.0863235187175","0.0064849993449496","0.065","0.21","0.16605528625704","0.29","0.70758548408227","0.032","0.03330711568404","0.044","0.09","0.01689834507777","0.0010480807022141","0.00039727764490602","39.727764490602"
"283","5014","20","19.303399317434","1.0360869436057","0.020573277854831","0.078","0.32","0.18539066111882","0.48","0.27970411465557","0.012","0.03330711568404","0.119","0.1","0.01689834507777","0.0013869625520111","0.00035714858986501","35.714858986501"
"284","5020","6","4.5737365465487","1.3118376930843","0.081951219512195","0.054","0","0.25170731707317","0.45","0","0","0.03330711568404","0","0","0.01689834507777","0.00097560975609756","0.0003370840623445","33.70840623445"
"285","5021","28","29.856459739471","0.93782049996315","0.013600358690779","0.063","0.26","0.18188611567778","0.33","0.59348378418771","0.024","0.03330711568404","0.056","0.07","0.01689834507777","0.0011956359288597","0.00036517440087321","36.517440087321"
"286","5022","24","11.731076469148","2.0458480569212","0.03271205781666","0.069","0.3","0.22175732217573","0.35","0.35831114492202","0","0.03330711568404","0","0.07","0.01689834507777","0.00114111829593","0.0003451098733527","34.51098733527"
"287","5025","26","24.903437723208","1.0440325664665","0.016126142268411","0.057","0.25","0.20014334348683","0.27","0.6609926536463","0.011","0.03330711568404","0.056","0.07","0.01689834507777","0.0012542555097653","0.00036116149536911","36.116149536911"
"288","5026","8","9.1385487291042","0.87541252305433","0.04150390625","0.048","0.19","0.2431640625","0.32","0.14990234375","0","0.03330711568404","0.125","0.05","0.01689834507777","0.0009765625","0.0003410969678486","34.10969678486"
"289","5027","29","26.840024709747","1.080475905429","0.01479634247714","0.055","0.3","0.1860349127182","0.32","0.3973399833749","0.013","0.03330711568404","0.087","0.07","0.01689834507777","0.00099750623441397","0.00035714858986501","35.714858986501"
"290","5028","48","67.057671045399","0.7158017755717","0.0063215331381421","0.057","0.22","0.14353207346287","0.31","0.59196167154645","0.023","0.03330711568404","0.071","0.07","0.01689834507777","0.00079850944902848","0.00038122602288961","38.122602288961"
"291","5029","28","30.146501569252","0.928797656195","0.013124136569963","0.054","0.29","0.13336293664891","0.28","0.5714920071048","0.014","0.03330711568404","0.087","0.07","0.01689834507777","0.00083876060785475","0.00035581095469697","35.581095469697"
"292","5031","49","56.567081171315","0.86622818404934","0.0027871999158581","0.062","0.2","0.11785122663091","0.23","0.85935158160448","0.013","0.0096634908921598","0.069","0.07","0.0064393989308665","0.001051773553154","0.00015520152038923","15.520152038923"
"293","5032","14","17.830879258545","0.78515477543211","0.0065065065065065","0.054","0.31","0.20495495495495","0.33","0.22872872872873","0.006","0.0096634908921598","0.091","0.06","0.0064393989308665","0.001001001001001","0.00011420489236189","11.420489236189"
"294","5033","5","3.8731739730773","1.2909309095732","0.09715821812596","0.071","0","0.24308755760369","0.37","0","0","0.03330711568404","0","0.05","0.01689834507777","0.0015360983102919","0.00033842169751253","33.842169751253"
"295","5034","7","11.168841537572","0.6267436042003","0.034225595951525","0.074","0.3","0.20695165801039","0.36","0.39592489013184","0.013","0.03330711568404","0.065","0.06","0.01689834507777","0.0010653882008257","0.00034377223818467","34.377223818467"
"296","5035","105","96.646399865072","1.0864346747172","0.0048632593071395","0.063","0.23","0.15185373285932","0.26","0.69259891961771","0.03","0.03330711568404","0.056","0.08","0.01689834507777","0.0010311340936024","0.00042269271309866","42.269271309866"
"297","5036","14","11.325017907454","1.2362011357867","0.033884948778566","0.068","0.2","0.18951930654058","0.34","0","0.007","0.03330711568404","0.079","0.07","0.01689834507777","0.0011820330969267","0.0003451098733527","34.51098733527"
"298","5037","75","83.625752798897","0.89685291300587","0.0055137577148142","0.065","0.21","0.15564804439464","0.22","0.64617683154581","0.027","0.03330711568404","0.078","0.07","0.01689834507777","0.0010849652277538","0.00041466690209046","41.466690209046"
"299","5038","67","63.960916739736","1.0475146920209","0.0066043439840007","0.053","0.26","0.15466722478024","0.32","0.66499232593833","0.026","0.03330711568404","0.072","0.07","0.01689834507777","0.00081391563183108","0.00037988838772158","37.988838772158"
"300","5041","16","9.6918592966866","1.6508700250601","0.039441375076734","0.051","0.18","0.22283609576427","0.29","0.31123388581952","0.003","0.03330711568404","0.056","0.08","0.01689834507777","0.0012277470841007","0.00034377223818467","34.377223818467"
"301","5042","10","6.2738278872658","1.5939232283208","0.060455192034139","0.066","0.14","0.21906116642959","0.34","0.15504978662873","0","0.03330711568404","0","0.09","0.01689834507777","0.0014224751066856","0.0003410969678486","34.10969678486"
"302","5043","3","2.2266288163198","1.3473282919954","0.16833667334669","0.057","0","0.22044088176353","0.39","0.46492985971944","0","0.03330711568404","0","0.09","0.01689834507777","0.0020040080160321","0.0003370840623445","33.70840623445"
"303","5044","6","4.1409048928753","1.4489586588485","0.09051724137931","0.063","0.34","0.24030172413793","0.45","0","0","0.03330711568404","0","0.07","0.01689834507777","0.0010775862068966","0.0003370840623445","33.70840623445"
"304","5045","9","10.517362966064","0.85572781209893","0.036204214396832","0.076","0.19","0.20661858294442","0.28","0.44929995757319","0.014","0.03330711568404","0.051","0.09","0.01689834507777","0.00098995898741338","0.00034243460301663","34.243460301663"
"305","5046","11","5.6669711357238","1.9410721771031","0.066666666666667","0.045","0","0.20314960629921","0.3","0.29763779527559","0","0.03330711568404","0","0","0.01689834507777","0.0013123359580052","0.00033975933268057","33.975933268057"
"306","5047","20","16.224493739757","1.2327041028708","0.023652365236524","0.06","0.31","0.17244224422442","0.26","0.34240924092409","0.006","0.03330711568404","0.088","0.08","0.01689834507777","0.00082508250825083","0.0003451098733527","34.51098733527"
"307","5049","3","4.9485598342659","0.60623698620895","0.075743913435527","0.065","0","0.22182146077547","0.37","0.38593327321912","0","0.03330711568404","0","0.09","0.01689834507777","0.00090171325518485","0.0003370840623445","33.70840623445"
"308","5052","2","2.6282251960168","0.76096979932736","0.14261460101868","0.078","0","0.26994906621392","0.4","0","0","0.03330711568404","0","0","0.01689834507777","0.0016977928692699","0.0003370840623445","33.70840623445"
"309","5053","37","29.972476471383","1.2344658952465","0.013299588109771","0.05","0.26","0.16480571683787","0.25","0.42727408069078","0.011","0.03330711568404","0.076","0.07","0.01689834507777","0.00094288124658826","0.00035848622503304","35.848622503304"
"310","5054","47","44.91186179611","1.0464941358559","0.0091737042556715","0.055","0.31","0.18410332836562","0.36","0.34018877297566","0.011","0.03330711568404","0.104","0.09","0.01689834507777","0.00092730584533863","0.00037052494154534","37.052494154534"
"311","5055","27","26.607991245922","1.0147327451537","0","0.069","0.3","0","0.34","0","0.014","0.03330711568404","0.077","0.06","0.01689834507777","0","0.00036116149536911","36.116149536911"
"312","5056","28","22.534019082996","1.2425657356938","0","0.072","0.32","0","0.4","0","0.013","0.03330711568404","0.116","0.09","0.01689834507777","0","0.0003491227788568","34.91227788568"
"313","5057","56","43.296551913329","1.2934055375149","0.0097907863547356","0.066","0.21","0.19055962073586","0.34","0.46490776048645","0.01","0.03330711568404","0.086","0.05","0.01689834507777","0.0012367309079666","0.00038122602288961","38.122602288961"
"314","5058","26","18.843794571781","1.3797645639237","0.0059199621122425","0.059","0.34","0.22874733601705","0.41","0.27042386928724","0","0.0096634908921598","0.076","0.06","0.0064393989308665","0.0007103954534691","0.00010981239650182","10.981239650182"
"315","5059","75","81.287569432661","0.92265029602257","0","0.057","0.3","0","0.32","0","0.018","0.03330711568404","0.09","0.07","0.01689834507777","0","0.00040129055041012","40.129055041012"
"316","5060","53","40.757570357245","1.3003719195096","0.010072257499453","0.055","0.33","0.1768119115393","0.41","0.46781256842566","0.012","0.03330711568404","0.144","0.09","0.01689834507777","0.00098532953798993","0.00036918730637731","36.918730637731"
"317","5061","15","9.1965570950604","1.6310451666806","0.020863658418244","0.042","0.21","0.2265890344493","0.34","0.33139252789908","0","0.016137621637323","0","0.06","0.012393693417464","0.0014556040756914","0.00017347943260122","17.347943260122"
"318","5401","244","304.49483726823","0.80132721522979","0.0022421196090212","0.081","0.23","0.10898459825027","0.27","0.85707586570729","0.033","0.037338402304313","0.094","0.14","0.0095867560202112","0.0011137326162458","0.00074191890292985","74.191890292985"
"319","5402","134","106.64168753753","1.2565442566993","0.0044771747771873","0.07","0.24","0.16029959412528","0.26","0.83936566383531","0.034","0.037338402304313","0.088","0.09","0.0095867560202112","0.0012552826478095","0.00051885831773526","51.885831773526"
"320","5403","49","85.098272857786","0.57580487070387","0.0016255046929894","0.061","0.34","0.11231713072204","0.31","0.79025745896912","0.023","0.012029170739042","0.13","0.14","0.0093677167130291","0.0012060196109276","0.00046613036613788","46.613036613788"
"321","5404","8","9.419666194892","0.84928699536488","0.0047370914258645","0.082","0.35","0.19848413074372","0.39","0.98720985315017","0.008","0.012029170739042","0.223","0","0.0093677167130291","0.0009474182851729","0.00015036463423803","15.036463423803"
"322","5405","26","27.196999269478","0.95598781844948","0.0024610336341263","0.097","0.27","0.13945857260049","0.29","0.915504511895","0.075","0.012029170739042","0.065","0.11","0.0093677167130291","0.0011484823625923","0.00022554695135704","22.554695135704"
"323","5406","32","48.682405583265","0.65732166717333","0.0021998166819432","0.081","0.27","0.14298808432631","0.34","0.80971585701192","0.048","0.012029170739042","0.104","0.11","0.0093677167130291","0.0014665444546288","0.00036087512217127","36.087512217127"
"324","5411","10","13.60965508973","0.73477247836691","0.026229508196721","0.061","0.29","0.17081967213115","0.31","0.51934426229508","0.045","0.037338402304313","0.139","0.11","0.0095867560202112","0.00098360655737705","0.00038793145251234","38.793145251234"
"325","5412","31","18.834870207787","1.6458833885238","0.019663586827766","0.063","0.26","0.2198531153755","0.35","0.35655058043118","0.013","0.037338402304313","0.138","0.08","0.0095867560202112","0.0014214641080313","0.00040247888198155","40.247888198155"
"326","5413","11","6.3318362532221","1.7372527589295","0.054263565891473","0.078","0.25","0.29457364341085","0.4","0.3107822410148","0.02","0.037338402304313","0.247","0.11","0.0095867560202112","0","0.00037338402304313","37.338402304313"
"327","5414","6","4.9753329262457","1.2059494487995","0.07085201793722","0.077","0","0.25022421524664","0.43","0","0.012","0.037338402304313","0.15","0","0.0095867560202112","0.0017937219730942","0.00038308230935594","38.308230935594"
"328","5415","7","4.4755685426228","1.5640471000133","0.077766699900299","0.035","0.49","0.2333000997009","0.41","0.26819541375872","0","0.037338402304313","0.217","0.11","0.0095867560202112","0.00099700897308076","0.00037823316619953","37.823316619953"
"329","5416","22","17.589921430727","1.2507162176159","0.02105530187722","0.06","0.23","0.16666666666667","0.3","0.61567732115677","0.02","0.037338402304313","0.087","0.1","0.0095867560202112","0.0015220700152207","0.00040247888198155","40.247888198155"
"330","5417","14","9.7230945706631","1.4398708043262","0.038549793483249","0.063","0.2","0.18494722349702","0.28","0.33088572739789","0.024","0.037338402304313","0.099","0.09","0.0095867560202112","0.0032124827902708","0.00040732802513796","40.732802513796"
"331","5418","37","29.285300443902","1.2634324879431","0.013408502209355","0.061","0.26","0.16912997104982","0.33","0.52430291025446","0.009","0.037338402304313","0.096","0.08","0.0095867560202112","0.0016760627761694","0.00042672459776358","42.672459776358"
"332","5419","14","15.04201551065","0.9307263371779","0.024325126075349","0.06","0.25","0.16730940373776","0.33","0.43814891723524","0.007","0.037338402304313","0.091","0.06","0.0095867560202112","0.0014832393948383","0.00039762973882515","39.762973882515"
"333","5420","6","5.3769293059426","1.1158785356112","0.063900414937759","0.056","0","0.23900414937759","0.38","0","0","0.037338402304313","0.094","0.07","0.0095867560202112","0","0.00037338402304313","37.338402304313"
"334","5421","67","65.370966250672","1.0249198358654","0.0066211604095563","0.066","0.35","0.18088737201365","0.4","0.4701023890785","0.029","0.037338402304313","0.118","0.09","0.0095867560202112","0.0013651877133106","0.00047036688617121","47.036688617121"
"335","5422","29","24.617858075424","1.1780066288119","0.015225666122893","0.062","0.35","0.21352184158057","0.46","0.24560449519666","0.006","0.037338402304313","0.151","0.09","0.0095867560202112","0.0012688055102411","0.00040732802513796","40.732802513796"
"336","5423","13","10.517362966064","1.2360512841429","0.03394145099703","0.082","0.33","0.21722528638099","0.56","0.12982605006364","0.01","0.037338402304313","0.126","0.09","0.0095867560202112","0.0012728044123886","0.00038793145251234","38.793145251234"
"337","5424","11","13.770293641609","0.798821019093","0.025923525599481","0.076","0.31","0.21224886584576","0.46","0.33959818535321","0.011","0.037338402304313","0.195","0.07","0.0095867560202112","0.00097213220998056","0.00038793145251234","38.793145251234"
"338","5425","11","8.4513727016227","1.3015637090396","0.042238648363252","0.076","0.43","0.15892291446674","0.4","0.26451953537487","0.012","0.037338402304313","0.068","0.13","0.0095867560202112","0.001583949313622","0.00038793145251234","38.793145251234"
"339","5426","13","9.7498676626429","1.3333514309953","0.036613272311213","0.061","0.52","0.21830663615561","0.51","0.13363844393593","0.007","0.037338402304313","0.183","0.09","0.0095867560202112","0.0013729977116705","0.00038793145251234","38.793145251234"
"340","5427","10","12.873395060286","0.77679586101181","0.027729636048527","0.058","0.65","0.18058925476603","0.46","0.80381282495667","0.008","0.037338402304313","0.189","0.11","0.0095867560202112","0.0010398613518198","0.00038793145251234","38.793145251234"
"341","5428","19","21.440784493821","0.88616160502315","0.017065556711759","0.067","0.3","0.1741935483871","0.39","0.53423517169615","0.011","0.037338402304313","0.153","0.1","0.0095867560202112","0.0010405827263267","0.00039762973882515","39.762973882515"
"342","5429","8","5.774063503643","1.3855060643085","0.008500772797527","0.066","0.36","0.23261205564142","0.45","0","0","0.012029170739042","0.073","0.11","0.0093677167130291","0.0023183925811437","0.00016540109766183","16.540109766183"
"343","5430","12","13.096504160117","0.91627504968412","0.0040885860306644","0.082","0.33","0.12231686541738","0.48","0.45621805792164","0","0.012029170739042","0.092","0.18","0.0093677167130291","0.0013628620102215","0.00018043756108563","18.043756108563"
"344","5432","4","4.8102321923703","0.831560689803","0.0083487940630798","0.067","0","0.24118738404453","0.56","0.45732838589981","0","0.012029170739042","0.129","0.05","0.0093677167130291","0.00092764378478664","0.00013532817081422","13.532817081422"
"345","5433","3","4.3372409007272","0.69168396883305","0.010288065843621","0.055","0","0.20267489711934","0.45","0.67798353909465","0","0.012029170739042","0.183","0.1","0.0093677167130291","0.0020576131687243","0.00015036463423803","15.036463423803"
"346","5434","5","5.4795594918652","0.91248210872112","0.00814332247557","0.083","0","0.22394136807818","0.52","0.82980456026059","0.015","0.012029170739042","0.07","0.08","0.0093677167130291","0.001628664495114","0.00015036463423803","15.036463423803"
"347","5435","14","14.386074757144","0.97316330106288","0.0043424317617866","0.097","0.27","0.16408188585608","0.44","0.87872208436725","0.03","0.012029170739042","0.148","0.1","0.0093677167130291","0.0018610421836228","0.00021051048793324","21.051048793324"
"348","5436","9","17.759484346599","0.50677147063245","0.0035175879396985","0.082","0.22","0.16180904522613","0.34","0.55427135678392","0.012","0.012029170739042","0.169","0.1","0.0093677167130291","0.0015075376884422","0.00021051048793324","21.051048793324"
"349","5437","5","12.35131976668","0.40481503956269","0.0043352601156069","0.079","0.45","0.14125722543353","0.35","0.6853323699422","0","0.012029170739042","0.183","0.15","0.0093677167130291","0.0014450867052023","0.00018043756108563","18.043756108563"
"350","5438","4","5.9614751475015","0.67097486796979","0.0074850299401198","0.077","0.41","0.18937125748503","0.45","0.69461077844311","0","0.012029170739042","0","0","0.0093677167130291","0.001497005988024","0.00015036463423803","15.036463423803"
"351","5439","3","4.4220223586632","0.6784226212974","0.0090817356205853","0.091","0","0.19475277497477","0.5","0.6962663975782","0","0.012029170739042","0.234","0","0.0093677167130291","0.0010090817356206","0.00013532817081422","13.532817081422"
"352","5440","8","4.6005096385285","1.7389377761545","0.010669253152279","0.071","0","0.20562560620757","0.5","0.95150339476237","0","0.012029170739042","0.162","0.09","0.0093677167130291","0.002909796314258","0.00016540109766183","16.540109766183"
"353","5441","10","12.926941244245","0.7735782047011","0.0041422160856058","0.074","0.44","0.18639972385226","0.43","0.19468415602347","0","0.012029170739042","0.114","0.11","0.0093677167130291","0.0013807386952019","0.00018043756108563","18.043756108563"
"354","5442","5","3.9847285229932","1.2547906265504","0.010078387458007","0.071","0.42","0.22172452407615","0.43","0","0","0.012029170739042","0","0.11","0.0093677167130291","0.0011198208286674","0.00013532817081422","13.532817081422"
"355","5443","10","9.2411789150267","1.0821130173921","0.0053114437469821","0.08","0.54","0.14534041525833","0.51","0.98744567841622","0.026","0.012029170739042","0.156","0.11","0.0093677167130291","0.0014485755673588","0.00016540109766183","16.540109766183"
"356","5444","38","43.845400298915","0.86668156159907","0.0095664563403216","0.066","0.23","0.14858538571138","0.32","0.77427233869326","0.022","0.03330711568404","0.122","0.1","0.01689834507777","0.0011194789334419","0.00037721311738551","37.721311738551"
