kommunenummer,kommunenavn,A,B,C,D/E,F,G,H,I,J,K,L/M,N,O,P,Q,R/S/T/U,0,Total
5018,Åfjord,239,9,69,32,282,192,79,50,6,22,64,35,72,148,352,31,1658,3340
5016,Agdenes,89,16,92,6,88,53,69,12,3,0,35,23,41,42,179,49,896,1693
619,Ål,97,26,140,75,422,270,79,93,57,34,114,90,125,251,490,91,2217,4671
1504,Ålesund,411,253,2694,255,1806,3897,1483,992,629,487,1475,1216,1115,1984,5745,870,22686,47998
1820,Alstahaug,158,97,177,37,263,481,292,110,48,16,188,86,202,322,1048,89,3801,7415
2012,Alta,423,191,434,236,1399,1445,556,361,216,57,468,431,582,1093,2263,428,10082,20665
438,Alvdal,142,3,183,13,152,140,62,31,18,6,45,35,45,105,272,39,1127,2418
929,Åmli,57,16,119,18,125,93,27,15,3,6,12,14,43,53,196,24,1027,1848
429,Åmot,99,11,56,30,155,216,95,44,9,12,57,93,513,147,432,55,2383,4407
1871,Andøy,161,16,129,37,166,199,130,78,18,9,120,36,400,206,441,55,2570,4771
1424,Årdal,9,22,1117,60,137,174,39,36,39,22,55,79,79,174,491,49,2663,5245
118,Aremark,51,6,106,6,69,65,40,12,9,3,26,24,41,52,117,10,720,1357
906,Arendal,175,460,1581,225,1812,2870,864,668,449,475,950,863,1370,1787,4983,741,24512,44785
214,Ås,147,29,387,86,863,1723,408,334,500,198,948,598,733,1298,1668,495,9920,20335
1026,Åseral,56,6,42,14,93,33,24,19,3,0,17,22,26,38,112,15,419,939
220,Asker,140,552,1459,293,1985,4318,1142,872,2323,996,3500,1761,2174,2196,5831,1536,30445,61523
124,Askim,87,21,569,83,822,1406,368,187,174,113,334,470,421,566,1359,255,8630,15865
1247,Askøy,114,536,1093,173,1603,1798,769,382,342,289,834,662,1008,1103,3214,536,14819,29275
1428,Askvoll,168,61,101,12,129,131,125,33,21,12,54,33,63,136,344,37,1578,3038
425,Åsnes,282,13,312,48,296,402,165,52,29,24,107,154,151,251,848,82,3998,7214
1027,Audnedal,55,6,113,8,151,93,40,3,0,3,40,14,58,83,199,15,899,1780
1547,Aukra,72,115,244,6,121,122,105,68,10,12,62,49,106,128,391,37,1891,3539
1576,Aure,222,86,189,9,163,106,145,42,12,6,58,70,86,128,392,28,1811,3553
1421,Aurland,34,9,58,56,116,67,47,98,12,6,29,95,33,87,173,21,823,1764
221,Aurskog-Høland,188,26,669,142,1019,1459,630,158,130,107,327,491,385,588,1605,288,8288,16500
1244,Austevoll,497,67,311,40,172,190,294,52,32,17,171,46,79,220,461,54,2509,5212
1264,Austrheim,29,140,230,22,139,93,145,31,9,0,38,91,42,65,238,29,1546,2887
1554,Averøy,210,129,419,47,232,249,219,79,21,17,139,165,105,202,537,50,3029,5849
219,Bærum,203,1309,2232,743,3908,8397,2355,1742,5434,2922,7895,3529,4883,4395,11331,3194,62369,126841
1418,Balestrand,24,3,69,26,36,30,32,26,3,3,13,26,55,95,190,12,636,1279
1854,Ballangen,72,39,31,35,101,138,49,27,3,3,48,30,48,84,264,21,1477,2470
1933,Balsfjord,194,42,317,47,369,258,163,93,20,9,51,56,130,247,649,67,2913,5625
814,Bamble,77,253,945,103,664,895,269,228,116,60,369,334,290,471,1258,191,7566,14089
1922,Bardu,60,6,36,31,112,161,45,56,19,0,47,75,885,183,409,45,1860,4030
2028,Båtsfjord,139,3,307,3,85,85,80,34,0,3,33,29,49,73,188,22,1137,2270
1839,Beiarn,39,8,22,7,53,48,36,3,3,0,9,9,39,37,140,9,560,1022
1929,Berg,32,27,84,0,18,19,20,23,0,0,12,8,20,45,89,13,478,888
1201,Bergen,614,5826,7363,1438,9795,17472,7238,6013,5388,4408,11446,8220,9204,13918,31325,6562,134960,281190
2024,Berlevåg,77,3,87,3,37,37,33,9,0,0,6,17,31,25,111,11,494,981
1811,Bindal,74,7,45,15,48,51,47,12,3,0,10,12,30,72,176,19,829,1450
928,Birkenes,72,26,440,18,322,290,151,70,28,21,54,90,116,190,488,79,2757,5212
1114,Bjerkreim,196,41,191,13,215,171,55,42,16,6,58,45,69,108,236,38,1307,2807
5017,Bjugn,148,40,226,28,286,210,126,54,12,25,60,80,231,184,493,43,2658,4904
1867,Bø (Nordland),113,20,90,9,109,102,65,13,18,3,23,34,62,71,317,27,1540,2616
821,Bø (Telemark),80,38,204,34,293,431,99,144,53,32,173,115,140,431,605,161,3597,6630
1804,Bodø,311,177,858,267,2318,3419,2098,1200,622,329,1370,1146,3255,2609,6678,1147,24220,52024
1145,Bokn,72,40,45,3,30,34,49,3,3,3,3,6,21,24,87,12,405,840
1219,Bømlo,350,306,1247,69,489,506,412,121,46,24,150,230,198,467,1114,160,6071,11960
1438,Bremanger,151,111,359,27,101,90,100,24,6,3,29,47,64,141,388,43,2021,3705
1813,Brønnøy,242,149,151,37,328,427,280,121,27,18,123,144,601,344,790,74,4060,7916
938,Bygland,37,7,49,18,61,47,25,9,13,3,19,3,39,56,132,18,656,1192
941,Bykle,13,9,23,15,106,64,7,49,6,3,16,21,39,55,103,38,386,953
2025,Deatnu - Tana,125,43,65,43,105,146,97,28,20,7,46,44,114,167,348,38,1464,2900
1850,Divtasvuodna - Tysfjord,49,16,184,10,81,53,46,18,3,3,9,14,64,68,187,28,1092,1925
1827,Dønna,106,11,19,6,33,62,64,12,0,0,47,3,28,69,157,9,765,1391
511,Dovre,97,9,83,26,162,160,63,95,6,0,51,52,89,88,223,33,1378,2615
602,Drammen,88,130,2251,316,2711,5498,1713,1298,1398,659,2329,2269,1953,2310,7123,1678,35209,68933
817,Drangedal,98,32,154,43,344,227,71,34,15,24,56,72,84,105,436,64,2221,4080
1926,Dyrøy,38,3,54,3,47,32,23,10,3,0,13,15,38,38,149,9,654,1129
1443,Eid,149,77,362,61,350,394,166,75,44,12,148,78,118,284,775,98,2960,6151
1551,Eide,79,94,299,22,243,190,83,18,14,6,52,56,118,116,339,47,1657,3433
1232,Eidfjord,6,24,6,33,74,46,29,36,6,3,28,23,31,32,97,10,422,906
125,Eidsberg,191,19,663,62,683,879,306,122,83,67,215,284,277,409,950,212,6002,11424
420,Eidskog,128,12,320,50,275,354,165,52,40,9,104,90,176,166,685,80,3408,6114
237,Eidsvoll,188,50,666,127,1221,2025,1157,613,341,125,539,795,946,971,2395,417,12343,24919
1101,Eigersund,168,411,1282,115,707,893,255,253,102,29,253,357,315,577,1383,213,7517,14830
427,Elverum,284,39,673,138,835,1347,335,324,131,88,418,353,1151,912,2714,371,11078,21191
229,Enebakk,76,22,225,74,810,1004,383,154,179,60,267,374,323,367,1028,203,5477,11026
434,Engerdal,49,0,9,6,124,42,33,9,6,3,25,18,48,73,125,23,693,1286
1211,Etne,164,84,267,43,305,227,77,47,47,18,85,61,73,138,392,39,2010,4077
541,Etnedal,68,0,32,17,80,91,37,12,3,6,25,20,40,47,119,9,699,1305
1853,Evenes,16,3,14,6,79,40,56,21,6,3,12,26,62,40,156,14,833,1387
937,Evje og Hornnes,62,32,98,25,197,260,107,80,20,18,55,46,81,201,368,47,1941,3638
729,Færder,93,103,860,72,1025,1730,489,360,442,177,812,551,1022,1035,3097,466,14366,26700
1003,Farsund,152,216,907,33,516,579,194,188,40,29,138,127,164,374,945,125,4968,9695
1841,Fauske - Fuossko,151,82,349,161,528,609,325,138,54,18,162,180,343,439,1006,140,5075,9760
1265,Fedje,6,21,10,3,17,12,38,13,0,0,9,3,13,35,59,6,317,562
227,Fet,57,25,337,76,706,997,382,142,242,139,389,397,475,351,1185,250,5692,11842
1141,Finnøy,281,69,130,10,192,110,103,18,18,6,55,51,65,161,325,45,1511,3150
1222,Fitjar,104,54,270,32,182,141,92,39,18,10,93,47,41,105,319,26,1628,3201
1429,Fjaler,100,32,64,14,120,129,57,18,52,12,47,31,58,184,357,41,1454,2770
1246,Fjell,177,868,1169,163,1404,1746,866,319,291,216,700,675,826,899,2301,497,13049,26166
615,Flå,27,0,45,3,89,89,16,31,7,9,16,35,26,26,92,20,521,1052
1859,Flakstad,140,0,52,3,60,43,25,27,6,0,18,9,39,44,125,16,685,1292
5049,Flatanger,165,3,36,6,41,33,26,16,3,3,26,20,37,38,124,6,520,1103
1004,Flekkefjord,159,180,529,49,417,424,181,102,78,40,207,105,161,361,1161,105,4807,9066
631,Flesberg,51,9,232,20,208,170,43,53,13,6,41,52,61,90,266,34,1345,2694
1401,Flora,234,331,598,102,557,586,575,178,49,52,313,299,292,478,1175,198,5835,11852
439,Folldal,96,6,80,6,72,63,40,12,20,3,23,19,45,57,176,26,833,1577
1432,Førde,150,97,316,104,656,1115,297,206,179,169,306,248,426,581,2170,229,5843,13092
1129,Forsand,54,40,40,11,69,37,38,15,6,0,36,9,37,45,116,15,625,1193
5048,Fosnes,46,3,20,3,19,30,9,3,3,0,6,6,32,20,64,6,335,605
1548,Fræna,267,239,721,60,458,608,362,112,48,33,141,176,263,342,1031,117,4822,9800
106,Fredrikstad,252,116,3703,412,3581,5396,1606,1274,972,473,2165,1870,2154,3088,9393,1471,43846,81772
215,Frogn,72,34,304,69,643,1443,343,236,415,207,682,362,618,658,1362,426,7887,15761
919,Froland,64,53,191,47,388,411,177,57,34,42,68,164,135,217,622,106,3069,5845
5036,Frosta,181,6,76,9,152,154,64,27,17,6,47,60,56,96,238,37,1406,2632
5014,Frøya,374,22,809,26,141,201,190,62,9,9,69,66,104,168,437,37,2344,5068
1241,Fusa,179,81,376,24,202,152,106,25,9,7,73,39,88,171,362,29,1938,3861
831,Fyresdal,46,15,56,18,89,74,18,18,6,3,21,12,35,56,148,13,658,1286
1940,Gáivuotna - Kåfjord - Kaivuono,86,9,23,6,150,76,44,14,6,0,43,14,75,101,254,43,1153,2097
2023,Gamvik,125,0,103,9,27,36,36,9,0,3,6,35,29,22,105,14,610,1169
1430,Gaular,109,28,86,25,177,211,98,20,24,19,72,29,87,149,392,43,1458,3027
522,Gausdal,255,16,289,44,483,405,154,82,69,12,119,95,194,205,698,116,2876,6112
1838,Gildeskål,120,10,56,31,101,63,49,14,6,6,20,22,55,106,222,39,1058,1978
1532,Giske,289,95,471,21,330,461,392,145,73,75,182,215,188,323,911,115,4112,8398
1557,Gjemnes,111,43,137,10,146,107,78,30,9,9,51,28,93,117,297,33,1342,2641
234,Gjerdrum,47,7,146,33,472,680,291,100,119,54,202,226,258,224,632,119,3213,6823
911,Gjerstad,38,24,178,15,144,151,53,40,7,14,26,35,44,59,247,22,1357,2454
1122,Gjesdal,182,375,872,82,747,969,224,161,132,42,340,263,205,441,1065,191,5608,11899
502,Gjøvik,365,33,1657,157,1205,2074,475,483,416,292,659,528,829,1375,3704,558,15866,30676
1445,Gloppen,208,53,340,147,291,320,108,55,23,21,117,98,111,338,661,100,2845,5836
617,Gol,65,9,206,70,325,431,94,228,21,38,123,90,107,172,397,62,2138,4576
534,Gran,223,19,618,93,768,979,379,243,162,79,281,259,427,480,1455,190,6987,13642
1825,Grane,53,7,160,6,75,51,32,23,0,3,15,16,46,52,177,19,758,1493
1234,Granvin,32,24,50,3,67,45,41,9,3,0,18,19,15,38,109,12,452,937
1919,Gratangen,53,6,36,3,55,40,24,15,0,0,9,9,38,35,135,30,617,1105
904,Grimstad,248,203,805,90,993,1560,432,390,266,178,552,523,779,1361,2236,418,12212,23246
5045,Grong,88,3,64,35,141,136,47,37,7,23,35,39,77,150,276,23,1193,2374
423,Grue,176,11,260,43,163,240,82,43,38,17,101,72,108,134,467,57,2634,4646
1411,Gulen,150,74,99,41,107,62,120,15,6,6,37,39,50,78,297,19,1122,2322
2011,Guovdageaidnu - Kautokeino,189,14,99,6,70,83,43,33,36,0,28,37,151,238,303,109,1485,2924
1119,Hå,761,253,1843,96,1404,1065,277,180,108,49,310,448,373,689,1598,276,9084,18814
1866,Hadsel,137,60,480,53,294,354,249,84,54,11,112,142,177,415,1121,118,4230,8091
1034,Hægebostad,64,19,140,9,159,89,20,9,3,3,29,25,18,68,216,16,796,1683
101,Halden,207,54,2242,73,1198,1436,568,397,379,101,690,506,904,1400,2959,434,17629,31177
1571,Halsa,106,14,90,6,43,64,38,18,3,6,17,24,48,52,153,21,871,1574
403,Hamar,193,30,721,171,1025,1968,517,571,451,380,924,577,1371,1537,3635,942,16131,31144
1849,Hamarøy - Hábmer,66,9,42,34,96,71,48,32,6,3,9,21,60,115,175,22,938,1747
2004,Hammerfest,162,498,286,97,362,508,393,212,45,27,152,257,402,462,1604,162,4907,10536
1534,Haram,170,68,1586,21,300,425,222,100,46,35,147,134,146,318,848,103,4714,9383
1517,Hareid,54,107,541,40,193,267,136,50,24,21,132,88,113,173,467,62,2687,5155
1903,Harstad - Hárstták,231,378,568,148,1008,1720,671,457,147,84,624,503,1086,1008,3179,427,12588,24827
2015,Hasvik,65,3,75,6,35,21,33,16,0,0,6,23,21,27,112,9,593,1045
1826,Hattfjelldal,84,6,83,6,58,58,43,6,0,3,15,26,26,59,167,6,713,1359
1106,Haugesund,107,1138,1882,181,1224,2216,1007,804,443,132,947,914,938,1615,4187,586,18929,37250
5011,Hemne,192,78,420,16,203,195,93,40,35,23,56,64,91,162,396,38,2126,4228
1832,Hemnes,114,33,275,65,242,229,83,41,12,10,56,66,109,135,539,54,2438,4501
618,Hemsedal,90,4,70,22,179,160,28,122,15,18,87,85,62,95,235,104,1105,2481
1515,Herøy (Møre og Romsdal),384,135,675,30,270,461,433,99,49,31,233,211,105,312,773,138,4588,8927
1818,Herøy (Nordland),123,30,148,0,36,86,45,8,3,3,27,35,33,45,165,17,976,1780
5013,Hitra,248,22,492,23,246,206,117,73,18,9,83,181,78,190,376,57,2275,4694
827,Hjartdal,72,6,45,23,150,78,34,19,6,10,33,17,23,48,174,12,822,1572
1133,Hjelmeland,217,82,182,9,123,93,63,32,0,14,46,58,49,98,219,35,1364,2684
138,Hobøl,79,11,150,31,378,533,192,68,76,44,162,210,148,196,602,142,2620,5642
620,Hol,73,25,103,94,357,288,70,291,19,25,94,120,103,187,454,126,2044,4473
612,Hole,99,33,176,43,350,467,118,124,120,70,319,153,255,261,707,136,3414,6845
715,Holmestrand,108,37,868,124,758,1017,314,172,206,62,356,347,438,454,1416,258,7436,14371
5026,Holtålen,48,18,107,9,189,85,41,31,7,21,23,30,40,61,239,25,1051,2025
1444,Hornindal,56,9,96,11,75,69,28,21,7,6,22,13,38,41,128,15,517,1152
701,Horten,87,80,1745,92,929,1594,585,402,460,85,625,553,968,1137,2644,463,14885,27334
1416,Høyanger,93,60,325,76,169,126,79,42,25,7,49,79,79,158,478,49,2197,4091
5046,Høylandet,83,3,44,9,57,86,28,0,6,3,26,6,59,52,144,21,627,1254
239,Hurdal,51,6,77,16,113,214,138,51,20,6,35,72,86,117,288,42,1532,2864
628,Hurum,63,43,393,112,459,752,231,123,139,42,263,249,221,386,969,140,4936,9521
111,Hvaler,56,11,164,23,238,266,107,36,61,13,114,100,152,180,473,84,2521,4599
1413,Hyllestad,57,17,126,10,81,54,34,28,6,3,18,12,28,47,143,18,684,1366
1917,Ibestad,97,7,28,6,61,42,41,20,3,0,18,8,32,43,177,10,782,1375
5053,Inderøy,230,45,370,27,340,359,125,70,24,22,148,90,254,335,723,94,3548,6804
5054,Indre Fosen,295,40,819,65,558,463,233,61,54,60,169,145,238,405,1103,110,5170,9988
935,Iveland,22,4,94,8,111,75,40,6,6,3,12,12,26,46,141,12,708,1326
532,Jevnaker,52,11,379,43,420,499,136,110,52,49,184,152,219,208,792,106,3434,6846
1431,Jølster,88,18,69,18,231,237,83,54,28,21,64,45,62,147,397,40,1445,3047
1227,Jondal,69,21,38,6,45,70,20,9,6,3,12,10,28,45,134,16,555,1087
2021,Kárásjohka - Karasjok,120,3,54,11,90,99,23,35,105,0,43,36,135,173,386,60,1300,2673
1936,Karlsøy,158,7,96,8,98,91,103,12,0,6,31,14,58,67,286,29,1188,2252
1149,Karmøy,392,1446,2723,224,1831,2437,1366,550,326,107,811,843,688,1511,4267,559,22080,42161
5030,Klæbu,41,32,177,44,453,460,200,69,66,51,191,181,156,208,725,86,2936,6076
1120,Klepp,516,627,1355,108,1144,1516,492,271,206,76,515,487,332,616,1738,326,9029,19354
604,Kongsberg,182,56,3731,83,993,1483,330,375,336,83,621,581,570,1113,2644,537,13763,27481
402,Kongsvinger,216,53,545,114,593,1035,444,191,238,65,379,411,771,647,1823,304,9994,17823
815,Kragerø,61,99,494,54,625,556,217,211,51,66,220,145,262,447,929,153,5816,10406
1001,Kristiansand,169,363,4174,628,3057,6043,1937,2010,1223,551,2725,2364,2633,4583,9922,2379,47521,92282
1505,Kristiansund,222,587,735,245,844,1496,914,425,170,122,567,654,668,833,2457,379,12956,24274
622,Krødsherad,51,6,142,18,181,121,28,80,9,3,41,32,53,82,222,41,1129,2239
1911,Kvæfjord,82,13,47,15,102,148,76,26,14,3,51,47,80,143,447,49,1515,2858
1943,Kvænangen,31,11,43,9,46,47,41,9,3,3,13,18,40,46,161,12,669,1202
2017,Kvalsund,33,16,10,10,57,44,34,12,3,3,3,12,31,28,109,12,571,988
1238,Kvam,308,190,524,47,427,423,230,89,37,16,145,77,255,386,851,154,4282,8441
1037,Kvinesdal,81,106,402,56,405,329,97,69,33,25,81,95,117,224,647,89,3192,6048
1224,Kvinnherad,351,231,1039,103,594,621,288,144,65,29,231,194,229,498,1586,157,6777,13137
829,Kviteseid,54,15,52,34,248,126,64,51,30,13,37,34,52,133,225,42,1193,2403
1144,Kvitsøy,18,23,22,0,39,22,24,3,0,3,12,5,18,19,56,6,246,516
1422,Lærdal,83,3,92,53,160,106,50,31,9,6,51,19,53,68,291,23,1053,2151
712,Larvik,436,290,2209,225,2224,3587,1399,662,554,171,1084,991,996,1729,4652,801,25097,47107
2022,Lebesby,169,0,42,15,40,52,14,12,6,0,12,3,45,48,138,20,712,1328
1419,Leikanger,33,11,46,13,94,84,49,27,22,9,59,24,389,88,204,35,1144,2331
1822,Leirfjord,108,36,59,10,134,117,51,19,3,3,36,14,53,85,290,18,1284,2320
5052,Leka,79,6,3,0,10,17,28,3,0,0,9,12,17,15,53,0,315,567
1931,Lenvik,376,44,483,72,545,786,329,152,51,35,207,175,332,600,1333,146,6013,11679
512,Lesja,153,3,70,9,150,110,61,32,6,3,59,15,62,68,191,35,982,2009
5037,Levanger,488,130,989,105,835,1082,359,279,90,68,373,264,491,1094,3090,303,10214,20254
626,Lier,252,120,856,128,1416,2186,610,330,533,255,955,875,814,872,2882,584,12705,26373
5042,Lierne,65,24,87,8,82,49,32,19,0,0,31,13,54,62,157,19,684,1386
501,Lillehammer,160,47,568,199,1030,1817,379,713,579,148,872,549,1499,1384,3681,723,13675,28023
926,Lillesand,58,67,520,64,511,852,227,166,110,69,263,204,346,478,1128,204,5723,10990
1263,Lindås,176,536,1093,132,755,826,539,146,98,62,315,354,324,610,1522,216,8108,15812
1029,Lindesnes,110,47,373,6,312,256,124,69,17,16,83,75,93,168,474,67,2663,4953
1920,Loabák - Lavangen,16,6,13,3,69,24,22,9,3,3,9,10,57,32,140,10,616,1042
1851,Lødingen,75,10,68,6,80,80,69,21,54,0,26,17,42,79,229,27,1194,2077
514,Lom,148,3,73,18,152,102,51,84,9,27,45,20,56,83,218,33,1171,2293
2014,Loppa,52,10,31,3,26,32,41,6,0,3,0,9,32,29,111,13,519,917
230,Lørenskog,43,75,856,187,1725,3830,1511,779,1084,531,1283,1384,1288,1285,4512,858,18875,40106
415,Løten,165,22,297,49,455,540,157,101,48,42,151,113,250,251,912,144,3966,7663
1112,Lund,71,40,400,14,162,123,50,32,30,6,39,38,46,117,310,39,1696,3213
533,Lunner,83,7,293,41,531,754,278,114,156,67,202,255,305,331,988,170,4476,9051
1834,Lurøy,160,9,150,3,72,78,54,10,6,3,31,18,38,86,167,15,1004,1904
1426,Luster,150,30,302,93,340,275,113,76,17,25,83,79,159,213,616,86,2538,5195
1032,Lyngdal,99,130,580,19,431,722,126,186,32,34,133,127,138,364,794,139,4555,8609
1938,Lyngen,111,11,147,12,115,103,102,40,9,3,36,55,73,100,368,25,1537,2847
1924,Målselv,118,10,202,43,275,372,139,123,37,9,75,119,943,299,647,69,3325,6805
5031,Malvik,70,155,460,65,716,846,303,233,273,129,603,400,430,696,1524,229,6908,14040
1002,Mandal,110,178,875,61,802,920,278,243,98,62,358,294,427,674,1619,242,8418,15659
119,Marker,107,3,161,18,195,278,117,30,17,17,59,60,108,132,295,61,1934,3592
1021,Marnardal,82,7,140,12,197,117,38,14,6,6,35,38,37,77,253,25,1213,2297
1266,Masfjorden,56,57,74,62,83,61,52,13,6,0,46,12,43,81,179,13,873,1711
2018,Måsøy,129,9,89,6,21,50,28,15,0,0,9,6,38,36,126,12,661,1235
1256,Meland,69,188,491,50,420,493,187,54,82,62,195,163,200,436,915,145,4037,8187
5023,Meldal,137,26,238,49,217,206,110,25,6,25,60,45,78,147,402,68,2066,3905
5028,Melhus,222,66,616,92,1363,1241,496,174,157,112,412,462,408,687,1742,248,8064,16562
1837,Meløy,256,140,431,64,234,262,128,55,33,6,56,85,139,285,742,57,3358,6331
5034,Meråker,57,15,183,20,107,91,68,41,9,3,26,43,59,104,248,33,1325,2432
1545,Midsund,107,26,123,0,110,73,88,14,3,3,36,19,35,74,200,17,1091,2019
5027,Midtre Gauldal,251,16,558,35,561,384,207,47,21,30,100,98,111,172,615,84,2956,6246
1252,Modalen,6,9,6,12,17,12,10,3,22,0,6,9,20,11,41,0,196,380
623,Modum,170,34,711,111,981,958,317,136,95,83,261,311,338,487,1649,235,7103,13980
1502,Molde,139,345,1236,164,881,1777,622,413,304,147,784,425,1208,1218,3334,608,13396,27001
1874,Moskenes,85,6,39,6,55,42,25,57,3,0,17,9,14,27,99,15,540,1039
104,Moss,74,56,982,210,1089,2470,739,518,602,225,927,804,1071,1226,3249,651,17833,32726
5051,Nærøy,335,38,251,50,227,239,231,41,38,6,84,126,133,203,498,47,2525,5072
5040,Namdalseid,132,7,51,6,71,78,41,9,3,0,17,12,60,56,180,16,837,1576
5005,Namsos,194,82,380,61,531,978,291,169,69,29,326,222,276,567,2097,170,6671,13113
5044,Namsskogan,32,4,6,9,69,33,25,23,0,3,9,19,25,34,96,9,475,871
238,Nannestad,140,19,302,68,866,1228,1029,475,130,57,289,574,506,429,1206,182,6182,13682
1805,Narvik,49,68,265,300,1004,1274,591,329,91,84,395,328,597,904,2431,256,9664,18630
1433,Naustdal,85,49,107,18,202,205,58,25,20,13,61,43,62,121,359,34,1331,2793
625,Nedre Eiker,51,46,1192,115,1505,2221,588,340,340,140,598,760,681,714,2605,466,12601,24963
236,Nes (Akershus),251,30,577,158,1198,1999,1067,342,273,116,480,758,667,826,2212,372,10559,21885
616,Nes (Buskerud),93,18,155,36,231,264,48,71,23,24,85,56,56,124,372,44,1615,3315
1828,Nesna,99,22,49,3,63,76,30,22,3,3,9,14,53,160,195,22,969,1792
216,Nesodden,63,70,215,122,645,1060,352,261,717,296,858,410,885,1089,2041,710,9694,19488
1543,Nesset,95,42,231,31,185,149,59,20,10,14,39,54,71,74,334,32,1516,2956
830,Nissedal,45,9,37,47,103,64,36,15,3,6,23,21,32,51,188,29,767,1476
233,Nittedal,75,33,624,113,1187,2023,682,299,693,260,829,749,1008,963,2498,545,11508,24089
819,Nome,94,37,400,45,332,311,147,79,41,34,91,93,128,275,837,82,3512,6538
542,Nord-Aurdal,155,20,144,77,359,622,132,175,50,27,158,135,148,269,718,123,3106,6418
1524,Norddal,81,15,30,33,68,107,46,26,3,3,27,20,35,65,236,25,825,1645
516,Nord-Fron,160,25,145,86,588,348,91,97,31,29,103,79,128,225,511,77,3019,5742
2019,Nordkapp,259,3,113,34,118,164,115,88,14,0,29,85,112,145,269,43,1627,3218
418,Nord-Odal,87,3,255,28,290,243,197,47,19,22,56,94,123,182,582,73,2723,5024
538,Nordre Land,211,6,415,64,416,352,159,65,27,21,114,107,148,242,769,80,3475,6671
1942,Nordreisa - Ráisa - Raisi,131,35,66,67,239,270,158,92,34,19,104,78,123,261,609,53,2570,4909
633,Nore og Uvdal,86,7,133,64,256,148,44,38,0,9,52,45,61,114,274,31,1086,2448
807,Notodden,89,80,650,118,561,794,240,154,104,28,244,192,253,644,1464,183,6884,12682
1228,Odda,33,87,740,107,328,311,118,109,27,9,159,77,123,227,811,68,3411,6745
1868,Øksnes,251,45,313,14,163,248,120,58,17,9,56,40,87,145,496,34,2353,4449
5021,Oppdal,264,74,296,53,505,457,123,207,54,42,176,77,124,261,701,110,3451,6975
217,Oppegård,15,56,469,91,854,2138,653,383,1091,660,1243,731,1361,990,2175,785,13699,27394
5024,Orkdal,193,77,835,113,602,829,330,172,76,67,225,241,231,459,1371,160,6105,12086
5015,Ørland,148,36,226,19,290,262,108,98,22,35,86,124,594,122,442,80,2642,5334
1523,Ørskog,23,19,132,19,127,165,53,40,11,19,46,38,53,106,272,24,1103,2250
1520,Ørsta,278,121,750,104,475,655,331,130,69,56,195,211,213,441,1294,139,5395,10857
441,Os (Hedmark),107,16,134,18,133,94,28,30,13,9,41,28,67,71,211,33,879,1912
1243,Os (Hordaland),184,493,951,100,1148,1300,645,357,171,113,606,482,464,808,2330,342,10310,20804
5020,Osen,84,0,15,6,49,30,29,6,0,3,9,29,29,41,102,10,505,947
301,Oslo kommune,566,2277,10290,2878,18781,43514,17654,19449,33869,12718,41091,24252,28050,30244,63817,23475,308146,681071
1253,Osterøy,124,100,654,48,620,427,310,51,34,19,112,132,172,329,784,93,4111,8120
528,Østre Toten,383,23,1065,87,620,932,391,122,83,129,335,260,349,605,1708,196,7660,14948
5047,Overhalla,166,13,216,28,258,266,96,25,9,10,78,51,66,153,486,34,1924,3879
624,Øvre Eiker,162,30,1151,142,1322,1490,432,208,177,77,449,510,512,654,1991,342,9468,19117
521,Øyer,139,17,194,32,349,297,93,187,54,15,106,129,179,148,533,141,2506,5119
1259,Øygarden,98,240,140,23,245,216,116,62,27,9,116,141,115,146,419,80,2696,4889
544,Øystre Slidre,89,23,73,36,226,232,59,152,13,11,91,83,83,111,390,72,1464,3208
2020,Porsanger - Porsángu - Porsanki,90,8,48,70,171,239,126,53,37,3,86,84,273,186,426,79,1965,3944
805,Porsgrunn,87,439,2274,363,1406,2320,673,531,414,152,1000,911,854,1360,3785,586,19069,36224
5043,Raarvihke - Røyrvik,27,3,6,9,22,15,12,3,13,0,6,6,33,19,41,9,258,482
135,Råde,99,18,329,42,456,555,201,70,95,26,195,161,212,266,767,79,3971,7542
1260,Radøy,116,110,355,25,277,289,141,20,28,9,90,119,98,188,501,69,2656,5091
228,Rælingen,31,36,433,84,911,1825,656,373,430,197,557,687,698,641,1826,367,8409,18161
128,Rakkestad,238,9,534,36,492,551,236,63,37,29,140,133,196,272,783,229,4252,8230
1833,Rana,188,352,1544,207,1258,1613,690,378,240,129,546,489,1027,900,2850,566,13338,26315
1127,Randaberg,88,638,383,60,478,768,195,175,160,80,363,335,263,385,1077,174,5431,11053
1539,Rauma,180,61,488,67,434,529,286,100,56,18,108,125,167,273,726,82,3787,7487
716,Re,248,33,561,77,681,797,230,85,130,29,248,249,232,330,1052,139,4609,9730
432,Rendalen,88,7,62,14,75,74,33,20,6,6,27,25,63,61,196,25,1009,1791
5022,Rennebu,155,6,76,49,177,121,61,34,6,9,37,25,57,81,248,43,1316,2501
1142,Rennesøy,161,321,152,34,270,243,124,87,56,28,135,134,119,197,432,66,2288,4847
5061,Rindal,107,9,138,12,134,105,49,22,12,11,37,34,39,60,229,23,1007,2028
520,Ringebu,191,14,252,35,356,248,98,101,17,6,56,54,107,135,431,86,2238,4425
605,Ringerike,272,90,1430,188,1526,2264,660,486,234,146,1102,666,866,1100,3342,474,15596,30442
412,Ringsaker,687,28,2042,225,1809,2580,852,497,314,219,677,752,915,1105,4064,609,17113,34488
901,Risør,48,65,301,30,301,353,110,91,35,29,154,134,152,294,751,95,3905,6848
5019,Roan,105,12,33,6,50,31,30,12,0,0,13,14,22,28,97,9,495,957
1836,Rødøy,129,17,19,9,32,64,69,18,0,0,12,6,42,63,121,13,624,1238
632,Rollag,46,3,70,12,94,85,23,25,3,0,39,32,40,69,148,22,708,1419
121,Rømskog,17,3,33,4,33,43,25,0,3,6,15,14,16,28,62,23,348,673
5025,Røros,99,21,502,38,285,365,113,163,45,36,108,58,165,211,585,103,2713,5610
1856,Røst,46,0,57,0,16,22,16,13,3,0,3,9,16,10,51,6,240,508
627,Røyken,54,92,644,134,1261,1954,548,286,478,203,842,714,718,841,2426,491,10949,22635
136,Rygge,117,22,475,88,661,1458,353,218,236,100,428,370,716,564,1640,297,8402,16145
1923,Salangen,78,8,37,17,97,109,27,23,13,0,26,28,89,138,297,15,1181,2183
1840,Saltdal,65,20,318,50,217,197,76,82,8,6,64,84,108,188,692,51,2431,4657
1242,Samnanger,36,61,130,31,163,163,54,24,20,16,31,39,61,92,261,32,1251,2465
1514,Sande (Møre og Romsdal),70,30,307,6,95,98,90,10,11,9,44,26,45,78,249,21,1304,2493
713,Sande (Vestfold),127,22,417,56,742,839,231,73,120,54,277,253,268,329,1020,180,4896,9904
710,Sandefjord,458,380,2883,260,3003,4543,1970,961,947,283,1813,1749,1407,2239,5985,1146,33244,63271
1102,Sandnes,426,3965,3168,490,3231,5455,1801,1378,1441,369,2535,2280,1600,3020,7314,1517,37256,77246
1546,Sandøy,38,12,174,6,35,26,69,23,3,3,9,21,22,42,104,12,639,1238
105,Sarpsborg,273,82,2952,294,2779,3754,1142,759,569,262,1221,1167,1375,1898,5877,944,30649,55997
1135,Sauda,33,137,370,111,223,180,89,65,22,6,43,80,92,198,507,62,2379,4597
822,Sauherad,115,22,226,33,219,254,83,56,24,13,108,40,94,223,426,53,2304,4293
517,Sel,105,8,220,46,372,379,132,116,25,21,101,140,134,248,572,64,3106,5789
5032,Selbu,133,18,345,36,274,214,101,47,32,28,48,74,103,178,382,51,2024,4088
1441,Selje,147,69,260,11,96,80,104,27,12,6,53,43,54,88,283,31,1383,2747
828,Seljord,70,10,71,35,217,228,61,60,31,7,76,30,82,118,291,37,1510,2934
621,Sigdal,112,6,378,23,345,202,75,54,7,6,58,37,58,107,330,47,1645,3490
811,Siljan,31,15,120,23,124,224,62,12,12,9,40,31,60,85,289,35,1157,2329
1046,Sirdal,57,38,40,82,144,74,23,46,6,0,28,56,57,87,189,26,886,1839
1913,Skånland,63,12,129,23,124,141,79,42,12,6,35,51,108,133,339,37,1675,3009
5029,Skaun,93,53,275,61,625,609,203,72,109,66,244,197,210,361,993,130,3930,8231
231,Skedsmo,83,90,1315,282,2448,5429,2095,1298,1411,653,1864,2060,2135,1765,5076,1016,26632,55652
213,Ski,90,56,551,149,1353,2908,819,422,888,430,1096,853,1277,1217,2812,688,15234,30843
806,Skien,213,395,2487,364,2210,3693,1054,740,537,234,1205,1320,1578,1925,6519,1058,29113,54645
127,Skiptvet,69,9,135,27,355,321,90,17,27,23,70,92,89,120,369,70,1914,3797
513,Skjåk,147,6,105,30,114,105,68,47,9,12,34,44,47,68,237,38,1093,2204
1941,Skjervøy,133,26,286,14,103,105,64,44,10,3,35,84,77,115,324,14,1480,2917
1529,Skodje,47,47,347,23,275,370,167,64,25,19,124,86,97,180,583,67,2243,4764
1573,Smøla,204,25,135,17,77,89,90,32,0,6,44,26,41,67,213,15,1053,2134
5041,Snåase - Snåsa,115,10,77,6,83,83,38,34,6,9,41,24,81,117,253,31,1092,2100
5012,Snillfjord,124,0,55,7,63,39,29,6,6,3,6,19,28,30,110,6,468,999
1420,Sogndal,149,28,266,76,531,455,195,190,71,38,233,158,438,638,866,190,3669,8191
1018,Søgne,103,66,638,66,791,746,214,111,85,50,274,231,292,508,1166,229,5833,11403
1111,Sokndal,55,277,158,15,191,106,59,46,38,6,34,32,51,112,344,41,1740,3305
1124,Sola,205,2324,963,162,924,1535,856,537,526,178,978,814,526,949,2162,450,12493,26582
1412,Solund,81,8,54,3,12,27,36,6,0,0,22,6,27,38,81,15,404,820
1812,Sømna,129,24,88,3,76,82,74,25,3,0,36,12,78,95,205,17,1067,2014
536,Søndre Land,121,7,363,44,250,289,149,27,20,15,73,89,116,251,723,63,3023,5623
1017,Songdalen,65,28,379,52,415,492,216,75,41,20,108,163,145,213,659,95,3540,6706
540,Sør-Aurdal,115,15,132,33,233,167,45,30,6,9,65,37,54,99,382,21,1538,2981
1845,Sørfold,101,30,113,22,98,56,38,25,3,0,13,26,65,64,189,19,1113,1975
519,Sør-Fron,161,3,135,37,275,174,50,66,15,12,53,80,70,106,271,45,1574,3127
419,Sør-Odal,127,18,364,63,434,570,287,115,72,36,135,199,241,245,819,159,3995,7879
1925,Sørreisa,66,19,130,23,223,211,81,28,13,6,50,41,233,170,357,68,1770,3489
1870,Sortland - Suortá,219,83,300,120,568,916,296,131,79,21,224,183,354,495,1109,140,5280,10518
226,Sørum,132,29,452,163,1042,1637,698,276,397,193,583,639,724,671,1657,330,8640,18263
2030,Sør-Varanger,121,78,178,70,502,611,279,286,74,17,152,187,819,493,1244,149,4896,10156
123,Spydeberg,72,15,179,33,379,582,164,85,89,57,142,179,193,192,566,127,2988,6042
417,Stange,342,27,768,145,975,1363,420,275,199,178,448,351,778,890,2506,489,10762,20916
1103,Stavanger,187,9287,3963,638,3039,6974,2636,3169,2815,1098,5224,3952,3492,5848,13503,2864,65348,134037
1848,Steigen,246,8,112,21,88,124,93,20,6,3,33,33,58,97,256,26,1352,2576
5004,Steinkjer,520,87,721,244,1049,1570,417,307,164,82,470,381,974,931,2134,300,11739,22090
5035,Stjørdal,284,297,703,150,1179,1503,1007,561,266,130,615,649,732,1062,2248,334,12308,24028
1221,Stord,120,220,1901,165,718,997,356,368,177,38,481,418,349,811,2063,219,9298,18699
1526,Stordal,28,3,63,6,63,77,11,24,0,3,11,6,32,32,110,12,466,947
430,Stor-Elvdal,93,3,92,14,72,100,61,40,3,9,26,30,81,118,249,39,1429,2459
1939,Storfjord - Omasvuotna - Omasvuono,44,7,39,10,115,57,57,26,6,0,22,43,98,77,231,31,978,1841
1130,Strand,205,601,835,87,525,602,227,213,94,44,297,284,221,581,1241,193,6470,12720
1525,Stranda,79,11,801,36,203,157,112,92,12,17,66,54,83,167,409,68,2198,4565
1449,Stryn,209,35,731,69,375,468,208,285,24,21,137,99,116,271,663,94,3362,7167
1531,Sula,111,70,672,60,429,761,232,86,72,72,196,207,152,340,1147,127,4537,9271
1134,Suldal,214,204,73,89,193,144,72,59,12,9,72,67,67,150,438,64,1867,3794
1245,Sund,119,229,342,30,389,349,254,107,48,33,150,186,170,238,590,102,3726,7062
1563,Sunndal,95,59,955,114,238,320,89,71,44,28,138,111,94,249,681,98,3722,7106
1566,Surnadal,177,48,483,49,249,321,156,66,27,32,160,76,126,240,649,63,3006,5928
1216,Sveio,157,160,269,40,313,324,184,67,35,6,90,100,86,222,625,78,2965,5721
711,Svelvik,37,14,412,43,336,491,180,80,65,27,123,212,183,182,622,131,3547,6685
1528,Sykkylven,60,49,1338,35,315,429,176,62,55,32,127,96,103,304,654,90,3732,7657
1121,Time,412,524,1358,101,947,1294,334,233,257,119,554,369,425,883,1749,347,8889,18795
1560,Tingvoll,120,47,158,19,162,133,83,29,6,9,89,51,61,123,294,34,1627,3045
826,Tinn,68,57,293,126,337,311,125,103,32,31,121,121,120,202,627,132,2974,5780
1852,Tjeldsund,21,3,24,3,36,57,37,25,0,3,13,29,98,42,142,14,712,1259
833,Tokke,59,27,89,82,157,95,34,13,8,6,40,40,52,104,286,28,1108,2228
436,Tolga,91,6,71,18,72,63,24,15,7,13,56,23,52,83,166,26,765,1551
704,Tønsberg,180,202,1815,163,1736,3224,954,710,927,290,1439,1181,1656,2040,5831,932,22696,45976
1928,Torsken,57,6,91,3,24,23,28,13,3,0,3,8,20,30,88,3,531,931
1835,Træna,32,3,60,0,10,15,11,9,0,0,3,3,15,12,38,9,236,456
1927,Tranøy,84,3,42,12,48,75,28,16,7,3,28,10,31,61,209,18,838,1513
122,Trøgstad,145,6,274,25,407,432,159,48,43,22,100,113,155,162,466,80,2710,5347
1902,Tromsø,543,189,1396,435,3224,5057,2392,2099,1088,599,2645,1847,2696,5356,11100,1697,34286,76649
5001,Trondheim,520,1454,5095,876,7171,12122,4081,4814,4878,2529,10385,5880,5737,12588,21609,4333,92087,196159
428,Trysil,145,14,159,49,347,362,120,177,22,17,152,155,159,242,756,205,3526,6607
914,Tvedestrand,50,96,272,26,303,360,116,74,34,26,106,84,126,281,580,87,3448,6069
5033,Tydal,39,0,32,26,52,35,19,12,3,3,12,29,35,21,78,12,386,794
437,Tynset,201,14,178,57,290,436,121,102,78,21,136,79,148,245,730,114,2641,5591
1223,Tysnes,158,81,132,23,127,110,100,19,17,14,47,41,54,90,299,40,1494,2846
1146,Tysvær,237,528,539,74,583,676,297,137,87,23,192,228,218,413,1123,150,5523,11028
235,Ullensaker,169,59,808,180,1721,3686,2512,1461,581,290,907,1518,1675,1168,3050,636,17813,38234
1231,Ullensvang,119,54,150,39,244,145,57,80,12,6,101,45,79,142,347,54,1646,3320
1516,Ulstein,81,129,1072,43,234,466,193,110,76,68,335,154,184,392,712,118,4242,8609
1233,Ulvik,51,11,20,9,53,43,28,28,13,3,21,25,32,63,103,23,567,1093
2027,Unjárga - Nesseby,60,3,9,11,33,25,18,13,6,0,10,9,48,36,106,24,530,941
1151,Utsira,9,3,3,0,6,9,20,3,0,0,0,6,6,15,18,6,92,196
2003,Vadsø,61,15,50,75,209,345,123,105,52,20,111,92,699,226,592,97,3022,5894
1857,Værøy,54,0,100,0,19,20,19,10,0,0,3,6,16,31,69,6,379,732
515,Vågå,169,8,113,66,286,199,81,75,12,9,65,64,76,140,358,58,1810,3589
1865,Vågan,238,15,501,66,488,629,245,292,51,25,268,201,264,448,908,190,4766,9595
1439,Vågsøy,160,54,498,23,215,361,210,70,47,26,136,111,109,234,579,69,3068,5970
1251,Vaksdal,31,78,248,50,155,204,118,41,43,11,62,70,116,128,394,59,2237,4045
426,Våler (Hedmark),155,11,186,21,174,167,93,32,12,12,48,75,83,112,425,44,2055,3705
137,Våler (Østfold),84,12,188,56,386,541,154,62,66,21,131,139,146,197,612,105,2693,5593
940,Valle,40,12,48,21,127,53,20,19,6,11,13,14,31,45,113,27,556,1156
545,Vang,80,3,39,24,118,88,31,22,10,10,26,16,51,70,195,47,780,1610
1511,Vanylven,165,127,121,12,124,139,142,12,20,6,37,31,74,110,392,20,1631,3163
2002,Vardø,127,3,37,3,55,102,55,45,9,3,14,19,205,80,178,23,1123,2081
1824,Vefsn,134,50,916,201,585,788,345,189,82,77,192,204,372,634,1606,195,6833,13403
1815,Vega,116,23,17,3,34,44,39,6,6,0,24,12,57,44,117,13,677,1232
912,Vegårshei,49,23,106,6,153,93,35,16,12,21,44,35,65,77,244,38,1076,2093
1014,Vennesla,87,48,929,111,1032,1041,349,136,83,40,232,380,278,546,1532,222,7584,14630
5038,Verdal,325,138,914,52,1043,900,191,211,64,36,262,233,321,623,1611,218,7791,14933
5039,Verran,83,9,131,21,147,93,31,22,3,3,22,62,47,61,253,15,1446,2449
211,Vestby,89,39,343,69,794,1826,501,290,395,153,666,453,604,722,1546,381,8953,17824
1535,Vestnes,110,73,670,38,275,321,158,94,29,17,94,70,108,276,840,70,3293,6536
543,Vestre Slidre,117,3,58,22,181,151,33,23,13,12,49,33,48,120,215,22,1035,2135
529,Vestre Toten,183,19,1668,55,479,735,243,136,113,81,203,199,276,504,1491,188,6811,13384
1860,Vestvågøy,415,35,467,67,662,685,259,164,31,19,205,195,254,512,1519,173,5818,11480
1816,Vevelstad,59,3,9,3,9,14,18,0,0,0,3,3,25,18,49,6,278,497
1417,Vik,100,20,176,54,171,95,52,15,23,13,66,51,98,93,300,28,1317,2672
5050,Vikna,300,32,280,9,134,242,198,48,98,17,64,165,93,195,432,42,2229,4578
1160,Vindafjord,397,213,777,68,529,519,203,53,101,22,178,190,199,322,740,81,4151,8743
834,Vinje,77,59,115,64,332,195,80,66,10,12,61,78,122,160,440,42,1810,3723
1519,Volda,153,82,316,52,347,474,168,97,69,57,151,151,171,711,1198,147,4853,9197
1235,Voss,281,217,362,135,1026,992,373,388,71,73,309,234,316,686,1828,275,7040,14606
