"","kommunenummer","navn","Y","expected","SMR","snuff","smoke","re_u","re_v","RR","LL","UL"
"1",301,"Oslo",274,282.012503564348,0.97158812654376,0.201519371695462,0.172678032099443,1,1,0.97123699002592,0.859394297417307,1.08914607092513
"2",1101,"Eigersund",11,6.64852173537436,1.65450312683389,0.130546190155091,0.165407956844234,2,2,1.58057776581016,0.794591375839185,2.63410591108412
"3",1103,"Stavanger",80,60.0899117073951,1.33133828502788,0.1132,0.162512034826217,3,3,1.32586602380962,1.05076302582162,1.62970125899426
"4",1106,"Haugesund",28,16.4614542388127,1.70094328203287,0.169663253513934,0.150769975006046,4,4,1.67005912996914,1.10879684514288,2.33723050107299
"5",1108,"Sandnes",41,32.3479896966339,1.26746670765344,0.2382,0.288356221860097,5,5,1.26621689539413,0.909493656772161,1.67651543553886
"6",1111,"Sokndal",0,1.55878697576087,0,0.131738340399757,0.164142943670502,6,6,0.28686022954874,0.0147497520838912,1.18568179038246
"7",1112,"Lund",0,1.47200691149556,0,0.129785247432306,0.163087457205104,7,7,0.292255980733345,0.0148124398926817,1.21542573788351
"8",1114,"Bjerkreim",0,1.17688161245256,0,0.13216957605985,0.167438546490915,8,8,0.319188122497504,0.0151328446726085,1.36662600498794
"9",1119,"Hå",0,8.01940426544499,0,0.132847801818085,0.167348891605975,9,9,0.116593564215011,0.0107829927807145,0.390829458767268
"10",1120,"Klepp",7,8.13572236660766,0.8604030084324,0.137674418604651,0.170180878552971,10,10,0.846173811643707,0.356930590520728,1.55360670581306
"11",1121,"Time",0,7.9513981584565,0,0.140256560387502,0.170117634534518,11,11,0.117761050358871,0.0109260164072643,0.394182886673263
"12",1122,"Gjesdal",0,4.68165009791608,0,0.140477792732166,0.172274562584118,12,12,0.16240468277924,0.0127231672971969,0.578261469699367
"13",1124,"Sola",13,11.338600804884,1.14652594475329,0.168692380056444,0.136481655691439,13,13,1.11852997961421,0.601120830833749,1.79193520574374
"14",1127,"Randaberg",3,4.92624907129987,0.608982606559193,0.133447932687958,0.165023070659549,14,14,0.629495494638036,0.166327587262694,1.44599699242956
"15",1130,"Strand",7,5.75549464657029,1.21622908713351,0.135515857401432,0.165892814983867,15,15,1.16643449997174,0.485802482119315,2.15584888222678
"16",1133,"Hjelmeland",0,1.22156684584182,0,0.117295480014942,0.154650728427344,16,16,0.308637826173611,0.0145132220664514,1.31976998858801
"17",1134,"Suldal",0,1.79525764472862,0,0.124143384290985,0.156826568265682,17,17,0.256506923821996,0.0140731465138967,1.04101760313203
"18",1135,"Sauda",3,2.35739463435461,1.27259134142439,0.130737437459212,0.156623885142484,18,18,1.13043290236374,0.273730163091963,2.70364101297589
"19",1144,"Kvitsøy",0,0.286039135640538,0,0.164705882352941,0.115686274509803,19,19,0.419745952496785,0.0110745433058961,2.23198247822202
"20",1145,"Bokn",0,0.430957964426823,0,0.187574671445639,0.0955794504181601,20,20,0.356085242169492,0.0100223178848195,1.83645670742949
"21",1146,"Tysvær",0,4.87983581379071,0,0.137777777777777,0.167256235827664,21,21,0.161501416400981,0.0125072469234622,0.57559447617253
"22",1149,"Karmøy",29,18.9223956822171,1.53257549873844,0.169082240197357,0.145432549754489,22,22,1.50879530185276,1.00993409070545,2.09985007670861
"23",1151,"Utsira",0,0.10086770729111,0,0.142857142857142,0.21938775510204,23,23,0.748508294323389,0.0180147922293365,4.15723518590642
"24",1160,"Vindafjord",0,4.00916271133967,0,0.129907290832093,0.164129563923543,24,24,0.173132265472688,0.0126240693343195,0.632873290659307
"25",1505,"Kristiansund",21,11.1441697172091,1.8843934122406,0.167959722680752,0.158715747771541,25,25,1.83759423715976,1.1369439354138,2.69607812561672
"26",1506,"Molde",17,15.0128578852481,1.13236268070615,0.2019,0.161682968582682,26,26,1.10312578192366,0.643458288601294,1.68067907534254
"27",1507,"Ålesund",38,29.6614322127841,1.2811249209882,0.195250697784707,0.15000742584728,27,27,1.26484637173432,0.894180034349547,1.69405939828481
"28",1511,"Vanylven",0,1.69727292438832,0,0.208293763849319,0.167458056346945,28,28,0.240119122356057,0.0111134693391539,1.02729031765287
"29",1514,"Sande",0,1.24212289972829,0,0.190591073582629,0.159227985524728,29,29,0.315314285519803,0.0143092240765712,1.36346607574468
"30",1515,"Herøy",0,4.25151724355399,0,0.224540152534768,0.158479138627187,30,30,0.164327081617455,0.0117512867769658,0.605445341263713
"31",1516,"Ulstein",0,3.77862908031266,0,0.233740546829552,0.161721931355439,31,31,0.178508253062495,0.0123635873686657,0.664785068096462
"32",1517,"Hareid",0,2.3436387443945,0,0.232056020229527,0.159113013032483,32,32,0.232103685895433,0.0134250920894076,0.920572263699964
"33",1520,"Ørsta",2,5.12955576355594,0.389897311227113,0.243843954625103,0.160287743244489,33,33,0.409046169073024,0.0812645878960387,1.05740490740026
"34",1525,"Stranda",0,2.35709217257752,0,0.203114718139942,0.147400745777582,34,34,0.197949453071934,0.0109651594741246,0.809838169931849
"35",1528,"Sykkylven",0,3.54939058927642,0,0.23004449097095,0.159774928029311,35,35,0.167054294640812,0.0108402040343803,0.641290583733614
"36",1531,"Sula",0,4.09812766441677,0,0.246619794483504,0.154570037858301,36,36,0.162494895799593,0.0110872238585195,0.607068537856308
"37",1532,"Giske",3,3.73774582670467,0.802622794350066,0.246742378959952,0.153257621040047,37,37,0.773858829825882,0.196785480433299,1.8089468209072
"38",1535,"Vestnes",0,3.0834380576904,0,0.226597211582656,0.16286195802053,38,38,0.186537245919783,0.0119253923873835,0.720051139996276
"39",1539,"Rauma",4,3.69778789755686,1.08172780884561,0.228288505285695,0.162317676970426,39,39,0.984835567193449,0.291477835355094,2.15125785894593
"40",1547,"Aukra",0,1.71148647623199,0,0.225531914893617,0.158581560283687,40,40,0.239110263608814,0.0112936648210281,1.01906997520886
"41",1554,"Averøy",0,2.73878482985102,0,0.224905789653991,0.163583418979102,41,41,0.20646426070912,0.0123060901654015,0.809771058105654
"42",1557,"Gjemnes",0,1.24131895268978,0,0.227670087419232,0.162675788673508,42,42,0.276989648345003,0.0116394522935683,1.23035570408974
"43",1560,"Tingvoll",0,1.60865933901204,0,0.214120752226987,0.169910920488287,43,43,0.252178514078528,0.0110917018713278,1.08509198594609
"44",1563,"Sunndal",0,3.44010398213132,0,0.230345800988002,0.172618207480592,44,44,0.174751800165561,0.011736291869484,0.666226853776874
"45",1566,"Surnadal",0,2.98184886922472,0,0.230210970464135,0.165569620253164,45,45,0.187329622747465,0.011895995308759,0.727705193713819
"46",1573,"Smøla",0,1.11176401848359,0,0.208646616541353,0.164943609022556,46,46,0.317708899269688,0.0134685482304171,1.40683750527698
"47",1576,"Aure",0,1.81248761079416,0,0.213802816901408,0.169014084507042,47,47,0.248004436826401,0.012167797420675,1.03656721737003
"48",1577,"Volda",0,4.99210903900355,0,0.1924,0.136332228989495,48,48,0.130832276226292,0.00925450088273461,0.487550822975634
"49",1578,"Fjord",0,1.35331987178156,0,0.1464,0.126440624129939,49,49,0.243270635676664,0.0108500444259858,1.07965818012691
"50",1579,"Hustadvika",0,6.0495244696379,0,0.2433,0.16286213981106,50,50,0.125515860884018,0.00981861247206492,0.448867764543796
"51",1804,"Bodø",27,22.934633104968,1.17725885896781,0.187615384615384,0.110211538461538,51,51,1.15827188346754,0.763507720118377,1.62910867949004
"52",1806,"Narvik",18,10.4799664278974,1.71756275402606,0.1816,0.155627422552995,52,52,1.66329389811194,0.985858590157721,2.50887109559488
"53",1811,"Bindal",0,0.761911328842228,0,0.18,0.0972413793103448,53,53,0.276326816523206,0.00965846708197064,1.3414926612659
"54",1812,"Sømna",0,0.995523466804627,0,0.183217477656405,0.186196623634558,54,54,0.329214291464695,0.0137923823595253,1.47456901109938
"55",1813,"Brønnøy",0,3.64321782224711,0,0.190012642225031,0.186219974715549,55,55,0.17992941245129,0.012839258813394,0.667992676126018
"56",1815,"Vega",0,0.633262441925687,0,0.187144019528071,0.0943856794141578,56,56,0.318451984283346,0.00992670425983494,1.57708677871848
"57",1816,"Vevelstad",0,0.232687210411439,0,0.123983739837398,0.191056910569105,57,57,0.531213520693206,0.0150377937757551,2.79556180548836
"58",1818,"Herøy",0,0.873078039309274,0,0.247752808988764,0.0825842696629213,58,58,0.283085023825009,0.00974012450050019,1.35172631063296
"59",1820,"Alstahaug",5,3.50277432113951,1.42743994947794,0.178957320367369,0.182874122096164,59,59,1.33141958369545,0.45727508314511,2.71053610117901
"60",1822,"Leirfjord",0,1.0750732706026,0,0.185584807941303,0.179542511868795,60,60,0.335149793671961,0.0151969531116621,1.45907945030994
"61",1824,"Vefsn",9,6.59324031682536,1.36503442427736,0.185030253230746,0.185702547247329,61,61,1.30261743837436,0.60457109892239,2.27097412683271
"62",1825,"Grane",0,0.810370819567058,0,0.196249162759544,0.0924313462826523,62,62,0.270711117954866,0.00967185738436426,1.30111997815625
"63",1826,"Hattfjelldal",0,0.712534971630004,0,0.194260485651214,0.0927152317880794,63,63,0.286455045726155,0.00986562869565752,1.39308341106896
"64",1827,"Dønna",0,0.69584255765455,0,0.190510424155283,0.0941768511861969,64,64,0.316347254298096,0.0103489999180215,1.54316014428414
"65",1828,"Nesna",0,0.842849069709612,0,0.229003359462486,0.0873460246360582,65,65,0.298538432415673,0.0101139812714746,1.4292885553365
"66",1832,"Hemnes",0,2.31206240025964,0,0.186568823660217,0.183233266622192,66,66,0.23546380114927,0.0144406014804509,0.919012939762156
"67",1833,"Rana",18,12.4097191448168,1.45047601722059,0.173369317317926,0.10715371750038,67,67,1.40401812649457,0.83222989225386,2.11767309638082
"68",1834,"Lurøy",0,1.01207943018046,0,0.184931506849315,0.0879873551106427,68,68,0.278017951146935,0.0104045842893109,1.28480270077621
"69",1835,"Træna",0,0.211371405749323,0,0.134361233480176,0.202643171806167,69,69,0.609625853152714,0.0164855096293985,3.22531018619809
"70",1836,"Rødøy",0,0.593240518938659,0,0.186591276252019,0.0904684975767366,70,70,0.331589902246306,0.0107154927210124,1.62815299970059
"71",1837,"Meløy",3,3.10141975938614,0.967298925248926,0.179946142879771,0.183589418659908,71,71,0.92285363328839,0.23451792255743,2.1592555973829
"72",1838,"Gildeskål",0,1.01091005199883,0,0.213852376137512,0.0879676440849342,72,72,0.281371898095889,0.0107186509126673,1.29080871929467
"73",1839,"Beiarn",0,0.598785170032943,0,0.178082191780821,0.0978473581213307,73,73,0.339889194336113,0.0113396074153775,1.64826573431396
"74",1840,"Saltdal",0,2.31099894307856,0,0.174371102988604,0.180606321221242,74,74,0.248630977924782,0.0150934011669836,0.964102526086468
"75",1841,"Fauske",10,4.7480185563913,2.10614172653959,0.183160701466516,0.185929648241206,75,75,1.99274437929505,0.962072615243465,3.39797760858201
"76",1845,"Sørfold",0,0.996684836971412,0,0.190886075949367,0.0916455696202531,76,76,0.280596566643049,0.0108185660655939,1.28485646534765
"77",1848,"Steigen",0,1.36225592616191,0,0.162709225379525,0.183339820942,77,77,0.313434884780731,0.0153174573495449,1.32130614071779
"78",1851,"Lødingen",0,1.15389381161724,0,0.148720424915499,0.181071945919845,78,78,0.335088581737441,0.0158383072746294,1.43055551807871
"79",1853,"Evenes",0,0.718299899617407,0,0.201589595375722,0.088150289017341,79,79,0.30348057895123,0.0102960901524273,1.46398171306651
"80",1856,"Røst",0,0.246637494641976,0,0.133858267716535,0.230314960629921,80,80,0.647500354529908,0.0184950493298738,3.34517064665421
"81",1857,"Værøy",0,0.371368196477041,0,0.139344262295081,0.258196721311475,81,81,0.629834650736347,0.0206209327910513,3.07455353615509
"82",1859,"Flakstad",0,0.671537884772824,0,0.176105508145849,0.0930954228083785,82,82,0.317154324059656,0.0102075782286488,1.55649873751647
"83",1860,"Vestvågøy",8,5.33336233845487,1.49999184235393,0.188736814575887,0.186818934704908,83,83,1.43679950402801,0.63439465647712,2.57389203907915
"84",1865,"Vågan",5,4.44346913663858,1.12524692897551,0.177963446475195,0.187049608355091,84,84,1.0790008546715,0.377619580016447,2.17766603517293
"85",1866,"Hadsel",6,3.92611962240187,1.52822648748776,0.178792378124226,0.18510269735214,85,85,1.4312768735945,0.545963636541003,2.76818199807119
"86",1867,"Bø",0,1.51686707771095,0,0.162265595101416,0.184462303865288,86,86,0.290243084663198,0.0144771468321617,1.2153648505084
"87",1868,"Øksnes",0,2.12658336459292,0,0.171165092217723,0.187809266756635,87,87,0.249135481629099,0.0142456061433039,0.993038263929166
"88",1870,"Sortland",3,4.75935795214195,0.630337123235257,0.195432921027592,0.188772597526165,88,88,0.636723757612104,0.168380419592556,1.46400282374981
"89",1871,"Andøy",0,2.48740711376426,0,0.171662125340599,0.179626912596939,89,89,0.227249937059894,0.0133170361480337,0.89597891893802
"90",1874,"Moskenes",0,0.574569241285509,0,0.220716360116166,0.0851887705711519,90,90,0.325395879599017,0.00988182410231951,1.63173339644723
"91",1875,"Hamarøy",0,1.44779512590165,0,0.214653692043503,0.0881511161991986,91,91,0.237260434035975,0.0103124033178671,1.04061704976421
"92",3001,"Halden",22,14.5397740419818,1.51309091437581,0.145428737337892,0.177656623007936,92,92,1.4928402901002,0.937419967177939,2.16913556008801
"93",3002,"Moss",38,22.9886946274468,1.65298641857771,0.1438,0.161750112348434,93,93,1.63614285865315,1.15729712073088,2.19048705156056
"94",3003,"Sarpsborg",43,25.9741835400286,1.655489957316,0.14574197390504,0.176131954595492,94,94,1.64154877605485,1.18736823465185,2.16245341278887
"95",3004,"Fredrikstad",55,37.6527591929357,1.46071632408599,0.143698048149744,0.177575272458592,95,95,1.45271716289154,1.09390744834464,1.8575018698389
"96",3005,"Drammen",57,45.4260383600367,1.25478694726207,0.1466,0.163320581621374,96,96,1.24892761583261,0.945610357967696,1.59022783238351
"97",3006,"Kongsberg",15,12.765550320346,1.17503747379325,0.145965581770814,0.177118115436832,97,97,1.15781127216372,0.653678440987839,1.80029948915185
"98",3007,"Ringerike",20,14.4156198987822,1.38738397241519,0.140889830508474,0.176873675847457,98,98,1.36351212800257,0.835271920398942,2.0136498892494
"99",3011,"Hvaler",0,2.23322394472201,0,0.144255874673629,0.150783289817232,99,99,0.255050963711368,0.013823776769777,1.02877375094891
"100",3012,"Aremark",0,0.664083158804385,0,0.101190476190476,0.11532738095238,100,100,0.398633690004312,0.0132315980416944,1.8962990400906
"101",3013,"Marker",0,1.89603822463448,0,0.143215380328782,0.144887155196433,101,101,0.274938169939914,0.0142804995565252,1.10934346484297
"102",3014,"Indre Østfold",31,20.4440646349521,1.51633251770301,0.14978,0.142197387098679,102,102,1.49663255760713,1.01677060518359,2.06178368673956
"103",3015,"Skiptvet",0,1.64661410834526,0,0.151227236737925,0.142253892847717,103,103,0.294333520073325,0.0143660765395727,1.21206506469022
"104",3016,"Rakkestad",7,3.81042903468368,1.8370634740298,0.145866309509314,0.143309387556313,104,104,1.7130480440095,0.703817401480758,3.18839661821113
"105",3017,"Råde",0,3.59291636162141,0,0.142895086321381,0.138247011952191,105,105,0.195092591418311,0.0127080561580414,0.728028968949244
"106",3018,"Våler",0,2.40134292606943,0,0.152275170189896,0.141526334647079,106,106,0.24435045185407,0.0137712628007686,0.955974215240939
"107",3019,"Vestby",9,7.75830663472353,1.1600469566025,0.221150025543509,0.182948288584889,107,107,1.14271946522437,0.536825297634799,1.97811006541632
"108",3020,"Nordre Follo",28,26.6708368525019,1.04983582460681,0.2407,0.195356687362523,108,108,1.04735659254688,0.697770792364481,1.46232607965638
"109",3021,"Ås",8,8.77850429811373,0.911316977052571,0.256374362563743,0.176232376762323,109,109,0.908671974040571,0.408041150559563,1.61247826326507
"110",3022,"Frogn",10,7.48967929989251,1.33517065278663,0.20563868730332,0.175518592254832,110,110,1.30698408020061,0.638256435201888,2.21379405492097
"111",3023,"Nesodden",8,8.36813087600137,0.956007992530672,0.221583786042624,0.184809862097785,111,111,0.955597780987751,0.428103244366295,1.69808499961393
"112",3024,"Bærum",48,57.2584029020913,0.838304904907622,0.188054335743174,0.169487783918449,112,112,0.837503724374987,0.617836085556267,1.08742353080133
"113",3025,"Asker",40,42.0170851761751,0.951993690954106,0.1724,0.170987558258286,113,113,0.949742914738918,0.679012453497376,1.26171013274825
"114",3026,"Aurskog-Høland",14,8.07581181172906,1.73357184718777,0.2446,0.228833023536791,114,114,1.69929710194943,0.936516756262054,2.68129941993517
"115",3027,"Rælingen",8,7.63609749086509,1.0476555609158,0.231773727494998,0.189375416759279,115,115,1.03667566606263,0.464231752023345,1.84268143524373
"116",3028,"Enebakk",5,4.62192901911882,1.08179939140503,0.229258040935672,0.191611842105263,116,116,1.06087264580846,0.375479110277558,2.12831300271787
"117",3029,"Lørenskog",22,17.6428272117758,1.24696567822848,0.242734095602679,0.174180224651186,117,117,1.2344971848732,0.776034020775982,1.79250536358184
"118",3030,"Lillestrøm",43,37.3573653955751,1.15104476840579,0.234,0.189529021375122,118,118,1.14688723338441,0.830311433825959,1.50984344692845
"119",3031,"Nittedal",13,10.3298530472458,1.25848837737979,0.25011513502198,0.186686204731002,119,119,1.23623281960365,0.665859731312295,1.97783353073959
"120",3032,"Gjerdrum",0,2.91380291707845,0,0.223662884927066,0.188595844997789,120,120,0.232604254962968,0.0155462365495567,0.866621208692325
"121",3033,"Ullensaker",18,16.3016076784492,1.10418557206453,0.260805123997565,0.16263928221687,121,121,1.09067409531129,0.650134504718218,1.6391038874288
"122",3034,"Nes",12,9.87081233150317,1.21570541481185,0.246967469215217,0.187373644550634,122,122,1.1942998088728,0.625941039027073,1.94225268852486
"123",3035,"Eidsvoll",14,10.8273710115828,1.29301932897868,0.254454884173011,0.179410335331281,123,123,1.26685016778288,0.6986776384623,1.99826496225547
"124",3036,"Nannestad",0,5.76820056647283,0,0.237301879837817,0.204423147806855,124,124,0.158962656967585,0.0138049172428453,0.540063612147334
"125",3037,"Hurdal",0,1.37556557740543,0,0.212556997544721,0.172921781830936,125,125,0.319503907684959,0.0159877313376987,1.32327177686472
"126",3038,"Hole",0,3.03014157735425,0,0.149780380673499,0.139238653001464,126,126,0.204606300867693,0.0128764043951715,0.778092388275046
"127",3039,"Flå",0,0.568265652723897,0,0.0665399239543726,0.114068441064638,127,127,0.350810919070408,0.0123257425188842,1.69020914948155
"128",3040,"Nesbyen",0,1.69601749382554,0,0.145877378435517,0.14074297795228,128,128,0.245349208266396,0.0127859894500647,1.02159015676272
"129",3041,"Gol",0,2.31216376180869,0,0.143450688825716,0.136015744587797,129,129,0.206658592952886,0.0118604687565597,0.832061225155983
"130",3042,"Hemsedal",0,1.09461567950311,0,0.142278070531009,0.112282124037292,130,130,0.258958698388517,0.0107951043107293,1.18180331474858
"131",3043,"Ål",0,2.33295412880227,0,0.142887746358183,0.144601542416452,131,131,0.209307706399462,0.0122540813002199,0.837641572073223
"132",3044,"Hol",0,2.20354309411832,0,0.146735472290778,0.133049136190262,132,132,0.209794214888462,0.0118102627528615,0.851260589947722
"133",3045,"Sigdal",0,1.71507752630423,0,0.148264984227129,0.147691425293948,133,133,0.26412106890503,0.0139908881376214,1.07701921797128
"134",3046,"Krødsherad",0,1.04873524940113,0,0.153640017865118,0.13890129522108,134,134,0.320362033458181,0.0138905819594009,1.40666420018072
"135",3047,"Modum",9,6.56348238094632,1.37122330458704,0.152683241384251,0.145446729239807,135,135,1.31311989033199,0.611476578569058,2.28521529153698
"136",3048,"Øvre Eiker",10,8.74625057827626,1.14334707318331,0.152730509450756,0.139797895177758,136,136,1.11030280003681,0.542136790113526,1.8813014810386
"137",3049,"Lier",13,11.7359889279685,1.10770383985445,0.145396970737476,0.173629392239899,137,137,1.09210921036884,0.588951977942224,1.74591502445529
"138",3050,"Flesberg",0,1.29191660425078,0,0.147528799702712,0.140468227424749,138,138,0.296140456052966,0.0139312209785773,1.25989105605897
"139",3051,"Rollag",0,0.738044199849727,0,0.0854519774011299,0.109463276836158,139,139,0.322885220687008,0.0120054448440522,1.51367047351581
"140",3052,"Nore og Uvdal",0,1.25356787374237,0,0.14642126789366,0.140286298568507,140,140,0.282088015820611,0.0133616181185815,1.21602975811974
"141",3053,"Jevnaker",0,3.15087541405271,0,0.144075271978829,0.13231402528668,141,141,0.193366086384316,0.0122769159731808,0.736108853161642
"142",3054,"Lunner",0,3.99876010707935,0,0.13906475619238,0.132733533266688,142,142,0.172038094300367,0.0119483709451287,0.632454508345275
"143",3401,"Kongsvinger",14,8.77177524058028,1.59602812612352,0.140154723586876,0.135919588909594,143,143,1.54145342173754,0.845845652051607,2.43870938557431
"144",3403,"Hamar",21,15.183546326,1.38307609758071,0.233312960401454,0.215910187538199,144,144,1.36457732703825,0.847199494124206,1.99771501294486
"145",3405,"Lillehammer",16,13.5422014216785,1.18149180489865,0.23942201080153,0.221681748274258,145,145,1.16603336746951,0.67152456543795,1.79107568253503
"146",3407,"Gjøvik",17,14.305816164058,1.18832786644574,0.244570010125093,0.220465754319495,146,146,1.17597611357035,0.69004098160185,1.7851851149406
"147",3411,"Ringsaker",20,16.2717754040233,1.2291221764931,0.230825080591293,0.224406819039874,147,147,1.21620611973554,0.746248664219851,1.79420344855717
"148",3412,"Løten",0,3.63030863446734,0,0.14523528640713,0.131734172237514,148,148,0.172358579964044,0.0116367548044649,0.645942530314049
"149",3413,"Stange",15,9.77234938764412,1.53494307305115,0.235020165162281,0.220808526982907,149,149,1.50334211292941,0.847066055710074,2.34060102943259
"150",3414,"Nord-Odal",0,2.54853454510564,0,0.137917249650209,0.142514491305216,150,150,0.221130330627807,0.0132648073191609,0.857064748921205
"151",3415,"Sør-Odal",0,3.59760577035863,0,0.138559592096877,0.138814531548757,151,151,0.185684578983456,0.0124544127403804,0.691191082582862
"152",3416,"Eidskog",0,3.15233799056988,0,0.134615384615384,0.143491124260355,152,152,0.203575220514545,0.0130295314984736,0.769323189011178
"153",3417,"Grue",3,2.4915902922903,1.20405028438378,0.130209458000431,0.140790326063485,153,153,1.08469251915123,0.265211901712577,2.58206767070111
"154",3418,"Åsnes",0,3.84171901603247,0,0.136262513904338,0.138626251390433,154,154,0.173605243275924,0.0120315568729721,0.642345989489025
"155",3419,"Våler",0,1.91003321525169,0,0.133188955062263,0.140498105035192,155,155,0.24188402909556,0.0131143795632597,0.982799729794854
"156",3420,"Elverum",13,9.92217308739703,1.31019685763317,0.239918687656597,0.225121732142012,156,156,1.28582333126049,0.692246720627734,2.05780777610559
"157",3421,"Trysil",4,3.49726898164747,1.14374960032834,0.135962241169305,0.126522533495736,157,157,1.03046801876535,0.305776645634775,2.25125072219481
"158",3422,"Åmot",0,2.12600629220164,0,0.15659904262594,0.126054251196717,158,158,0.216745686294013,0.012007198270254,0.878194139724666
"159",3423,"Stor-Elvdal",0,1.33728233553692,0,0.127310061601642,0.129363449691991,159,159,0.255411963672478,0.011965347155483,1.11468271520411
"160",3424,"Rendalen",0,1.01475400464117,0,0.139091418956814,0.237240605720695,160,160,0.381294663658492,0.0188404869279959,1.63226493206586
"161",3425,"Engerdal",0,0.686956855806375,0,0.136825645035183,0.231430805316653,161,161,0.43385020400639,0.0182584253443202,1.97563262301004
"162",3426,"Tolga",0,0.762121456701808,0,0.139444803098773,0.204648160103292,162,162,0.382314365728882,0.0158650510563244,1.74835048053017
"163",3427,"Tynset",0,2.67726224371333,0,0.139217796914244,0.123071402942231,163,163,0.180133022504294,0.0104778959297143,0.725276614774165
"164",3428,"Alvdal",0,1.16942211231646,0,0.146240132945575,0.122559202326547,164,164,0.258992768324416,0.0110624902268037,1.16651474187365
"165",3429,"Folldal",0,0.838581337348887,0,0.144316730523627,0.220306513409961,165,165,0.381828519370085,0.0169008065093467,1.71086735556857
"166",3430,"Os",0,0.955995384362649,0,0.130136986301369,0.202845100105374,166,166,0.345542273986082,0.0155001689563612,1.53585123214428
"167",3431,"Dovre",0,1.39378917230059,0,0.139016897081413,0.133256528417818,167,167,0.24310808809797,0.0110401953351128,1.073486685369
"168",3432,"Lesja",0,0.998548148515696,0,0.141070535267633,0.12656328164082,168,168,0.269493449332764,0.0109102398178748,1.2503285431877
"169",3433,"Skjåk",0,1.18012701036935,0,0.135763097949886,0.128018223234624,169,169,0.25362764990014,0.0107866156773688,1.15126719235342
"170",3434,"Lom",0,1.14816126923736,0,0.133187772925764,0.135371179039301,170,170,0.262244146760741,0.0111195444617241,1.18938671552119
"171",3435,"Vågå",0,1.85052630702744,0,0.141501535026514,0.131454088752442,171,171,0.215032114214422,0.0108990141698368,0.911640506083017
"172",3436,"Nord-Fron",0,2.95347170673266,0,0.140433718083245,0.135187128366561,172,172,0.175965384342448,0.0105953678930489,0.696281283625018
"173",3437,"Sel",0,2.94952940727944,0,0.138181818181818,0.134545454545454,173,173,0.175324252602856,0.0105811278092856,0.694472059692586
"174",3438,"Sør-Fron",0,1.55602559993489,0,0.137632338787295,0.124157844080846,174,174,0.231379062973628,0.011090304431956,1.00238702104809
"175",3439,"Ringebu",0,2.28445120563813,0,0.134742104067257,0.124971597364235,175,175,0.200216699592025,0.0110838363250488,0.816968196269104
"176",3440,"Øyer",0,2.46860183870418,0,0.138237034115559,0.123841451390258,176,176,0.19697323082494,0.0113913523779266,0.788385180399893
"177",3441,"Gausdal",0,3.04661211931039,0,0.144194449006405,0.135818689439973,177,177,0.179888468797575,0.0114671611935945,0.696811693053236
"178",3442,"Østre Toten",9,7.31989348141244,1.22952608844021,0.140388623680494,0.131782424527667,178,178,1.17769249418213,0.548621796646828,2.04917645170009
"179",3443,"Vestre Toten",8,6.39835635225328,1.25032110741733,0.144477836213373,0.134109691960931,179,179,1.1919609054569,0.52692802594736,2.13461438011231
"180",3446,"Gran",9,6.58224668990949,1.3673142961653,0.138798940241389,0.134824845451869,180,180,1.30335514895363,0.605895462496957,2.27053162359978
"181",3447,"Søndre Land",4,2.73199160227022,1.46413334384926,0.141833810888252,0.140401146131805,181,181,1.3050911692004,0.385599427527016,2.85788254489763
"182",3448,"Nordre Land",0,3.24129925809756,0,0.140048033623536,0.134794356049234,182,182,0.17971854116744,0.0118077871097038,0.684671569052999
"183",3449,"Sør-Aurdal",0,1.58256332354176,0,0.133064516129032,0.131048387096774,183,183,0.249827568497258,0.0126214735944739,1.049292382561
"184",3450,"Etnedal",0,0.70317167769244,0,0.14900153609831,0.229646697388632,184,184,0.446253224206258,0.0190009415195719,2.00454551697682
"185",3451,"Nord-Aurdal",0,3.09630371119555,0,0.138271218290009,0.129345443156905,185,185,0.175562974703173,0.0111447843391277,0.681323819460052
"186",3452,"Vestre Slidre",0,1.05328918871431,0,0.138287864534336,0.136406396989651,186,186,0.279364921495926,0.0117467439258498,1.26800441218775
"187",3453,"Øystre Slidre",0,1.53826682423329,0,0.135262661214218,0.124882038376848,187,187,0.232250558911932,0.0110765615081222,1.00851352876869
"188",3454,"Vang",0,0.786542632214836,0,0.143573667711598,0.210658307210031,188,188,0.378502877823121,0.0161202957948989,1.72524049927955
"189",3801,"Horten",19,12.9144914830487,1.47121549655586,0.140791954745443,0.177764631936998,189,189,1.45111603335497,0.876733937892024,2.16186420575978
"190",3802,"Holmestrand",16,11.2315537058595,1.42455802812507,0.1501,0.14302782314612,190,190,1.39253800771573,0.799561036341283,2.14281271744386
"191",3803,"Tønsberg",33,25.466804206203,1.29580451998614,0.1508,0.160523217686266,191,191,1.28653600553068,0.886055214228684,1.75548079380095
"192",3804,"Sandefjord",47,29.2469833667491,1.6070033415287,0.143148697343665,0.176679741063171,192,192,1.59637845791156,1.17230300373728,2.07974496256399
"193",3805,"Larvik",30,22.4141677984003,1.33843916356069,0.139860737323251,0.176342432397795,193,193,1.3274908750409,0.896504017990721,1.83629432777502
"194",3806,"Porsgrunn",25,17.0085687265611,1.4698473694003,0.143146841491193,0.178676593144063,194,194,1.45185734338659,0.940879160827493,2.06583743227974
"195",3807,"Skien",29,25.3441260812381,1.14424935809755,0.143790849673202,0.177961888980944,195,195,1.13585982292028,0.761902253935707,1.57859379844139
"196",3808,"Notodden",6,6.38666639183079,0.939457242932655,0.150718458866256,0.14416548239381,196,196,0.905496742465509,0.351670894845198,1.73562347268979
"197",3811,"Færder",18,12.7947957184621,1.40682199200938,0.136118547566079,0.177557407337581,197,197,1.39022907379156,0.827350729366381,2.09135079106342
"198",3812,"Siljan",0,1.11277225553808,0,0.152258064516129,0.144516129032258,198,198,0.341443300920939,0.0147000370705387,1.48056971840421
"199",3813,"Bamble",9,6.58128380498069,1.36751434320289,0.148063943161634,0.148703374777975,199,199,1.31322649273798,0.611706450286372,2.28473201158802
"200",3814,"Kragerø",8,5.1592329711443,1.55061809473311,0.145608628659476,0.147149460708782,200,200,1.46731089495992,0.64602264273101,2.63320733551977
"201",3815,"Drangedal",0,1.98159932148053,0,0.146083967591455,0.144365332678615,201,201,0.250995233207223,0.0138081262687291,1.00418580737269
"202",3816,"Nome",0,3.18269737240525,0,0.145657834277837,0.145964159901975,202,202,0.195245898690043,0.012855823448783,0.734689240985724
"203",3817,"Midt-Telemark",0,4.87216829106037,0,0.1532,0.141630041281299,203,203,0.153716006071611,0.0116867919959681,0.54936976414971
"204",3818,"Tinn",0,2.80065379795711,0,0.145605824232969,0.145259143699081,204,204,0.203581638289026,0.0128960809554143,0.781544985291253
"205",3819,"Hjartdal",0,0.809830164103206,0,0.0807888040712468,0.103053435114503,205,205,0.310758642832226,0.0116177504328315,1.44947989511226
"206",3820,"Seljord",0,1.42958619788476,0,0.151401230348598,0.143540669856459,206,206,0.278876667778449,0.0138096401832783,1.17148593492868
"207",3821,"Kviteseid",0,1.17977168817894,0,0.152690863579474,0.142261159783062,207,207,0.303520623818466,0.0139639671405222,1.30750759619737
"208",3822,"Nissedal",0,0.689488208621349,0,0.075880758807588,0.128726287262872,208,208,0.359793583236098,0.0134530410785694,1.67448103725319
"209",3823,"Fyresdal",0,0.64308048875622,0,0.0701480904130943,0.11223694466095,209,209,0.342620001041967,0.0123428743141414,1.6261203634949
"210",3824,"Tokke",0,1.10836447823441,0,0.148563734290843,0.144524236983842,210,210,0.307530955139257,0.013924224828946,1.33992354805204
"211",3825,"Vinje",0,1.77539673926616,0,0.15192255982791,0.14197364883033,211,211,0.247621701223352,0.0132771569034505,1.01447216390245
"212",4201,"Risør",6,3.34328841093071,1.79464026507055,0.120702267739575,0.159180687637161,212,212,1.65403888997122,0.626585056497262,3.21087544228072
"213",4202,"Grimstad",13,10.3481816080316,1.25625935960674,0.16929964271878,0.144720416684602,213,213,1.22556740865877,0.65865757480573,1.9633720415479
"214",4203,"Arendal",32,20.4764375798509,1.56277183837331,0.163764390298424,0.153816921873253,214,214,1.54217542090327,1.05448319509505,2.11499845276083
"215",4204,"Kristiansand",68,48.5298555415661,1.40119930795503,0.1488,0.162213826499684,215,215,1.39434533833302,1.08209608263835,1.74213803584604
"216",4205,"Lindesnes",17,10.4614052930383,1.62502068544395,0.1289,0.165648330553234,216,216,1.58556023536421,0.926446326975753,2.4133260188551
"217",4206,"Farsund",8,4.64198031959969,1.72340239492655,0.125,0.160094962840627,217,217,1.62500521295838,0.713585076992041,2.92008022577238
"218",4207,"Flekkefjord",8,4.42510874928557,1.80786517422687,0.123012367491166,0.158900176678445,218,218,1.68849531619432,0.738882474896117,3.04046289683016
"219",4211,"Gjerstad",0,1.1921475718424,0,0.119951040391676,0.16156670746634,219,219,0.330899206392652,0.0154155596176581,1.40723856879184
"220",4212,"Vegårshei",0,0.924628281567265,0,0.130622009569378,0.160765550239234,220,220,0.364023835484852,0.0155148797993519,1.60201993987732
"221",4213,"Tvedestrand",4,2.84495940961967,1.40599545514596,0.125783053082756,0.164358720738542,221,221,1.29084726842327,0.387523835588972,2.80359854563441
"222",4214,"Froland",0,2.51099593934875,0,0.143615200273878,0.172030126668948,222,222,0.240091454786877,0.0149742993050873,0.91542374130996
"223",4215,"Lillesand",7,4.9606825329618,1.41109614523561,0.130699918085009,0.165650314007463,223,223,1.34897350909351,0.560640706981609,2.49557954924686
"224",4216,"Birkenes",0,2.29535003521634,0,0.134974043453182,0.165545087483176,224,224,0.252249649580263,0.0149061401687985,0.97743081461507
"225",4217,"Åmli",0,0.879803234664915,0,0.322202694786174,0.469244288224956,225,225,0.81546613673988,0.0484190466375071,3.1329237441858
"226",4218,"Iveland",0,0.555299097896203,0,0.310897435897435,0.443910256410256,226,226,1.01016862307573,0.0475879886123637,4.19183758009789
"227",4219,"Evje og Hornnes",0,1.72593550868361,0,0.131535498073747,0.16400660429279,227,227,0.283225842615636,0.0152211975249232,1.14069088001829
"228",4220,"Bygland",0,0.559088944334275,0,0.325217391304347,0.457391304347826,228,228,1.00128126043016,0.0491678278632911,4.11746857343699
"229",4221,"Valle",0,0.576848146498623,0,0.339366515837104,0.473303167420814,229,229,1.01060020558507,0.0507899917690409,4.13435285982093
"230",4222,"Bykle",0,0.40081256134912,0,0.189618644067796,0.148305084745762,230,230,0.431825780366184,0.0145310515959229,2.12735778432073
"231",4223,"Vennesla",12,6.31903286114529,1.89902478174881,0.136320109439124,0.168194254445964,231,231,1.82175446558494,0.946730177006085,2.9776768831891
"232",4224,"Åseral",0,0.421231293304397,0,0.189102564102564,0.118589743589743,232,232,0.405253985387266,0.0129093583377002,2.01152317669069
"233",4225,"Lyngdal",6,4.57549506197136,1.31133351008686,0.2147,0.284884268933815,233,233,1.30277400121754,0.511239290259364,2.48257519102426
"234",4226,"Hægebostad",0,0.777633396645419,0,0.31860609831985,0.416303671437461,234,234,0.766911824650199,0.0410216001162803,3.07702261202609
"235",4227,"Kvinesdal",0,2.82794622409077,0,0.131182795698924,0.162613730355665,235,235,0.21607787772038,0.0139869680200135,0.817087219348777
"236",4228,"Sirdal",0,0.864945629893634,0,0.325443786982248,0.453846153846153,236,236,0.778152854629966,0.045668402863574,3.0188384630531
"237",4601,"Bergen",149,124.416949297612,1.19758602699367,0.167538497391678,0.204725453991359,237,237,1.19546401821307,1.01076545417107,1.39389253245274
"238",4602,"Kinn",13,7.83420212737027,1.65939042529705,0.2316,0.163812689732647,238,238,1.57901415304717,0.838879970522298,2.54644696590469
"239",4611,"Etne",0,2.01885748065465,0,0.229335295560461,0.159921510914888,239,239,0.243473799077547,0.0139130607337015,0.97374747047852
"240",4612,"Sveio",0,2.47411627343487,0,0.243556023145712,0.16149395055234,240,240,0.233719411675666,0.0137653193305906,0.918667547099114
"241",4613,"Bømlo",0,5.27707639313007,0,0.239270476031121,0.162051367857441,241,241,0.142243583512718,0.0107391168614239,0.513302065756441
"242",4614,"Stord",0,8.30714886552839,0,0.246689895470383,0.16043956043956,242,242,0.109781244767344,0.00988014301300998,0.37326309409973
"243",4615,"Fitjar",0,1.38541297804177,0,0.24318395487308,0.160764650579755,243,243,0.306574096520079,0.0145589706841928,1.30105017466251
"244",4616,"Tysnes",0,1.48383955042361,0,0.215720831864645,0.167077899189284,244,244,0.281567623781132,0.013358551266233,1.19756762283382
"245",4617,"Kvinnherad",0,6.4915447833523,0,0.232662703856119,0.164456637707666,245,245,0.129817229884983,0.011207726384904,0.447384523005427
"246",4618,"Ullensvang",11,5.76460797783363,1.90819567302716,0.1849,0.15556646159413,246,246,1.80156041726859,0.901618384470931,3.01035976732349
"247",4619,"Eidfjord",0,0.449424090433526,0,0.157253599114064,0.159468438538205,247,247,0.417765965457975,0.0146031390479698,2.04233031786157
"248",4620,"Ulvik",0,0.583477542541695,0,0.132653061224489,0.125231910946196,248,248,0.339743142937293,0.011953624886194,1.65207530771734
"249",4621,"Voss",9,7.75251697415008,1.16091329177473,0.1996,0.157614737007822,249,249,1.11089437917369,0.516396530911492,1.93513164922103
"250",4622,"Kvam",4,4.27234454034925,0.936254078345707,0.224371143806359,0.161485524442335,250,250,0.883212520489216,0.269692943840062,1.90371985005671
"251",4623,"Samnanger",0,1.185350084546,0,0.227180527383367,0.163488843813387,251,251,0.305375781885881,0.0142337529498236,1.32188525020758
"252",4624,"Bjørnafjorden",11,10.8271107236508,1.01596818216439,0.2006,0.156773699235218,252,252,0.989949754040017,0.501421014829142,1.64256367907826
"253",4625,"Austevoll",0,2.34266954643812,0,0.239247311827957,0.153993855606758,253,253,0.21917843528962,0.0121136000536053,0.881892283946462
"254",4626,"Øygarden",21,15.8165483758297,1.32772331238157,0.2237,0.158988535246188,254,254,1.30571088785148,0.809681130616014,1.91289150239382
"255",4627,"Askøy",12,12.2578261603144,0.978966404243104,0.182095172885997,0.156316330023964,255,255,0.962486575237295,0.504123634703186,1.56568036701426
"256",4628,"Vaksdal",0,2.04963760251179,0,0.22891865079365,0.166170634920634,256,256,0.233468287598828,0.0133856156389308,0.941734550357784
"257",4629,"Modalen",0,0.179854225422278,0,0.11578947368421,0.0684210526315789,257,257,0.33269846322411,0.00793519230011333,1.87840009379209
"258",4630,"Osterøy",0,3.76748984012945,0,0.242726824457593,0.156065088757396,258,258,0.166606007197992,0.0107514834713097,0.633326536874879
"259",4631,"Alver",0,12.8979475704681,0,0.2442,0.160589405692383,259,259,0.0766644482522871,0.00741494450860975,0.253276705189586
"260",4632,"Austrheim",0,1.4149039023886,0,0.21636615811373,0.164008321775312,260,260,0.256043904106413,0.00903698062566734,1.1429899864402
"261",4633,"Fedje",0,0.309702578931909,0,0.135957066189624,0.146690518783542,261,261,0.458105597096326,0.0127632365879108,2.38827565372749
"262",4634,"Masfjorden",0,0.899174592546112,0,0.135663507109004,0.12085308056872,262,262,0.269618187234974,0.00936891084459604,1.29321961642086
"263",4635,"Gulen",0,1.1494946600256,0,0.208871662360034,0.161498708010335,263,263,0.278587614746606,0.0109472158109476,1.26162308617527
"264",4636,"Solund",0,0.413755158563333,0,0.147783251231527,0.14039408866995,264,264,0.364352843075192,0.00988286010036287,1.89575724250253
"265",4637,"Hyllestad",0,0.721977220700018,0,0.128888888888888,0.131851851851851,265,265,0.3020473076497,0.00975784897154326,1.47698255602457
"266",4638,"Høyanger",0,2.1247153416308,0,0.2279843444227,0.169765166340508,266,266,0.218350094475151,0.0119922269931238,0.896633194354677
"267",4639,"Vik",0,1.40815297123481,0,0.214312476582989,0.156238291494941,267,267,0.262561693630019,0.0126524203776989,1.13310814638506
"268",4640,"Sogndal",0,5.36750608120489,0,0.2066,0.14881307755793,268,268,0.129368066238477,0.00960240799456962,0.473373244940811
"269",4641,"Aurland",0,0.860027905688009,0,0.144977168949771,0.118150684931506,269,269,0.289467398551206,0.0112804462112352,1.35276861547909
"270",4642,"Lærdal",0,1.04873565845125,0,0.22004662004662,0.158508158508158,270,270,0.298404123700062,0.013176588284427,1.33376341129707
"271",4643,"Årdal",0,2.69940653888431,0,0.221098817245326,0.164822586798931,271,271,0.196234051789647,0.0118616315838615,0.774540928629514
"272",4644,"Luster",0,2.57301115453332,0,0.236882716049382,0.157600308641975,272,272,0.194801402831691,0.0115304542654164,0.780392241245981
"273",4645,"Askvoll",0,1.652016621153,0,0.215323645970937,0.163474240422721,273,273,0.241680413067788,0.011349868147861,1.03632999111211
"274",4646,"Fjaler",0,1.40866774576759,0,0.231247713135748,0.164288327844859,274,274,0.258149557462935,0.0116748592490923,1.12933963877702
"275",4647,"Sunnfjord",7,9.66414092431123,0.724327185915792,0.2495,0.158597101024606,275,275,0.702230064959477,0.293093142116087,1.29579503142649
"276",4648,"Bremanger",0,1.9863380571787,0,0.201298701298701,0.159632034632034,276,276,0.224713173517894,0.0114565813436585,0.934664300586752
"277",4649,"Stad",0,4.63338902950869,0,0.235,0.163001581447587,277,277,0.144349035562719,0.0103621485353061,0.53478835206751
"278",4650,"Gloppen",0,2.90240538829758,0,0.231495792546797,0.162974411815215,278,278,0.186759855602871,0.0114312589263956,0.733855193849221
"279",4651,"Stryn",0,3.39485974400006,0,0.223014541387024,0.154921700223713,279,279,0.167590682672865,0.0108370799949344,0.648865955059587
"280",5001,"Trondheim",95,86.5642321192196,1.09745096414836,0.1751,0.164582234748014,280,280,1.09308058872286,0.883764161145162,1.32219745746604
"281",5006,"Steinkjer",17,11.9997910568555,1.41669133399517,0.205,0.2991636228033,281,281,1.40301180626951,0.822866719854139,2.13047089630506
"282",5007,"Namsos",10,7.24689818969479,1.37990071589803,0.1764,0.249393523774554,282,282,1.34195895679678,0.654525338103174,2.27533145494573
"283",5014,"Frøya",0,2.31071608273766,0,0.118217821782178,0.317425742574257,283,283,0.313011237611252,0.021693819716764,1.1626541254853
"284",5020,"Osen",0,0.536475744140534,0,0.312430011198208,0.363941769316909,284,284,0.728734320827406,0.0315324654729279,3.21383482994851
"285",5021,"Oppdal",0,3.40245557203846,0,0.155539568345323,0.18,285,285,0.179602834163292,0.0124208757718589,0.679574316774924
"286",5022,"Rennebu",0,1.29605545441349,0,0.156462585034013,0.161664665866346,286,286,0.272829498871345,0.0128073730463608,1.19127817755959
"287",5025,"Røros",0,2.84261907156177,0,0.155639232562309,0.16083916083916,287,287,0.191000461649439,0.0118419772448994,0.747390822903135
"288",5026,"Holtålen",0,1.08090709892919,0,0.150617283950617,0.144197530864197,288,288,0.279016163495579,0.0118286590168411,1.26231096436735
"289",5027,"Midtre Gauldal",0,3.02913257811593,0,0.140883534136546,0.216224899598393,289,289,0.208386858748229,0.0146455370131752,0.782944418280289
"290",5028,"Melhus",0,7.59630919493004,0,0.173705227492739,0.181086640851887,290,290,0.115147995776358,0.01050112043574,0.391791958567195
"291",5029,"Skaun",0,3.53389546693167,0,0.190209449585971,0.173404773502191,291,291,0.176164952467797,0.0118369460182606,0.666961537915453
"292",5031,"Malvik",0,5.91145234876701,0,0.174476927486385,0.193035253654342,292,292,0.137976430906614,0.0117045817581721,0.48100772242556
"293",5032,"Selbu",0,2.08286269433803,0,0.162579695929377,0.163315350662089,293,293,0.224385959455158,0.0127177143697038,0.912129145232514
"294",5033,"Tydal",0,0.457794789004156,0,0.277703604806408,0.379172229639519,294,294,0.78037053705792,0.0319041213491362,3.53646973823786
"295",5034,"Meråker",0,1.22019220348197,0,0.151690024732069,0.166941467436108,295,295,0.289353334282063,0.0135422856805759,1.2610485368312
"296",5035,"Stjørdal",13,10.9804821302012,1.18391887039679,0.261841427835936,0.422129740861506,296,296,1.20333217123071,0.653762298743307,1.91484921781371
"297",5036,"Frosta",0,1.30223421103555,0,0.150266971777269,0.183829138062547,297,297,0.301302717636204,0.0133855249074208,1.3072965177792
"298",5037,"Levanger",11,9.28061958458433,1.18526569263454,0.256301652892561,0.424173553719008,298,298,1.20913109545699,0.620400398496739,1.99059943724142
"299",5038,"Verdal",9,6.91826625339174,1.30090396500535,0.177991137370753,0.163824358802202,299,299,1.23693507233303,0.573293541411487,2.15824410055229
"300",5041,"Snåsa",0,1.1029627348549,0,0.164835164835164,0.160535117056856,300,300,0.297659317460853,0.0133219017713781,1.31646356963189
"301",5042,"Lierne",0,0.703058244141345,0,0.0518754988028731,0.230646448523543,301,301,0.427238445850449,0.0176703819547594,1.94646466007087
"302",5043,"Røyrvik",0,0.258724668727429,0,0.12258064516129,0.0516129032258064,302,302,0.308423145610873,0.00783010427857495,1.69334163085821
"303",5044,"Namsskogan",0,0.48374399350914,0,0.285714285714285,0.36409608091024,303,303,0.734615883981526,0.0305990244924992,3.30932442542452
"304",5045,"Grong",0,1.24887764707138,0,0.153651329674968,0.166314900802026,304,304,0.284708439350028,0.0133146970947783,1.23945162513758
"305",5046,"Høylandet",0,0.662394825540702,0,0.0512605042016806,0.24453781512605,305,305,0.454343110044136,0.0190214158811324,2.06893399141271
"306",5047,"Overhalla",0,1.79694070748224,0,0.168093385214007,0.182101167315175,306,306,0.255929406636452,0.0141518988246255,1.04518691574497
"307",5049,"Flatanger",0,0.577200757948901,0,0.0479102956167176,0.217125382262996,307,307,0.454708342834466,0.0169342546031613,2.13504196276236
"308",5052,"Leka",0,0.315694392544837,0,0.314065510597302,0.341040462427745,308,308,0.801301137022375,0.0265667731592136,3.89340472906531
"309",5053,"Inderøy",0,3.22492518181972,0,0.172200088534749,0.160985686882101,309,309,0.185822489965614,0.012285093032241,0.707592423761368
"310",5054,"Indre Fosen",0,5.00068754399245,0,0.160421898543445,0.171069814163736,310,310,0.150829520715394,0.0119092633204132,0.53723934801289
"311",5055,"Heim",5,3.07362631360465,1.62674297063008,0.1974,0.223894167383888,311,311,1.49089268398237,0.506037425744001,3.05211381905275
"312",5056,"Hitra",2,2.42711482892826,0.824023641635092,0.129494863013698,0.251284246575342,312,312,0.832936746172285,0.159751959554503,2.18786438858424
"313",5057,"Ørland",9,5.06312901797386,1.77755691550629,0.1676,0.167541584747166,313,313,1.67145881159916,0.770701423608459,2.92426882768936
"314",5058,"Åfjord",3,2.26529603104397,1.32433022390342,0.2332,0.258098186643077,314,314,1.24441488596084,0.311651041673606,2.93257901417518
"315",5059,"Orkland",11,8.73637181842984,1.259103919638,0.1268,0.185995664363316,315,315,1.21294410678471,0.61088881777937,2.01907236880589
"316",5060,"Nærøysund",0,4.55210981254194,0,0.1712,0.182444318992465,316,316,0.156837313302643,0.0119832017561147,0.567958566488953
"317",5061,"Rindal",0,1.05038925632709,0,0.174987642115669,0.144834404349975,317,317,0.283489611627128,0.0120162338605094,1.28455378234236
"318",5401,"Tromsø",35,31.703020803337,1.10399574277527,0.192302170479907,0.117699265195317,318,318,1.08963323496181,0.758450538395429,1.47571359424059
"319",5402,"Harstad",13,11.5498821000972,1.12555261493886,0.176001289386735,0.105770005641066,319,319,1.08891538225887,0.583513916563233,1.74746927604081
"320",5403,"Alta",12,8.63913695732065,1.38902763774701,0.189572541995449,0.110374207290506,320,320,1.3149211870398,0.679006073203056,2.15685613211501
"321",5404,"Vardø",0,0.945673067388005,0,0.167468719923002,0.192974013474494,321,321,0.33175808383795,0.0124586526803641,1.51467516096042
"322",5405,"Vadsø",0,2.71133170979773,0,0.184782608695652,0.183423913043478,322,322,0.202387451658885,0.0120805760925202,0.795544815157214
"323",5406,"Hammerfest",10,5.07310146626205,1.97118075924631,0.1627,0.199104857769124,323,323,1.85451253065415,0.891777954346548,3.16843711733327
"324",5411,"Kvæfjord",0,1.38359534102651,0,0.173562412342215,0.185133239831697,324,324,0.311493393567252,0.015805838152845,1.29775108202814
"325",5412,"Tjeldsund",0,2.26616049541843,0,0.1576,0.137874370401373,325,325,0.220604226071841,0.0125640601351711,0.878640619029629
"326",5413,"Ibestad",0,0.809920099983595,0,0.185860058309037,0.0903790087463556,326,326,0.290959888669351,0.00972972634505701,1.40075840543394
"327",5414,"Gratangen",0,0.607149543886074,0,0.212669683257918,0.085972850678733,327,327,0.313173415794087,0.0102738511063435,1.5366293856688
"328",5415,"Lavangen",0,0.565481308288788,0,0.197696737044145,0.0854126679462572,328,328,0.315156485822651,0.0101959048893909,1.56022783834441
"329",5416,"Bardu",0,1.89002412677248,0,0.203427719821162,0.182314952806756,329,329,0.26355820242233,0.0150096645105788,1.05335935927864
"330",5417,"Salangen",0,1.08362747336935,0,0.175229357798165,0.176146788990825,330,330,0.329711718520285,0.0149788610847844,1.43494014462078
"331",5418,"Målselv",5,3.20466759684499,1.56022421948614,0.197882975595413,0.186415760070567,331,331,1.43062898484234,0.489445386028749,2.92090454168075
"332",5419,"Sørreisa",0,1.64840313720402,0,0.184452094090648,0.189041881812966,332,332,0.286789442783792,0.0156042494546892,1.16535855221631
"333",5420,"Dyrøy",0,0.579849502371202,0,0.184233835252435,0.095659875996457,333,333,0.323567816088737,0.0102265070522329,1.60395392237802
"334",5421,"Senja",12,7.12286358117696,1.68471568537568,0.1669,0.181725728221879,334,334,1.62018349024665,0.842280176854519,2.6474245575956
"335",5422,"Balsfjord",0,2.88518897256559,0,0.176125244618395,0.185376267568048,335,335,0.212464783118137,0.0139786725513046,0.807053430240009
"336",5423,"Karlsøy",0,1.20286475702794,0,0.155861456483126,0.187833037300177,336,336,0.328993888899132,0.0145105775618273,1.43154975524059
"337",5424,"Lyngen",0,1.52556110392374,0,0.165260196905766,0.177215189873417,337,337,0.283503720038477,0.0141354363716913,1.18831468230488
"338",5425,"Storfjord",0,0.858054619967794,0,0.200761697497279,0.088139281828074,338,338,0.272726773257268,0.0099131672016354,1.28993603776974
"339",5426,"Kåfjord",0,1.13156903529498,0,0.174058178350023,0.183118741058655,339,339,0.312029614527408,0.0137381213403932,1.37122001949289
"340",5427,"Skjervøy",0,1.46661318349332,0,0.177236887212889,0.185807336304422,340,340,0.276033489293723,0.0118408369067536,1.19142210383554
"341",5428,"Nordreisa",0,2.29217902123791,0,0.191688734976573,0.184762680790385,341,341,0.222922897278671,0.0127867655228636,0.890955815836028
"342",5429,"Kvænangen",0,0.669384550782267,0,0.182196339434276,0.0973377703826955,342,342,0.28645781798956,0.00926451145144781,1.41676435135655
"343",5430,"Kautokeino",0,1.25003351161705,0,0.199246833276275,0.185210544334132,343,343,0.29574958925866,0.0136517632244503,1.28213266085656
"344",5432,"Loppa",0,0.519817240204829,0,0.132450331125827,0.20971302428256,344,344,0.447136938770077,0.0156291112212407,2.14787737209542
"345",5433,"Hasvik",0,0.483729423209811,0,0.253588516746411,0.0736842105263157,345,345,0.296927550714116,0.00848919961197966,1.53241673734014
"346",5434,"Måsøy",0,0.664439794741942,0,0.226720647773279,0.0777327935222672,346,346,0.272116974057393,0.00836288078563305,1.36148907990885
"347",5435,"Nordkapp",0,1.47478517579351,0,0.174875311720698,0.186720698254364,347,347,0.276083813286254,0.0132354146253609,1.17428515765374
"348",5436,"Porsanger",0,1.84865240479834,0,0.179766734279918,0.189655172413793,348,348,0.251652112104107,0.0137331323043574,1.02852153146908
"349",5437,"Karasjok",0,1.19219295932235,0,0.201498127340823,0.189138576779026,349,349,0.304074751303659,0.0138900192618603,1.32505235041098
"350",5438,"Lebesby",0,0.640089921933485,0,0.241716867469879,0.0805722891566265,350,350,0.271021558585999,0.00812622720678668,1.36896258970922
"351",5439,"Gamvik",0,0.534499090251256,0,0.275449101796407,0.0769888793840889,351,351,0.282042993186266,0.00761582539386773,1.46336282063789
"352",5440,"Berlevåg",0,0.489913945688979,0,0.136270491803278,0.278688524590163,352,352,0.545706739200543,0.018785666365851,2.59888852030075
"353",5441,"Tana",0,1.39548961565834,0,0.178645473393227,0.188320663441603,353,353,0.280103512024358,0.0133885323248343,1.20041695960788
"354",5442,"Nesseby",0,0.501675202331705,0,0.134962805526036,0.170031880977683,354,354,0.397720533640968,0.0129544755723568,1.95941738783539
"355",5443,"Båtsfjord",0,0.951638363385694,0,0.149779735682819,0.179295154185022,355,355,0.316976382191867,0.0122171683143781,1.45222711606708
"356",5444,"Sør-Varanger",8,4.55646095004091,1.75574861448734,0.182391797298629,0.187419895494429,356,356,1.64814134759756,0.720005355787812,2.96803114318092
