"","kommunenummer","navn","Y","expected","SMR","kommunenavn.x","radon.level","kommunenavn.y","arsen.air","arsen.water","kommunenavn.x.1","chromium.air","chromium.water","komunenavn","cadmium.air","cadmium.water","kommunenavn.y.1","nickel.air","nickel.water","crowded","poverty","kommunenavn","population","new_cases","pop_size","re_u","re_v","RR","LL","UL"
"1",301,"Oslo",985,29678.6334725191,0.0331888596188925,"Oslo",1.828863991,"Oslo",0.166358,0.397772727272727,"Oslo",2.20024545454545,1.80540909090909,"Oslo",0.275918545454545,0.108890909090909,"Oslo",2.28932727272727,0.433109090909091,20.5833333333333,12.2909090909091,"Oslo",346184,985,"urban",1,1,0.0332188281838987,0.03117383710548,0.0353228736527537
"2",1101,"Eigersund",1358,860.688559252309,1.57780649620777,"Eigersund",0.976905888,"Eigersund",0.142875,0.1592125,"Eigersund",0.145375,0.2385125,"Eigersund",0.126625,0.0244625,"Eigersund",0.126625,0.379125,5.73333333333333,8.36363636363636,"Eigersund",7524,1358,"semi-urban",2,2,1.57835929060864,1.49537977776032,1.66335110645855
"3",1103,"Stavanger",1375,6842.36034795717,0.200954046568231,"Stavanger",1.012590855,"Stavanger",0,0,"Stavanger",0,0,"Stavanger",0,0,"Stavanger",0,0,10.1333333333333,8.7,"Stavanger",72035,1375,"urban",3,3,0.201037576668712,0.190533380030554,0.211794805687645
"4",1106,"Haugesund",930,2089.0995448508,0.445167872585228,"Haugesund",1.417032603,"Haugesund",0,0,"Haugesund",0,0,"Haugesund",0,0,"Haugesund",0,0,6.86666666666667,11.1909090909091,"Haugesund",19126,930,"urban",4,4,0.445421328730951,0.417211037572789,0.474471892900407
"5",1108,"Sandnes",1373,3564.86503251202,0.385147821159585,"Sandnes",1.523844539,"Sandnes",0.288818181818182,0,"Sandnes",0,0.806745454545455,"Sandnes",1.08322222222222,0.027,"Sandnes",0.992181818181818,0,1.38333333333333,7.5,"Sandnes",40505,1373,"urban",5,5,0.385353947414279,0.365205851135156,0.405987776260106
"6",1111,"Sokndal",1359,215.206229495809,6.31487296247839,"Sokndal",1.040609092,"Sokndal",0,4.21118181818182,"Sokndal",0,35.1860909090909,"Sokndal",0,0.713363636363636,"Sokndal",0,3429.448,6.91666666666667,9.69090909090909,"Sokndal",1653,1359,"rural",6,6,6.31739132489552,5.98536903370942,6.65746200111566
"7",1112,"Lund",1088,209.718116779091,5.18791612622604,"Lund",1.192150373,"Lund",0,0,"Lund",0,0,"Lund",0,0,"Lund",0,0,6.63333333333333,9.32727272727273,"Lund",1610,1088,"rural",7,7,5.18770801557245,4.88344970866304,5.50029434372227
"8",1114,"Bjerkreim",0,148.196633828544,0,"Bjerkreim",1.018571425,"Bjerkreim",0,0,"Bjerkreim",0,0,"Bjerkreim",0,0,"Bjerkreim",0,0,4.86666666666667,6.09090909090909,"Bjerkreim",1438,0,"rural",8,8,0.00886285770484295,0.000732562927400777,0.0300855507727687
"9",1119,"HÃ¥",1399,1006.78742758711,1.38956840507323,"Hå",1.058480925,"Hå",0.1670467,0,"Hå",0.528488,0,"Hå",0.0035415,0,"Hå",0.172124,0,6.01666666666667,6.54545454545455,"Hå",9760,1399,"semi-urban",9,9,1.39010552905004,1.31808901990757,1.46384045113689
"10",1120,"Klepp",1237,978.779858671004,1.26381840517193,"Klepp",1.05071036,"Klepp",0,0,"Klepp",0,0,"Klepp",0,0,"Klepp",0,0,6.46666666666667,6.36363636363636,"Klepp",10064,1237,"urban",10,10,1.26411114078565,1.19451920927158,1.33547885248762
"11",1121,"Time",1145,952.749746376168,1.20178462849774,"Time",1.423224737,"Time",0,0,"Time",0,0,"Time",0,0,"Time",0,0,6.96666666666667,5.90909090909091,"Time",9655,1145,"semi-urban",11,11,1.20245395083274,1.13369915072534,1.27303822995141
"12",1122,"Gjesdal",1089,465.667191834038,2.33858003977251,"Gjesdal",1.222266569,"Gjesdal",0,0,"Gjesdal",0,0,"Gjesdal",0,0,"Gjesdal",0,0,7.35,6.29090909090909,"Gjesdal",6091,1089,"semi-urban",12,12,2.33951504598958,2.20239224272333,2.48038775056467
"13",1124,"Sola",1216,1351.31913338737,0.899861453860893,"Sola",1.042659728,"Sola",0,0.2125,"Sola",0,0.376290909090909,"Sola",0,0.0221454545454545,"Sola",0,2.54452727272727,7.36666666666667,6.38181818181818,"Sola",13962,1216,"urban",13,13,0.900115910203681,0.850144145852131,0.951374758685232
"14",1127,"Randaberg",1159,646.720727820446,1.79211822065147,"Randaberg",1.08181141,"Randaberg",0,0.0564272727272727,"Randaberg",0,0.316857142857143,"Randaberg",0,0.00768181818181818,"Randaberg",0,0.2824,7.01666666666667,6.66363636363636,"Randaberg",5667,1159,"semi-urban",14,14,1.79286055062089,1.69095083644136,1.89746422434968
"15",1130,"Strand",1556,784.611501867846,1.98314706870316,"Strand",1.324436541,"Strand",0,0,"Strand",0,0,"Strand",0,0,"Strand",0,0,6.78333333333333,8.15454545454545,"Strand",6598,1556,"semi-urban",15,15,1.98379602628188,1.88627780693327,2.08351075977088
"16",1133,"Hjelmeland",1007,181.004359331917,5.56340191869862,"Hjelmeland",1.857425138,"Hjelmeland",0,0,"Hjelmeland",0,0,"Hjelmeland",0,0,"Hjelmeland",0,0,6.75,9.31818181818182,"Hjelmeland",1321,1007,"rural",16,16,5.56396933617192,5.22501500993147,5.91259991512879
"17",1134,"Suldal",1153,268.676391834666,4.29140793549705,"Suldal",1.544219126,"Suldal",0,0,"Suldal",0,0,"Suldal",0,0,"Suldal",0,0,4.2,9.69090909090909,"Suldal",1909,1153,"rural",17,17,4.29195716714984,4.04734004483835,4.54306027730662
"18",1135,"Sauda",1333,384.476558895778,3.46705142136205,"Sauda",1.751851264,"Sauda",1.42618181818182,14.7354545454545,"Sauda",9.92663636363636,20.0390909090909,"Sauda",0.925454545454545,0.645454545454546,"Sauda",9.79509090909091,60.1454545454545,5.5,9.02727272727273,"Sauda",2292,1333,"semi-urban",18,18,3.46845931288767,3.28443579444716,3.6569908918011
"19",1144,"KvitsÃ¸y",0,58.4421153811495,0,"Kvitsøy",1.006791153,"Kvitsøy",0,0,"Kvitsøy",0,0,"Kvitsøy",0,0,"Kvitsøy",0,0,2.1,9.9,"Kvitsøy",269,0,"rural",19,19,0.0194947875692844,0.00123044321093385,0.0711831412489599
"20",1145,"Bokn",0,67.7324759812455,0,"Bokn",1.329071503,"Bokn",0,0,"Bokn",0,0,"Bokn",0,0,"Bokn",0,0,3.3,8.3,"Bokn",441,0,"rural",20,20,0.0179881278303708,0.00127308368227114,0.0637012499415596
"21",1146,"TysvÃ¦r",1119,687.390772158004,1.6278949984839,"Tysvær",1.528792458,"Tysvær",0,0.504555555555556,"Tysvær",0,1.539,"Tysvær",0,1.3405,"Tysvær",0,4.9002,5.61666666666667,6.5,"Tysvær",5639,1119,"semi-urban",21,21,1.62882341083926,1.5346306835025,1.72555425374856
"22",1149,"KarmÃ¸y",1222,2585.59084309212,0.472619248039494,"Karmøy",1.185123893,"Karmøy",24.3527272727273,1431.59476363636,"Karmøy",2.70818181818182,313.192218181818,"Karmøy",2.90181818181818,18.4789818181818,"Karmøy",540.282727272727,113.840581818182,4.78333333333333,8.64545454545454,"Karmøy",21397,1222,"urban",22,22,0.472826515758528,0.446640055551684,0.49968559730917
"23",1151,"Utsira",0,16.1202317005368,0,"Utsira",0.971710877,"Utsira",0,0,"Utsira",0,0,"Utsira",0,0,"Utsira",0,0,7.28333333333333,12.55,"Utsira",109,0,"rural",23,23,0.0505846389434081,0.00170448611621346,0.216537569795083
"24",1160,"Vindafjord",1496,549.207250858645,2.72392616386822,"Vindafjord",1.336674573,"Vindafjord",0,0.17875,"Vindafjord",0,1.06989090909091,"Vindafjord",0,0.0143818181818182,"Vindafjord",0,0,6.48333333333333,10.1272727272727,"Vindafjord",4507,1496,"semi-urban",24,24,2.72472785318849,2.58815817682646,2.86444012123336
"25",1505,"Kristiansund",1377,1578.80431419926,0.872179020297643,"Kristiansund",1.021861713,"Kristiansund",6.17521818181818,0.615209090909091,"Kristiansund",0.752027272727273,0.0882818181818182,"Kristiansund",0.629218181818182,0.0167090909090909,"Kristiansund",0.750636363636364,2.18289090909091,8.63333333333333,10.6363636363636,"Kristiansund",12281,1377,"urban",25,25,0.872375707382005,0.826822317189685,0.919025486854285
"26",1506,"Molde",1088,2167.59677538492,0.50193837357356,"Molde",1.160593475,"Molde",0.00675,0.0031,"Molde",0.01855,4.9338,"Molde",0.0348333333333333,0.182966666666667,"Molde",0.0985666666666666,2.28643333333333,8,9.6,"Molde",16053,1088,"urban",26,26,0.502204525342811,0.472758014736954,0.532456725096998
"27",1507,"Ã…lesund",1091,3956.62380965047,0.27574013919114,"Ålesund",1.214408374,"Ålesund",0.037181,0.07728,"Ålesund",0.987836363636364,0.174,"Ålesund",0.0440654545454545,0.0703818181818182,"Ålesund",0.886509090909091,0.0976454545454545,8.6,9.8,"Ålesund",34021,1091,"urban",27,27,0.27591237273691,0.259756988040754,0.292509070207188
"28",1511,"Vanylven",845,309.380461662509,2.7312649139485,"Vanylven",1.282802651,"Vanylven",0,0,"Vanylven",0,0,"Vanylven",0,0,"Vanylven",0,0,7.56666666666667,13.0090909090909,"Vanylven",1607,845,"rural",28,28,2.73182367802498,2.55039606419741,2.91888836337918
"29",1514,"Sande",1134,193.064263311863,5.87369190210109,"Sande",1.106081865,"Sande",0,0,"Sande",0,0,"Sande",0,0,"Sande",0,0,5.61666666666667,11.5090909090909,"Sande",1286,1134,"rural",29,29,5.87363184835116,5.5360951665872,6.22020003101128
"30",1515,"HerÃ¸y",1071,648.405180419972,1.65174497727843,"Herøy",1.410855773,"Herøy",0,0,"Herøy",0,0,"Herøy",0,0,"Herøy",0,0,4.21666666666667,9.49090909090909,"Herøy (Møre og Romsdal)",4569,1071,"semi-urban",30,30,1.65264485118407,1.55498995970064,1.75299498508407
"31",1515,"HerÃ¸y",1071,648.405180419972,1.65174497727843,"Herøy",1.014904557,"Herøy",0,0,"Herøy",0,0,"Herøy",0,0,"Herøy",0,0,4.21666666666667,9.49090909090909,"Herøy (Møre og Romsdal)",4569,1071,"semi-urban",31,31,1.65252375511921,1.55487256325811,1.75286984533214
"32",1516,"Ulstein",657,504.425391217945,1.30247210278939,"Ulstein",0.995311827,"Ulstein",0,0,"Ulstein",0,0,"Ulstein",0,0,"Ulstein",0,0,6.7,9.16363636363636,"Ulstein",4480,657,"semi-urban",32,32,1.30345004936474,1.2054906736353,1.4048137044616
"33",1517,"Hareid",1376,309.777596313383,4.4418964327168,"Hareid",0.978926044,"Hareid",0,0,"Hareid",0,0,"Hareid",0,0,"Hareid",0,0,5.73333333333333,10.0636363636364,"Hareid",2642,1376,"semi-urban",33,33,4.4428487427963,4.21076994588834,4.68051627813206
"34",1520,"Ã˜rsta",946,746.262378676714,1.26765066420401,"Ørsta",0.997422949,"Ørsta",0,0.0500375,"Ørsta",0,0.319788888888889,"Ørsta",0.051975,0.0397,"Ørsta",0,1.1338375,6.66666666666667,9.56363636363636,"Ørsta",5473,946,"semi-urban",34,34,1.26847101102405,1.18880829700452,1.35048592876646
"35",1525,"Stranda",892,397.517166257133,2.24392825195129,"Stranda",1.029062268,"Stranda",0,0,"Stranda",0,0.1855,"Stranda",0,0,"Stranda",0,0.4225,6.73333333333333,10.3272727272727,"Stranda",2314,892,"semi-urban",35,35,2.24515534777382,2.10000118436883,2.39471309362596
"36",1528,"Sykkylven",790,518.824191976151,1.52267379242854,"Sykkylven",1.004266492,"Sykkylven",0,0,"Sykkylven",0,0.0049,"Sykkylven",0,0,"Sykkylven",0,0.0059,7.28333333333333,8.51818181818182,"Sykkylven",3845,790,"semi-urban",36,36,1.5237806591195,1.41919303746866,1.63171534185988
"37",1531,"Sula",1151,529.02746174687,2.1756904569743,"Sula",0.97936871,"Sula",0,0,"Sula",0,0,"Sula",0,0,"Sula",0,0,7.11666666666667,8.17272727272727,"Sula",4806,1151,"semi-urban",37,37,2.1765032968387,2.05236195837805,2.30393882899885
"38",1532,"Giske",920,493.173752239923,1.86546829757564,"Giske",0.983651921,"Giske",0,0,"Giske",0,0,"Giske",0,0,"Giske",0,0,4.98333333333333,8.25454545454545,"Giske",4286,920,"semi-urban",38,38,1.86646913952955,1.74762398821383,1.98887119199396
"39",1535,"Vestnes",1025,461.912965141122,2.21903275585011,"Vestnes",1.002686573,"Vestnes",0,0,"Vestnes",0,0,"Vestnes",0,0,"Vestnes",0,0,6.43333333333333,10.1818181818182,"Vestnes",3389,1025,"semi-urban",39,39,2.22011181174532,2.08605957781969,2.35795320625172
"40",1539,"Rauma",1172,569.334910463408,2.05854230692802,"Rauma",1.50311197,"Rauma",0,0,"Rauma",0,0.593527272727273,"Rauma",0,0,"Rauma",0,0,3.65,10.4,"Rauma",3837,1172,"semi-urban",40,40,2.05975231541386,1.94332347768921,2.17924035874536
"41",1547,"Aukra",980,265.785897657881,3.68717832148285,"Aukra",0.998106177,"Aukra",0,1.04357,"Aukra",0,0.31952,"Aukra",0,0.18458,"Aukra",0,0.49585,7.65,8.3,"Aukra",1741,980,"rural",41,41,3.68769427767093,3.46002543008105,3.92195847045073
"42",1554,"AverÃ¸y",1197,430.962515771436,2.77750374149671,"Averøy",0.994703648,"Averøy",0.00142857142857143,0.179042857142857,"Averøy",0.00628571428571429,0.121714285714286,"Averøy",0.00128571428571429,0.0245857142857143,"Averøy",0.0013,1.47032857142857,4.13333333333333,9.96363636363636,"Averøy",2970,1197,"semi-urban",42,42,2.77847959847365,2.62303025984185,2.93796703031162
"43",1557,"Gjemnes",1273,189.503146713001,6.7175665527493,"Gjemnes",1.240653934,"Gjemnes",0,0,"Gjemnes",0,0,"Gjemnes",0,0,"Gjemnes",0,0,6.61666666666667,9.67272727272727,"Gjemnes",1355,1273,"rural",43,43,6.717973192436,6.35329826999937,7.09180946948579
"44",1560,"Tingvoll",1220,289.217364333646,4.21828060984812,"Tingvoll",1.592471398,"Tingvoll",0,0,"Tingvoll",0,0,"Tingvoll",0,0,"Tingvoll",0,0,6.35,12.8181818181818,"Tingvoll",1539,1220,"rural",44,44,4.21902884472499,3.98516873676229,4.45890242694518
"45",1563,"Sunndal",1453,491.263062750303,2.95768216699517,"Sunndal",1.051158244,"Sunndal",24.6863636363636,3.07,"Sunndal",9.58727272727273,0.921818181818182,"Sunndal",2.43727272727273,0.313636363636364,"Sunndal",431.709090909091,39.1481818181818,8.23333333333333,9.59090909090909,"Sunndal",3531,1453,"semi-urban",45,45,2.95848013003127,2.80803841197705,3.11243874019226
"46",1566,"Surnadal",1561,507.967376720943,3.07303199287451,"Surnadal",1.152390472,"Surnadal",0,0,"Surnadal",0,0,"Surnadal",0,0,"Surnadal",0,0,3.73333333333333,10.1272727272727,"Surnadal",3030,1561,"semi-urban",46,46,3.07409940330829,2.92322530943421,3.22836569066052
"47",1573,"SmÃ¸la",1578,196.091886528925,8.04724778741537,"Smøla",1.10793805,"Smøla",0,0,"Smøla",0,0,"Smøla",0,0,"Smøla",0,0,7.98333333333333,13.1545454545455,"Smøla",1094,1578,"rural",47,47,8.04660353510247,7.65371192821354,8.44827845178127
"48",1576,"Aure",1272,309.587182302064,4.10869723527156,"Aure",1.00207736,"Aure",0,0,"Aure",0.831666666666667,0.671666666666667,"Aure",0,0,"Aure",1.42727272727273,9.24818181818182,7.88333333333333,12.8090909090909,"Aure",1803,1272,"rural",48,48,4.10893019607148,3.88579658056413,4.33767204023488
"49",1577,"Volda",726,747.328723515851,0.971460051186701,"Volda",1.209158182,"Volda",0,0,"Volda",0,0,"Volda",0,0,"Volda",0,0,9.7,10.9,"Volda",5259,726,"semi-urban",49,49,0.972308260517497,0.902742066357077,1.04418634950764
"50",1578,"Fjord",1142,235.248247642844,4.85444636226917,"Fjord",1.201143583,"Fjord",0,0,"Fjord",0,0,"Fjord",0,0,"Fjord",0,0,6.7,11.2,"Fjord",1254,1142,"rural",50,50,4.85477160646643,4.57676042100345,5.14019321799785
"51",1579,"Hustadvika",1188,852.085512857202,1.39422626259237,"Hustadvika",0.998537152,"Hustadvika",0,0,"Hustadvika",0,0,"Hustadvika",0,0,"Hustadvika",0,0,5.9,9.2,"Hustadvika",6748,1188,"semi-urban",51,51,1.39499280317652,1.31666322899031,1.475365441963
"52",1804,"BodÃ¸",895,3012.3067254482,0.297114497816232,"Bodø",1.156256024,"Bodø",0,0,"Bodø",0,0,"Bodø",0,0,"Bodø",0,0,11.8333333333333,7.84545454545454,"Bodø",26328,895,"urban",52,52,0.297308624674876,0.278119702994636,0.317078752140015
"53",1806,"Narvik",806,1526.43388026536,0.528028112072488,"Narvik",1.311526534,"Narvik",0.3216,6.455,"Narvik",9.06437,21.411,"Narvik",0.86715,14.7808,"Narvik",4.87798,9.011,10,11.6,"Narvik",11077,806,"urban",53,53,0.528291647984714,0.492383416436403,0.565339113006802
"54",1811,"Bindal",152,133.05620681517,1.14237436673018,"Bindal",1.227223024,"Bindal",0,0,"Bindal",0,0,"Bindal",0,0,"Bindal",0,0,6.63333333333333,13.9636363636364,"Bindal",742,152,"rural",54,54,1.14380222886303,0.96877613068029,1.3316890903703
"55",1812,"SÃ¸mna",0,170.853604222886,0,"Sømna",1.065857585,"Sømna",0,0,"Sømna",0,0,"Sømna",0,0,"Sømna",0,0,5.11666666666667,12.5454545454545,"Sømna",1007,0,"rural",55,55,0.00740136687182489,0.000578755100758568,0.0255183698188832
"56",1813,"BrÃ¸nnÃ¸y",1076,510.94492458927,2.10590212020397,"Brønnøy",1.493600527,"Brønnøy",0,0,"Brønnøy",0,0,"Brønnøy",0,0,"Brønnøy",0,0,7.91666666666667,9.9,"Brønnøy",3939,1076,"semi-urban",56,56,2.10683682717797,1.98262281445588,2.2344699239105
"57",1815,"Vega",0,110.467287401399,0,"Vega",1.470495995,"Vega",0,0,"Vega",0,0,"Vega",0,0,"Vega",0,0,8.66666666666667,15.5090909090909,"Vega",625,0,"rural",57,57,0.0104922525094435,0.000697095011413491,0.0378061872067729
"58",1816,"Vevelstad",0,42.2015748081388,0,"Vevelstad",1.16720197,"Vevelstad",0,0,"Vevelstad",0,0,"Vevelstad",0,0,"Vevelstad",0,0,6.86666666666667,13.9181818181818,"Vevelstad",245,0,"rural",58,58,0.0240393140726072,0.00128354794391493,0.0920009098298397
"59",1820,"Alstahaug",1152,528.320631291341,2.18049406320597,"Alstahaug",1.147053709,"Alstahaug",0,0.14,"Alstahaug",0,0.115,"Alstahaug",0,0.155,"Alstahaug",0,0.115,6.03333333333333,9.8,"Alstahaug",3753,1152,"semi-urban",59,59,2.18145395570605,2.05708715290687,2.30911955216638
"60",1822,"Leirfjord",1388,156.574598797585,8.86478401132206,"Leirfjord",1.234579233,"Leirfjord",0,0,"Leirfjord",0,0,"Leirfjord",0,0,"Leirfjord",0,0,9.61666666666667,13.2090909090909,"Leirfjord",1189,1388,"rural",60,60,8.86367379585392,8.40257453748722,9.33582590425914
"61",1824,"Vefsn",829,1088.91485277979,0.761308377678676,"Vefsn",1.348831585,"Vefsn",26.1127272727273,4.58863636363636,"Vefsn",5.69636363636364,8.004,"Vefsn",12.8654545454545,1.21881818181818,"Vefsn",270.995454545455,62.3279090909091,6.58333333333333,9.19090909090909,"Vefsn",6806,829,"semi-urban",61,61,0.761890742733715,0.710823599302844,0.814557585870718
"62",1825,"Grane",1454,163.988937322807,8.86645174813135,"Grane",1.208272189,"Grane",0,0,"Grane",0,0,"Grane",0,0,"Grane",0,0,7.3,9.86363636363636,"Grane",792,1454,"rural",62,62,8.86561057723116,8.41487116584554,9.3268845347347
"63",1826,"Hattfjelldal",1655,138.268905987303,11.9694300622584,"Hattfjelldal",1.344995519,"Hattfjelldal",0,0,"Hattfjelldal",0,0,"Hattfjelldal",0,0,"Hattfjelldal",0,0,10.6,14.9272727272727,"Hattfjelldal",677,1655,"rural",63,63,11.9674298714445,11.3966732564313,12.5506156295649
"64",1827,"DÃ¸nna",0,119.843546229007,0,"Dønna",1.222241896,"Dønna",0,0,"Dønna",0,0,"Dønna",0,0,"Dønna",0,0,7.73333333333333,14.0272727272727,"Dønna",710,0,"rural",64,64,0.0096596966631427,0.000643307029360302,0.0347842657368171
"65",1828,"Nesna",0,123.319021370141,0,"Nesna",1.047666047,"Nesna",0,0,"Nesna",0,0,"Nesna",0,0,"Nesna",0,0,9.5,17.7272727272727,"Nesna",912,0,"rural",65,65,0.0092059471360818,0.00058495092858157,0.0335567992130115
"66",1832,"Hemnes",1518,386.3518106613,3.92906143600495,"Hemnes",1.07863818,"Hemnes",0,0,"Hemnes",0,0,"Hemnes",0,0,"Hemnes",0,0,6.1,9.46363636363636,"Hemnes",2309,1518,"semi-urban",66,66,3.93001140429802,3.73444017437486,4.1300472888738
"67",1833,"Rana",889,1820.19396327352,0.4884094870863,"Rana",1.26943229,"Rana",19.9989636363636,29.7621545454545,"Rana",17.5773636363636,19.5194181818182,"Rana",15.8167454545455,13.9198909090909,"Rana",69.7575454545454,27.2980909090909,6.7,8.26363636363636,"Rana",13248,889,"urban",67,67,0.488678803026203,0.45703075638037,0.521288236623134
"68",1834,"LurÃ¸y",1516,186.199468026891,8.1418062901289,"Lurøy",0.988331714,"Lurøy",0,0,"Lurøy",0,0,"Lurøy",0,0,"Lurøy",0,0,10.15,13.3818181818182,"Lurøy",979,1516,"rural",68,68,8.14093666120128,7.73548470718484,8.55565256946393
"69",1835,"TrÃ¦na",0,38.7779724042319,0,"Træna",0.979630969,"Træna",0,0,"Træna",0,0,"Træna",0,0,"Træna",0,0,6.4,11.8909090909091,"Træna",230,0,"rural",69,69,0.0251506086983432,0.00121808957748687,0.0984666737209313
"70",1836,"RÃ¸dÃ¸y",1133,92.9708866721775,12.1866106751788,"Rødøy",1.215920399,"Rødøy",0,0,"Rødøy",0,0,"Rødøy",0,0,"Rødøy",0,0,12.0833333333333,12.9363636363636,"Rødøy",620,1133,"rural",70,70,12.1839740183187,11.48343099408,12.9032736299149
"71",1837,"MelÃ¸y",1168,490.454027439026,2.3814668341065,"Meløy",0.960761859,"Meløy",0,0,"Meløy",0,0,"Meløy",0,0,"Meløy",0,0,7.71666666666667,10.4272727272727,"Meløy",3208,1168,"semi-urban",71,71,2.3823491136408,2.24744453518704,2.52080535480323
"72",1838,"GildeskÃ¥l",1330,168.806299232555,7.87885289853864,"Gildeskål",1.183055317,"Gildeskål",0,0,"Gildeskål",0,0,"Gildeskål",0,0,"Gildeskål",0,0,9.83333333333333,11.9363636363636,"Gildeskål",980,1330,"rural",72,72,7.87817400840466,7.45962821847144,8.30698825516385
"73",1839,"Beiarn",0,126.311977172457,0,"Beiarn",1.597133238,"Beiarn",0,0,"Beiarn",0,0,"Beiarn",0,0,"Beiarn",0,0,12.1666666666667,13.8909090909091,"Beiarn",534,0,"rural",73,73,0.0101343225985555,0.000790923846542946,0.0348506767334981
"74",1840,"Saltdal",1174,363.763148017313,3.22737475304707,"Saltdal",1.284694085,"Saltdal",0,0,"Saltdal",0,0,"Saltdal",0,0,"Saltdal",0,0,7.71666666666667,9.53636363636364,"Saltdal",2376,1174,"semi-urban",74,74,3.22858341165614,3.04621973059702,3.41573409533963
"75",1841,"Fauske",751,746.072349820071,1.00660478863895,"Fauske",1.458106841,"Fauske",0,0,"Fauske",0,0,"Fauske",0,0,"Fauske",0,0.410333333333333,6.61666666666667,9.26363636363636,"Fauske Fuosko",4910,751,"semi-urban",75,75,1.00760110835354,0.936704789168525,1.08081791679764
"76",1845,"SÃ¸rfold",49,176.995390808984,0.276843367367015,"Sørfold",1.154033093,"Sørfold",28.6363636363636,0.236,"Sørfold",2.71111111111111,0.128122222222222,"Sørfold",0.28,0.0758571428571429,"Sørfold",23.4,2.94246363636364,7.15,11.6090909090909,"Sørfold",996,49,"rural",76,76,0.280117032556128,0.207429845343031,0.36263934340157
"77",1848,"Steigen",1130,244.349221310758,4.62452875412641,"Steigen",1.178100144,"Steigen",0,0,"Steigen",0,0,"Steigen",0,0,"Steigen",0,0,10,15.8090909090909,"Steigen",1323,1130,"rural",77,77,4.62435406788852,4.35814332354449,4.89770213807294
"78",1851,"LÃ¸dingen",1319,208.719437765847,6.31948808466859,"Lødingen",1.186838025,"Lødingen",0,0,"Lødingen",0,0,"Lødingen",0,0,"Lødingen",0,0,7.98333333333333,13.2454545454545,"Lødingen",1000,1319,"rural",78,78,6.3193315997583,5.98223526884405,6.66473557984291
"79",1853,"Evenes",0,119.344591877062,0,"Evenes",1.015505078,"Evenes",0,0,"Evenes",0,0,"Evenes",0,0,"Evenes",0,0,7.66666666666667,13.0909090909091,"Evenes",681,0,"rural",79,79,0.0101166704122314,0.000727570271767809,0.0356925702133714
"80",1856,"RÃ¸st",0,34.391000326289,0,"Røst",0.998708065,"Røst",0,0,"Røst",0,0,"Røst",0,0,"Røst",0,0,9.05,13.4818181818182,"Røst",251,0,"rural",80,80,0.0262360739127267,0.00109674726223434,0.106593238041088
"81",1857,"VÃ¦rÃ¸y",0,63.5002234207381,0,"Værøy",1.000068833,"Værøy",0,0,"Værøy",0,0,"Værøy",0,0,"Værøy",0,0,9.3,16.3272727272727,"Værøy",379,0,"rural",81,81,0.0152604583189178,0.000732808129439716,0.0598411648493873
"82",1859,"Flakstad",0,112.480181746767,0,"Flakstad",1.050195028,"Flakstad",0,0,"Flakstad",0,0,"Flakstad",0,0,"Flakstad",0,0,8.5,12.2090909090909,"Flakstad",650,0,"rural",82,82,0.0105479584701447,0.000732005409067387,0.0375771805900845
"83",1860,"VestvÃ¥gÃ¸y",957,766.494554065284,1.24854116043529,"Vestvågøy",0.995351314,"Vestvågøy",0,0,"Vestvågøy",0,0,"Vestvågøy",0,0,"Vestvågøy",0,0,9.41666666666667,12.1909090909091,"Vestvågøy",5729,957,"semi-urban",83,83,1.2491213319236,1.17111086768866,1.32942090189562
"84",1865,"VÃ¥gan",1062,653.687214421596,1.62463021544592,"Vågan",1.123358185,"Vågan",0,0,"Vågan",0,0,"Vågan",0,0,"Vågan",0,0,10.6666666666667,11.2272727272727,"Vågan",4876,1062,"semi-urban",84,84,1.6253917929659,1.52894415255051,1.724513363884
"85",1866,"Hadsel",978,615.183756867705,1.5897688927608,"Hadsel",0.998752009,"Hadsel",0,0,"Hadsel",0,0,"Hadsel",0,0,"Hadsel",0,0,8.4,10.7727272727273,"Hadsel",4110,978,"semi-urban",85,85,1.59062311319883,1.49234149578039,1.69175454353443
"86",1867,"BÃ¸",1050,283.522530977374,3.70340937766175,"Bø",1.000339822,"Bø",0,0,"Bø",0,0,"Bø",0,0,"Bø",0,0,6.88333333333333,18.1363636363636,"Bø",1300,1050,"rural",86,86,3.70348484695001,3.48245033394786,3.93068694962481
"87",1868,"Ã˜ksnes",731,328.40890640188,2.22588360348992,"Øksnes",1.026436157,"Øksnes",0,0,"Øksnes",0,0,"Øksnes",0,0,"Øksnes",0,0,7.51666666666667,13.5181818181818,"Øksnes",2253,731,"semi-urban",87,87,2.22726121975362,2.06842237971358,2.39136260324174
"88",1870,"Sortland",910,646.513878795999,1.4075490563245,"Sortland",1.00307197,"Sortland",0,0,"Sortland",0,0,"Sortland",0,0,"Sortland",0,0,10.9333333333333,10.5545454545455,"Sortland Suortá",5379,910,"semi-urban",88,88,1.40833491177075,1.31817677804873,1.50120421208572
"89",1871,"AndÃ¸y",842,433.559492386908,1.94206334951744,"Andøy",1.24513822,"Andøy",0,0,"Andøy",0,0,"Andøy",0,0,"Andøy",0,0,7.3,11.7272727272727,"Andøy",2385,842,"semi-urban",89,89,1.94332217674279,1.81405923723787,2.07660709075931
"90",1874,"Moskenes",0,115.404701413837,0,"Moskenes",0.989725325,"Moskenes",0,0,"Moskenes",0,0,"Moskenes",0,0,"Moskenes",0,0,7.93333333333333,16.7454545454545,"Moskenes",544,0,"rural",90,90,0.00993352597223458,0.00064893686032045,0.0359590572485719
"91",1875,"HamarÃ¸y",702,262.533963324106,2.67393974901967,"Hamarøy",0.994943055,"Hamarøy",0,0,"Hamarøy",0,0,"Hamarøy",0,0,"Hamarøy",0,0,12.6,14.0181818181818,"Hamarøy Hábmer",1460,702,"rural",91,91,2.67384791052497,2.47926806036794,2.87499435373582
"92",3001,"Halden",1360,2065.21586116463,0.658526803698407,"Halden",1.518111254,"Halden",1.823375,41.87625,"Halden",10.21,9.353725,"Halden",0.358625,8.6375375,"Halden",8.28125,54.136875,9.1,11.7181818181818,"Halden",15806,1360,"urban",92,92,0.658725567634262,0.624118292061761,0.69417145480166
"93",3002,"Moss",1237,3274.97370949603,0.37771295580579,"Moss",1.71631294,"Moss",0.68676,0.02814,"Moss",0.33267,0.06043,"Moss",0.00962,0.00268,"Moss",0.205857142857143,0.263657142857143,9.4,9.1,"Moss",24484,1237,"urban",93,93,0.377898396588577,0.357096934173862,0.399230579779482
"94",3003,"Sarpsborg",1439,3527.85972360982,0.407896036900121,"Sarpsborg",1.830253214,"Sarpsborg",0.0848,11.7027272727273,"Sarpsborg",0.135781818181818,510.783063636364,"Sarpsborg",0.128909090909091,5.69501818181818,"Sarpsborg",0.167363636363636,456.712654545455,9.6,10.6090909090909,"Sarpsborg",28419,1439,"urban",94,94,0.408057582448972,0.387208787031241,0.429396295187437
"95",3004,"Fredrikstad",1343,5152.32375405097,0.260659085901595,"Fredrikstad",1.485009021,"Fredrikstad",0.792490909090909,2.43461818181818,"Fredrikstad",3.99368181818182,384.4741,"Fredrikstad",0.271518181818182,0.413863636363636,"Fredrikstad",4.51608181818182,84.7502,9.9,10.7272727272727,"Fredrikstad",41054,1343,"urban",95,95,0.260767781829359,0.24698310844882,0.274888754836599
"96",3005,"Drammen",875,6001.28200653321,0.145802180108757,"Drammen",1.367901985,"Drammen",0,0.0456857142857143,"Drammen",0,0.288085714285714,"Drammen",0,0.0587363636363636,"Drammen",0,0.6252,12,9.4,"Drammen",50564,875,"urban",96,96,0.145914159375906,0.136391504942811,0.155728096897406
"97",3006,"Kongsberg",1092,1845.62253120599,0.591670280101344,"Kongsberg",1.403468475,"Kongsberg",0,0,"Kongsberg",0,1.23933333333333,"Kongsberg",0,0.0176333333333333,"Kongsberg",0,4.12136666666667,6.6,8.26363636363636,"Kongsberg",14082,1092,"urban",97,97,0.59195134036316,0.557304338319109,0.627544477490155
"98",3007,"Ringerike",1457,2101.36064891994,0.693360276232864,"Ringerike",1.265424022,"Ringerike",0,21.7433333333333,"Ringerike",0,5.91826666666667,"Ringerike",0.103,1.45636363636364,"Ringerike",0,71.8442,7.7,10.6363636363636,"Ringerike",15331,1457,"urban",98,98,0.693561254354605,0.658341978354192,0.729602743346682
"99",3011,"Hvaler",1261,363.625505437466,3.46785355026989,"Hvaler",1.333790646,"Hvaler",0,0,"Hvaler",0,0,"Hvaler",0,0,"Hvaler",0,0,4.1,7.91818181818182,"Hvaler",2368,1261,"semi-urban",99,99,3.46910432132718,3.27993368580575,3.66305172363381
"100",3012,"Aremark",0,111.568428040174,0,"Aremark",1.28466775,"Aremark",0,0,"Aremark",0,0,"Aremark",0,0,"Aremark",0,0,4,9.05454545454545,"Aremark",689,0,"rural",100,100,0.0116923448132467,0.000950757505322743,0.0398789227571263
"101",3013,"Marker",1435,327.651358673153,4.37965527080715,"Marker",1.506113371,"Marker",0,0,"Marker",0,0,"Marker",0,0,"Marker",0,0,5.2,10.8545454545455,"Marker",1841,1435,"rural",101,101,4.37994178096071,4.15582655436352,4.60933218481653
"102",3014,"Indre Ã˜stfold",1400,2826.99795425865,0.49522497810478,"Indre Østfold",1.934739482,"Indre Østfold",0,0.003,"Indre Østfold",0.00880909090909091,0.000818181818181818,"Indre Østfold",9.09090909090909e-05,0,"Indre Østfold",0.00279090909090909,0,8.1,9.4,"Indre Østfold",22549,1400,"urban",102,102,0.495448181911484,0.469790544428386,0.521717782527457
"103",3015,"Skiptvet",1996,205.813278885288,9.69811088385841,"Skiptvet",1.876540162,"Skiptvet",0,0,"Skiptvet",0,0,"Skiptvet",0,0,"Skiptvet",0,0,6.1,9.17272727272727,"Skiptvet",1935,1996,"rural",103,103,9.6982554084505,9.27671667853223,10.1280757881743
"104",3016,"Rakkestad",1570,531.005046753031,2.95665739826801,"Rakkestad",1.873282583,"Rakkestad",0.02243,0,"Rakkestad",0.0976675,0,"Rakkestad",0.0218625,0,"Rakkestad",0.0617825,0,6.8,9.59090909090909,"Rakkestad",4185,1570,"semi-urban",104,104,2.9576553885514,2.81290731993621,3.10564771293218
"105",3017,"RÃ¥de",1793,556.053556972213,3.22450954142462,"Råde",1.641209409,"Råde",0,0,"Råde",0,0,"Råde",0,0,"Råde",0,0,6.9,8.09090909090909,"Råde",3893,1793,"semi-urban",105,105,3.22538093925949,3.07755931533228,3.376278221342
"106",3018,"VÃ¥ler",1714,305.132929552903,5.6172239505957,"Våler",1.761368056,"Våler",0,0,"Våler",0,0,"Våler",0,0,"Våler",0,0,5.2,7.61818181818182,"Våler (Viken)",2924,1714,"semi-urban",106,106,5.61864068836951,5.35532643171006,5.88757520069988
"107",3019,"Vestby",1043,996.188820554007,1.04699026778875,"Vestby",1.950678826,"Vestby",0,0,"Vestby",0,0.087,"Vestby",0,0,"Vestby",0,0,6.5,7.15454545454546,"Vestby",9052,1043,"semi-urban",107,107,1.04778273737532,0.985063889469153,1.11225741294924
"108",3020,"Nordre Follo",1165,3618.81861463087,0.321928265564322,"Nordre Follo",1.910363562,"Nordre Follo",0,0,"Nordre Follo",0,0,"Nordre Follo",0,0,"Nordre Follo",0,0,8,6.3,"Nordre Follo",29658,1165,"urban",108,108,0.322136061579706,0.303873831026871,0.340879697695953
"109",3021,"Ã…s",1126,1112.62674001094,1.01201953854617,"Ås",1.984165834,"Ås",0,0,"Ås",0,0,"Ås",0,0,"Ås",0,0,13.1,11.1727272727273,"Ås",10300,1126,"urban",109,109,1.01233347613758,0.953963723618339,1.07227096330302
"110",3022,"Frogn",1013,1111.36741346264,0.911489744731527,"Frogn",1.807693017,"Frogn",0,0,"Frogn",0,0,"Frogn",0,0,"Frogn",0,0,6,7.27272727272727,"Frogn",7835,1013,"semi-urban",110,110,0.912192372097792,0.856801203242898,0.969159049086092
"111",3023,"Nesodden",997,997.118678277327,0.999880978784259,"Nesodden",1.79902045,"Nesodden",0,0.0187666666666667,"Nesodden",0,0.04735,"Nesodden",0,0.00108333333333333,"Nesodden",0,0.246783333333333,8,7.49090909090909,"Nesodden",9658,997,"semi-urban",111,111,1.00058531885611,0.939347161003752,1.06358043530051
"112",3024,"BÃ¦rum",1310,7372.4357955036,0.177688899074436,"Bærum",1.316659021,"Bærum",0,0,"Bærum",0,0,"Bærum",0,0,"Bærum",0,0,10.1,7.80909090909091,"Bærum",63471,1310,"urban",112,112,0.177782701864202,0.168269550557426,0.187531119060892
"113",3025,"Asker",1323,5636.62302628286,0.234715004681175,"Asker",1.595608892,"Asker",0.65,12.15,"Asker",9.9775,31,"Asker",0.328025,23.25,"Asker",8.8925,49.75,7.5,7.4,"Asker",47308,1323,"urban",113,113,0.234833813874326,0.222328323913438,0.247646895633796
"114",3026,"Aurskog-HÃ¸land",1131,1177.77584992221,0.960284590717917,"Aurskog-Høland",1.1695514,"Aurskog-Høland",0,0,"Aurskog-Høland",0,0,"Aurskog-Høland",0,0,"Aurskog-Høland",0,0,5.9,9.3,"Aurskog-Høland",8751,1131,"semi-urban",114,114,0.960822794905351,0.905550758165393,1.01757540535526
"115",3027,"RÃ¦lingen",1045,878.824124611166,1.18908888676942,"Rælingen",1.610651763,"Rælingen",0,0.5685,"Rælingen",2.15323,0.0525272727272727,"Rælingen",0.142239090909091,0.00175454545454545,"Rælingen",4.27513090909091,0,10.8,6.36363636363636,"Rælingen",9406,1045,"semi-urban",115,115,1.18980055459184,1.11864230719263,1.26294895911146
"116",3028,"Enebakk",1454,544.236966819951,2.6716303534027,"Enebakk",1.846879894,"Enebakk",0,0,"Enebakk",0,0,"Enebakk",0,0,"Enebakk",0,0,6.9,7.41818181818182,"Enebakk",5690,1454,"semi-urban",116,116,2.67268894125082,2.53683708917117,2.81171537349883
"117",3029,"LÃ¸renskog",1196,2207.74038750975,0.54173036230453,"Lørenskog",1.799978325,"Lørenskog",0,0,"Lørenskog",0,0,"Lørenskog",0.231,0.595,"Lørenskog",0,0,14.1,7.53636363636364,"Lørenskog",20962,1196,"urban",117,117,0.541947865610233,0.511615443783547,0.573068567066639
"118",3030,"LillestrÃ¸m",1089,4676.22564157538,0.232880122447027,"Lillestrøm",1.243048668,"Lillestrøm",4.55777777777778,0.0129222222222222,"Lillestrøm",0.364466666666667,1.21233333333333,"Lillestrøm",0.00515555555555556,0.0185333333333333,"Lillestrøm",0.00326666666666667,0.0107,12,7,"Lillestrøm",43464,1089,"urban",118,118,0.233005108289587,0.219349246887621,0.247034416740075
"119",3031,"Nittedal",1043,1277.66661423889,0.81633188844127,"Nittedal",1.440392532,"Nittedal",0,0,"Nittedal",0,0,"Nittedal",0,0,"Nittedal",0,0,8,5.83636363636364,"Nittedal",12165,1043,"urban",119,119,0.816696329931909,0.767802647247513,0.86695888252229
"120",3032,"Gjerdrum",1253,341.588953731572,3.66815140335198,"Gjerdrum",1.8677931,"Gjerdrum",0,0,"Gjerdrum",0,0,"Gjerdrum",0,0,"Gjerdrum",0,0,6.2,6.53636363636364,"Gjerdrum",3571,1253,"semi-urban",120,120,3.66975602143388,3.46902340288529,3.87557467192237
"121",3033,"Ullensaker",1147,1837.26985980764,0.624295877863087,"Ullensaker",1.384736178,"Ullensaker",0,0,"Ullensaker",0,0,"Ullensaker",0,0,"Ullensaker",0,0,11.3,7.30909090909091,"Ullensaker",20128,1147,"urban",121,121,0.624531475746004,0.588849154841584,0.661162519174556
"122",3034,"Nes",1022,1227.70569576167,0.832447062458197,"Nes",1.341896292,"Nes",0,0,"Nes",0,0,"Nes",0,0,"Nes",0,0,6.2,7.20909090909091,"Nes",11653,1022,"urban",122,122,0.832824284873127,0.782464352450404,0.884609981519818
"123",3035,"Eidsvoll",1036,1296.67785365578,0.798964829297544,"Eidsvoll",1.628385609,"Eidsvoll",0,0,"Eidsvoll",0,0,"Eidsvoll",0,0,"Eidsvoll",0,0,7.2,8.20909090909091,"Eidsvoll",12810,1036,"urban",123,123,0.799362050751028,0.751348697488679,0.848724634041245
"124",3036,"Nannestad",1203,639.308058298823,1.88172194043845,"Nannestad",1.930890865,"Nannestad",0,0,"Nannestad",0,0,"Nannestad",0,0,"Nannestad",0,0,9,7.31818181818182,"Nannestad",7260,1203,"semi-urban",124,124,1.88272648234735,1.77766080562154,1.99051354975415
"125",3037,"Hurdal",1072,208.496410498057,5.14157532707254,"Hurdal",1.394015956,"Hurdal",0,0,"Hurdal",0,0,"Hurdal",0,0,"Hurdal",0,0,5.2,10.3818181818182,"Hurdal",1447,1072,"rural",125,125,5.14188896813244,4.83812718624321,5.45403146044408
"126",3038,"Hole",1091,418.696789846181,2.60570423862291,"Hole",1.035423922,"Hole",0,0,"Hole",0,0,"Hole",0,0,"Hole",0,0,4.5,8.33636363636364,"Hole",3453,1091,"semi-urban",126,126,2.60673054668094,2.45408338013577,2.7635482582703
"127",3039,"FlÃ¥",0,105.925339036236,0,"Flå",1.174298562,"Flå",0,0,"Flå",0,0,"Flå",0,0,"Flå",0,0,6.3,11.9181818181818,"Flå",545,0,"rural",127,127,0.0115356488737938,0.000868090761809191,0.0402695835236347
"128",3040,"Nesbyen",1123,294.17224043835,3.81749140682548,"Nesbyen",1.283278057,"Nesbyen",0,0,"Nesbyen",0,0,"Nesbyen",0,0,"Nesbyen",0,0,6.4,12.2181818181818,"Nesbyen",1643,1123,"rural",128,128,3.8176951837882,3.59725927687642,4.04406083281929
"129",3041,"Gol",1330,381.62073213374,3.48513560194601,"Gol",1.785871918,"Gol",0,0,"Gol",0,0,"Gol",0,0,"Gol",0,0,6.8,10.8818181818182,"Gol",2310,1330,"semi-urban",129,129,3.48645599685315,3.30127035638316,3.67618374873282
"130",3042,"Hemsedal",0,142.966472564146,0,"Hemsedal",1.296698496,"Hemsedal",0,0,"Hemsedal",0,0,"Hemsedal",0,0,"Hemsedal",0,0,5.4,13.1090909090909,"Hemsedal",1318,0,"rural",130,130,0.00935212865868288,0.000804051768706297,0.0313794046120226
"131",3043,"Ã…l",1219,350.103149046647,3.48183100700298,"Ål",1.262701525,"Ål",0.03907,0,"Ål",0,0,"Ål",0.03087,0,"Ål",0.37268,0,7.4,11.4454545454545,"Ål",2318,1219,"semi-urban",131,131,3.48285248378585,3.28973120470933,3.68094129349392
"132",3044,"Hol",986,358.22329094826,2.75247317780466,"Hol",1.434388376,"Hol",0,0,"Hol",0,0.00635,"Hol",0,0,"Hol",0,0.065,4.9,11.4090909090909,"Hol",2238,986,"semi-urban",132,132,2.75382708377028,2.58434985562077,2.92819684736859
"133",3045,"Sigdal",1237,256.977542857034,4.81365019778475,"Sigdal",1.412315144,"Sigdal",0,0,"Sigdal",0,0,"Sigdal",0,0,"Sigdal",0,0,5.3,11.1363636363636,"Sigdal",1781,1237,"rural",133,133,4.81382146961409,4.54878861152656,5.0856173591668
"134",3046,"KrÃ¸dsherad",0,152.39396220452,0,"Krødsherad",1.106109656,"Krødsherad",0,0,"Krødsherad",0,0,"Krødsherad",0,0,"Krødsherad",0,0,5.1,11.5090909090909,"Krødsherad",1130,0,"rural",134,134,0.00844158853614418,0.000686576325784272,0.0288140321367063
"135",3047,"Modum",1008,923.413516082271,1.09160195561854,"Modum",1.106442681,"Modum",0,0,"Modum",0,0,"Modum",0,0,"Modum",0,0,6.4,10.3727272727273,"Modum",7122,1008,"semi-urban",135,135,1.09220734045636,1.0257172983076,1.1605939604748
"136",3048,"Ã˜vre Eiker",751,1207.3166183125,0.622040638395001,"Øvre Eiker",1.429063408,"Øvre Eiker",0,1.28628333333333,"Øvre Eiker",0,3.3989,"Øvre Eiker",0.0333727272727273,1.28277272727273,"Øvre Eiker",0,4.17880909090909,6.6,9.22727272727273,"Øvre Eiker",9916,751,"semi-urban",136,136,0.622661634400349,0.578850946509326,0.667906315960332
"137",3049,"Lier",926,1562.30761956242,0.592712976884387,"Lier",1.519102392,"Lier",0,0,"Lier",0,0,"Lier",0.0982363636363636,0.0531636363636364,"Lier",0,0,9.9,7.94545454545454,"Lier",13622,926,"urban",137,137,0.59301441678983,0.555375613383459,0.63177650897549
"138",3050,"Flesberg",0,206.139409703071,0,"Flesberg",1.485537849,"Flesberg",0,0,"Flesberg",0,0,"Flesberg",0,0,"Flesberg",0,0,8,8.56363636363636,"Flesberg",1402,0,"rural",138,138,0.00679763009261975,0.000624245472888683,0.0223740608302102
"139",3051,"Rollag",0,127.688531355819,0,"Rollag",1.576274586,"Rollag",0,0,"Rollag",0,0,"Rollag",0,0,"Rollag",0,0,6.5,10.6181818181818,"Rollag",706,0,"rural",139,139,0.0104232571735671,0.000886765519247387,0.0351098262912254
"140",3052,"Nore og Uvdal",868,195.971706041344,4.42921081585563,"Nore og Uvdal",1.748739882,"Nore og Uvdal",0,0,"Nore og Uvdal",0,0,"Nore og Uvdal",0,0,"Nore og Uvdal",0,0,8.7,13.4,"Nore og Uvdal",1271,868,"rural",140,140,4.42943787330217,4.13911879368318,4.72867221147183
"141",3053,"Jevnaker",1202,436.726427187416,2.75229508720381,"Jevnaker",1.410386502,"Jevnaker",0,0,"Jevnaker",0,0,"Jevnaker",0,0,"Jevnaker",0,0,5.3,10.0363636363636,"Jevnaker",3397,1202,"semi-urban",141,141,2.75338972815208,2.59966408397561,2.91109957162301
"142",3054,"Lunner",706,502.63629444972,1.4045941524635,"Lunner",1.536884986,"Lunner",0,0,"Lunner",0,0,"Lunner",0,0,"Lunner",0,0,6.5,7.75454545454546,"Lunner",4560,706,"semi-urban",142,142,1.40586642765153,1.30388946081747,1.51127442025486
"143",3401,"Kongsvinger",1040,1333.09291955999,0.780140667421195,"Kongsvinger",1.712079873,"Kongsvinger",0,0,"Kongsvinger",0,0.2696,"Kongsvinger",0,0,"Kongsvinger",0,0.7032,7.4,11.4909090909091,"Kongsvinger",8763,1040,"semi-urban",143,143,0.780701607624172,0.733902872456309,0.828812380763314
"144",3403,"Hamar",965,2207.40578328908,0.437164751177796,"Hamar",1.324579243,"Hamar",0,0,"Hamar",0.2719,0,"Hamar",0,0,"Hamar",0.5033,0,8,10.7181818181818,"Hamar",15423,965,"urban",144,144,0.437415998688837,0.410211307434584,0.465415303175941
"145",3405,"Lillehammer",1301,1981.13755851722,0.656693420609185,"Lillehammer",0.931730921,"Lillehammer",0,0.00411,"Lillehammer",0,2.66678888888889,"Lillehammer",0,0.0417818181818182,"Lillehammer",0,0,10.5,10.3727272727273,"Lillehammer",13863,1301,"urban",145,145,0.656866940432281,0.621593746886136,0.693015760715385
"146",3407,"GjÃ¸vik",998,2004.12412612143,0.49797314796635,"Gjøvik",1.740992992,"Gjøvik",0.05357,0.06212,"Gjøvik",0.129272727272727,0.786754545454545,"Gjøvik",0.0505818181818182,0.157427272727273,"Gjøvik",0.394727272727273,1.45749090909091,9,11.3454545454545,"Gjøvik",15383,998,"urban",146,146,0.498262661033291,0.467781300695689,0.529618122855092
"147",3411,"Ringsaker",1076,2358.40765499136,0.456240038791743,"Ringsaker",1.691638438,"Ringsaker",0,0,"Ringsaker",0,0,"Ringsaker",0,0,"Ringsaker",0,0,5.8,9.95454545454545,"Ringsaker",17576,1076,"urban",147,147,0.456532355498528,0.429618835510287,0.484186686410411
"148",3412,"LÃ¸ten",1305,537.129242861973,2.42958285616065,"Løten",1.859591117,"Løten",0,0,"Løten",0,0,"Løten",0,0,"Løten",0,0,4.9,9.55454545454545,"Løten",3897,1305,"semi-urban",148,148,2.43082646111179,2.30050562860963,2.56437659536731
"149",3413,"Stange",693,1416.56890753568,0.489210229247209,"Stange",1.553182466,"Stange",0,0.0490111111111111,"Stange",0,0.0453444444444444,"Stange",0,0,"Stange",0,0,6.2,10.1181818181818,"Stange",10579,693,"urban",149,149,0.489637357083039,0.453793969548546,0.526697040949378
"150",3414,"Nord-Odal",859,430.204968042709,1.99672264108936,"Nord-Odal",1.332474313,"Nord-Odal",0,0,"Nord-Odal",0,0,"Nord-Odal",0,0,"Nord-Odal",0,0,4.1,10.4,"Nord-Odal",2558,859,"semi-urban",150,150,1.99800404881941,1.86640906895996,2.13365728887049
"151",3415,"SÃ¸r-Odal",942,496.923742231398,1.89566309665548,"Sør-Odal",1.785018516,"Sør-Odal",0,0,"Sør-Odal",0,0,"Sør-Odal",0,0,"Sør-Odal",0,0,5.6,9.58181818181818,"Sør-Odal",3952,942,"semi-urban",151,151,1.89694798312037,1.77756903832177,2.01985963279135
"152",3416,"Eidskog",994,503.786868512771,1.97305658826398,"Eidskog",1.398805701,"Eidskog",0,0,"Eidskog",0,0,"Eidskog",0,0,"Eidskog",0,0.148954545454545,4,13.8636363636364,"Eidskog",3063,994,"semi-urban",152,152,1.97407599556047,1.8530691718573,2.09856068839159
"153",3417,"Grue",1041,431.804549493861,2.41081295048931,"Grue",1.619470007,"Grue",14.8683545454545,0.169018181818182,"Grue",3.73322727272727,0.289936363636364,"Grue",0.0276,0,"Grue",0.0569222222222222,0,4.7,14.4636363636364,"Grue",2283,1041,"semi-urban",153,153,2.41198160253087,2.26744831876365,2.56056648655696
"154",3418,"Ã…snes",1084,692.273874120264,1.56585426739892,"Åsnes",1.695602667,"Åsnes",0,0,"Åsnes",0,0,"Åsnes",0,0,"Åsnes",0,0,4.3,13.5454545454545,"Åsnes",3623,1084,"semi-urban",154,154,1.56680107616389,1.47476948389005,1.66135604042064
"155",3419,"VÃ¥ler",973,335.788834282139,2.89765442046372,"Våler",1.68815319,"Våler",0,0,"Våler",0,0,"Våler",0,0,"Våler",0,0,4.9,11.7,"Våler (Innlandet)",1854,973,"rural",155,155,2.89845502813242,2.71889377412795,3.08323839729332
"156",3420,"Elverum",895,1401.08514438205,0.6387905857033,"Elverum",2.257962472,"Elverum",0,0,"Elverum",0.09752,0,"Elverum",0.05176,0,"Elverum",0.32257,0,7.1,10.2363636363636,"Elverum",10415,895,"urban",156,156,0.639300936249758,0.598041726367213,0.681809823702942
"157",3421,"Trysil",858,641.109096608949,1.33830576502231,"Trysil",1.929427786,"Trysil",0,0,"Trysil",0,0,"Trysil",0,0,"Trysil",0,0,5.7,13.5181818181818,"Trysil",3409,858,"semi-urban",157,157,1.33947893207314,1.25121553503121,1.43046561552866
"158",3422,"Ã…mot",942,336.924899105445,2.79587529001586,"Åmot",1.584165186,"Åmot",0,0,"Åmot",0,0,"Åmot",0,0,"Åmot",0,0,7.2,13.8727272727273,"Åmot",2288,942,"semi-urban",158,158,2.79729069664221,2.62123739428789,2.97855499648918
"159",3423,"Stor-Elvdal",1413,257.131620450008,5.49524013237694,"Stor-Elvdal",1.104115202,"Stor-Elvdal",0,0,"Stor-Elvdal",0,0,"Stor-Elvdal",0,0,"Stor-Elvdal",0,0,8.6,17.4363636363636,"Stor-Elvdal",1238,1413,"rural",159,159,5.49481623169077,5.2114836364364,5.78487483984319
"160",3424,"Rendalen",862,211.884831947649,4.06824779327751,"Rendalen",1.354032175,"Rendalen",0,0,"Rendalen",0,0,"Rendalen",0,0,"Rendalen",0,0,4.5,14.5090909090909,"Rendalen",908,862,"rural",160,160,4.06887454773931,3.80128701373492,4.34470443754565
"161",3425,"Engerdal",1431,117.159644306885,12.2141033157431,"Engerdal",1.855045962,"Engerdal",0,0,"Engerdal",0,0,"Engerdal",0,0,"Engerdal",0,0,8.3,15.6818181818182,"Engerdal",646,1431,"rural",161,161,12.2135790025704,11.5877313614169,12.854179678326
"162",3426,"Tolga",980,113.719093350281,8.61772611026162,"Tolga",1.251655883,"Tolga",0,0,"Tolga",0,0,"Tolga",0,0,"Tolga",0,0,11,14.3181818181818,"Tolga",814,980,"rural",162,162,8.61630413645707,8.08428055126915,9.16374317853525
"163",3427,"Tynset",1063,405.792926370427,2.61956266588453,"Tynset",1.801069747,"Tynset",0,0,"Tynset",0,0,"Tynset",0,0,"Tynset",0,0,6.7,10.7,"Tynset",2795,1063,"semi-urban",163,163,2.62112608803124,2.46567527866814,2.78088425526797
"164",3428,"Alvdal",1439,163.851936667421,8.78231914292731,"Alvdal",1.092750747,"Alvdal",0,0,"Alvdal",0,0,"Alvdal",0,0,"Alvdal",0,0,8.3,9.91818181818182,"Alvdal",1244,1439,"rural",164,164,8.78181680204992,8.33305444877981,9.24112738328678
"165",3429,"Folldal",1922,160.926646690998,11.9433297065496,"Folldal",1.3168563,"Folldal",0,0,"Folldal",0,0,"Folldal",0,0,"Folldal",0,0,8.3,13.1090909090909,"Folldal",798,1922,"rural",165,165,11.9424691429434,11.4135591981684,12.4819606405625
"166",3430,"Os",700,162.372022164282,4.31108753016431,"Os",1.434610238,"Os",0,0,"Os",0,0,"Os",0,0,"Os",0,0,7.6,12.3,"Os",974,700,"rural",166,166,4.31174682650363,3.99756219595575,4.6365467763549
"167",3431,"Dovre",0,258.077913186456,0,"Dovre",1.047512356,"Dovre",0,0,"Dovre",0,0,"Dovre",0,0,"Dovre",0,0,6.8,12.6272727272727,"Dovre",1293,0,"rural",167,167,0.00548873047826041,0.000512484750581765,0.0179457343999254
"168",3432,"Lesja",1164,169.632154711637,6.86190658828052,"Lesja",1.453919813,"Lesja",0,0,"Lesja",0,0,"Lesja",0,0,"Lesja",0,0,6.5,11.5909090909091,"Lesja",1028,1164,"rural",168,168,6.86225193275896,6.47295244948579,7.26182217867927
"169",3433,"SkjÃ¥k",660,212.091552587204,3.11186368315463,"Skjåk",1.759133635,"Skjåk",0,0,"Skjåk",0,0,"Skjåk",0,0,"Skjåk",0,0,5.9,12.1181818181818,"Skjåk",1104,660,"rural",169,169,3.11320921828529,2.8797315255093,3.35478656400294
"170",3434,"Lom",1650,205.210065519321,8.04054126596754,"Lom",2.029017995,"Lom",0,0,"Lom",0,0,"Lom",0,0,"Lom",0,0,5.3,12.3181818181818,"Lom",1164,1650,"rural",170,170,8.04136746089024,7.6573295284605,8.4337815977847
"171",3435,"VÃ¥gÃ¥",1338,318.98051806726,4.19461353974561,"Vågå",1.313470375,"Vågå",0,0,"Vågå",0,0,"Vågå",0,0,"Vågå",0,0,4.8,12.1,"Vågå",1797,1338,"rural",171,171,4.19506746020012,3.97287490840517,4.422692968166
"172",3436,"Nord-Fron",1228,516.414291364801,2.37793573983902,"Nord-Fron",2.071073722,"Nord-Fron",0,0,"Nord-Fron",0,0,"Nord-Fron",0,0,"Nord-Fron",0,0,7.1,12.8272727272727,"Nord-Fron",2877,1228,"semi-urban",172,172,2.37921471308112,2.24778109503801,2.51401499709819
"173",3437,"Sel",1418,491.244958733576,2.88654361696777,"Sel",1.112247644,"Sel",0,0,"Sel",0,0,"Sel",0,0,"Sel",0,0,8.1,13.1727272727273,"Sel",2886,1418,"semi-urban",173,173,2.88733014190479,2.73873206200563,3.03944830444705
"174",3438,"SÃ¸r-Fron",1287,258.594458015558,4.97690480250961,"Sør-Fron",2.494618848,"Sør-Fron",0,0,"Sør-Fron",0,0,"Sør-Fron",0,0,"Sør-Fron",0,0,4.8,13.2181818181818,"Sør-Fron",1599,1287,"rural",174,174,4.978292521257,4.70953484325752,5.25376207371534
"175",3439,"Ringebu",937,392.493468862506,2.38730087080312,"Ringebu",1.182941847,"Ringebu",0,0,"Ringebu",0,0,"Ringebu",0,0,"Ringebu",0,0,5.9,13.6545454545455,"Ringebu",2206,937,"semi-urban",175,175,2.3884689098621,2.23775126901068,2.54366037924644
"176",3440,"Ã˜yer",1260,383.049030669436,3.28939613239057,"Øyer",1.112952385,"Øyer",0,0,"Øyer",0,0,"Øyer",0,0,"Øyer",0,0,5.3,11.5454545454545,"Øyer",2577,1260,"semi-urban",176,176,3.29047902934868,3.110977591634,3.47451503175411
"177",3441,"Gausdal",929,493.602216298347,1.88208231106987,"Gausdal",1.488157563,"Gausdal",0,0,"Gausdal",0,0,"Gausdal",0,0,"Gausdal",0,0,5.9,10.9909090909091,"Gausdal",3115,929,"semi-urban",177,177,1.88330233266722,1.76396784131249,2.00619332947068
"178",3442,"Ã˜stre Toten",1051,1139.16851850898,0.922602743074065,"Østre Toten",1.92889829,"Østre Toten",0,0,"Østre Toten",0,0,"Østre Toten",0,0,"Østre Toten",0,0,4.9,10.8545454545455,"Østre Toten",7519,1051,"semi-urban",178,178,0.923345321312444,0.868283713110276,0.97994189399195
"179",3443,"Vestre Toten",863,969.416440079543,0.890226289054051,"Vestre Toten",1.385728155,"Vestre Toten",0.0966666666666667,0,"Vestre Toten",0.333454545454545,0.187972727272727,"Vestre Toten",0.161454545454545,8e-04,"Vestre Toten",0.0841636363636364,1.90880909090909,4.4,8.48181818181818,"Vestre Toten",6852,863,"semi-urban",179,179,0.891010976176099,0.832467333023986,0.95135628162861
"180",3446,"Gran",882,978.723749232335,0.901173595400949,"Gran",1.605575479,"Gran",0,0,"Gran",0,0,"Gran",0,0,"Gran",0,0,5.5,10.1727272727273,"Gran",6841,882,"semi-urban",180,180,0.901942337938528,0.843313162760905,0.962358620976395
"181",3447,"SÃ¸ndre Land",965,418.059422605036,2.30828429601428,"Søndre Land",0.982090361,"Søndre Land",0,0,"Søndre Land",0,0,"Søndre Land",0,0,"Søndre Land",0,0,6.3,11.3545454545455,"Søndre Land",2864,965,"semi-urban",181,181,2.30922534614671,2.16559404218821,2.45705242013076
"182",3448,"Nordre Land",1322,482.247858925008,2.74132891527379,"Nordre Land",1.799759382,"Nordre Land",0,0,"Nordre Land",0,0,"Nordre Land",0,0,"Nordre Land",0,0,5.9,12.6909090909091,"Nordre Land",3283,1322,"semi-urban",182,182,2.74249349550232,2.59639317846771,2.89218879380339
"183",3449,"SÃ¸r-Aurdal",1118,288.976489818914,3.86882684020624,"Sør-Aurdal",1.627729743,"Sør-Aurdal",0,0,"Sør-Aurdal",0,0,"Sør-Aurdal",0,0,"Sør-Aurdal",0,0,6.3,14.3454545454545,"Sør-Aurdal",1525,1118,"rural",183,183,3.86922266705669,3.64532569883286,4.09915718478397
"184",3450,"Etnedal",1192,136.514091479147,8.73169932191273,"Etnedal",2.459255944,"Etnedal",0,0,"Etnedal",0,0,"Etnedal",0,0,"Etnedal",0,0,7.4,19.5,"Etnedal",667,1192,"rural",184,184,8.73214104485884,8.24252126009301,9.23451028185818
"185",3451,"Nord-Aurdal",1174,457.2504511337,2.56752070356454,"Nord-Aurdal",2.386135161,"Nord-Aurdal",0,0,"Nord-Aurdal",0,0,"Nord-Aurdal",0,0,"Nord-Aurdal",0,0,6.3,12.3818181818182,"Nord-Aurdal",3210,1174,"semi-urban",185,185,2.56906544185277,2.42396949190616,2.7179698033333
"186",3452,"Vestre Slidre",1140,170.664474060488,6.67977331706394,"Vestre Slidre",1.643930213,"Vestre Slidre",0,0,"Vestre Slidre",0,0,"Vestre Slidre",0,0,"Vestre Slidre",0,0,8.2,12.4272727272727,"Vestre Slidre",1088,1140,"rural",186,186,6.67988257683653,6.29701591613484,7.07296523683614
"187",3453,"Ã˜ystre Slidre",989,226.182326544352,4.37257859670157,"Øystre Slidre",1.460639444,"Øystre Slidre",0,0,"Øystre Slidre",0,0,"Øystre Slidre",0,0,"Øystre Slidre",0,0,4.8,11.0545454545455,"Øystre Slidre",1647,989,"rural",187,187,4.37329150141223,4.10451011873017,4.64982053173685
"188",3454,"Vang",0,140.918525649355,0,"Vang",1.014704602,"Vang",0,0,"Vang",0,0,"Vang",0,0,"Vang",0,0,7.4,14.1272727272727,"Vang",831,0,"rural",188,188,0.00888989240107464,0.00069375026273813,0.0306645901433251
"189",3801,"Horten",1195,1878.49869284461,0.636146303722156,"Horten",1.166633372,"Horten",0,0,"Horten",0,0.001,"Horten",0,0,"Horten",0,0.03726,10.5,10.2636363636364,"Horten",13693,1195,"urban",189,189,0.636335131806289,0.600703501427132,0.672893183992735
"190",3802,"Holmestrand",1007,1545.77304788852,0.651453977267574,"Holmestrand",1.302495866,"Holmestrand",0.0318181818181818,1.65954545454545,"Holmestrand",0.315454545454545,1.29290909090909,"Holmestrand",0.0172727272727273,3.01372727272727,"Holmestrand",0.586363636363636,7.1,5.9,8,"Holmestrand",12477,1007,"urban",190,190,0.651764586333845,0.612066181891571,0.692595946183021
"191",3803,"TÃ¸nsberg",1283,3445.89972978582,0.372326562177636,"Tønsberg",1.087703229,"Tønsberg",0.10641,1.20703,"Tønsberg",0.100581818181818,5.72725454545455,"Tønsberg",0.10469,0.03811,"Tønsberg",0.1133,25.61895,7.2,9.2,"Tønsberg",28071,1283,"urban",191,191,0.37248171483527,0.352343405734121,0.393123761111473
"192",3804,"Sandefjord",1182,4059.50046860039,0.291168829549987,"Sandefjord",0.992806321,"Sandefjord",0,0.00423333333333333,"Sandefjord",0,0.01856,"Sandefjord",0,0.00751,"Sandefjord",0,9.19165454545455,7.7,10.5333333333333,"Sandefjord",31997,1182,"urban",192,192,0.291300125235258,0.274901905434875,0.308127242465413
"193",3805,"Larvik",1360,3319.25545932076,0.409730440054261,"Larvik",1.023072219,"Larvik",0.33,0,"Larvik",0.315,0.05399,"Larvik",0.0763636363636364,0,"Larvik",1.925,0.01433,6.3,10.3,"Larvik",23654,1360,"urban",193,193,0.409881241754801,0.388348248343917,0.431935978617354
"194",3806,"Porsgrunn",881,2405.49554138406,0.36624470294927,"Porsgrunn",1.003515492,"Porsgrunn",1.48808181818182,1.87345454545455,"Porsgrunn",32.4416909090909,2.95362727272727,"Porsgrunn",1.45863636363636,0.121328272727273,"Porsgrunn",27.0175454545455,45.0328363636364,7.3,10.1272727272727,"Porsgrunn",18105,881,"urban",194,194,0.366480039618949,0.342640901857408,0.39104635899881
"195",3807,"Skien",1028,3507.26508098512,0.293105874880508,"Skien",1.505389421,"Skien",0.160454545454545,0.0447272727272727,"Skien",0.379090909090909,0.283909090909091,"Skien",0,0.0668181818181818,"Skien",0.502727272727273,2.64918181818182,8.4,10.7909090909091,"Skien",27314,1028,"urban",195,195,0.293282963537463,0.275600779972465,0.311464137836881
"196",3808,"Notodden",1106,974.336391999716,1.13513157168446,"Notodden",1.340797807,"Notodden",0,0,"Notodden",0,0,"Notodden",0,0,"Notodden",0,0.439590909090909,8,11.5363636363636,"Notodden",6586,1106,"semi-urban",196,196,1.13571168194991,1.0696549583724,1.20355967819605
"197",3811,"FÃ¦rder",1165,1907.41775869752,0.610773384429176,"Færder",1.429115054,"Færder",0,0,"Færder",0,0,"Færder",0,0,"Færder",0,0,5.7,9.3,"Færder",13166,1165,"urban",197,197,0.61105085540605,0.57640641300587,0.64660866142572
"198",3812,"Siljan",1166,161.512141194916,7.21927151342047,"Siljan",1.228243884,"Siljan",0,0,"Siljan",0,0,"Siljan",0,0,"Siljan",0,0,4.6,7.3,"Siljan",1200,1166,"rural",198,198,7.21924397835859,6.8100257479034,7.63924769081055
"199",3813,"Bamble",1024,992.246362392938,1.03200176771672,"Bamble",1.117378925,"Bamble",0,0,"Bamble",0,0.321714285714286,"Bamble",0,0,"Bamble",0,30.901,7.1,8.54545454545454,"Bamble",7075,1024,"semi-urban",199,199,1.03259555182653,0.970219497028912,1.09673551970277
"200",3814,"KragerÃ¸",772,817.43463530521,0.944418020300491,"Kragerø",1.201592902,"Kragerø",0,1.60836363636364,"Kragerø",0,0.683909090909091,"Kragerø",0,0.130727272727273,"Kragerø",0,1.34936363636364,5.4,12.3909090909091,"Kragerø",5194,772,"semi-urban",200,200,0.945144710091801,0.879533905732013,1.01287713732198
"201",3815,"Drangedal",693,315.746559365319,2.19479826286309,"Drangedal",1.182569125,"Drangedal",0,0,"Drangedal",0,0,"Drangedal",0,0,"Drangedal",0,0,5.8,12.5636363636364,"Drangedal",2069,693,"semi-urban",201,201,2.19606161685856,2.03527877098701,2.36230071761235
"202",3816,"Nome",1138,477.981324104431,2.38084615990428,"Nome",1.213072821,"Nome",0.106,0,"Nome",1.179,0,"Nome",0.011,0,"Nome",0.472,0,5.3,11.3727272727273,"Nome",3311,1138,"semi-urban",202,202,2.38176231059211,2.24515344118339,2.52201875414265
"203",3817,"Midt-Telemark",1134,691.278404729325,1.64043892047232,"Midt-Telemark",1.295554792,"Midt-Telemark",0,0,"Midt-Telemark",0,0,"Midt-Telemark",0,0,"Midt-Telemark",0,0,10.2,13.6,"Midt-Telemark",5313,1134,"semi-urban",203,203,1.64102447544565,1.54673707647894,1.73783425997768
"204",3818,"Tinn",1187,417.095924546107,2.84586813283232,"Tinn",1.664079172,"Tinn",0,0,"Tinn",0,0,"Tinn",0,0,"Tinn",0,0,6,11.8181818181818,"Tinn",2808,1187,"semi-urban",204,204,2.84702069176795,2.68708197390908,3.01113292829175
"205",3819,"Hjartdal",1019,129.288626346539,7.88159042906624,"Hjartdal",1.422747905,"Hjartdal",0,0,"Hjartdal",0,0,"Hjartdal",0,0,"Hjartdal",0,0,6.5,12.6363636363636,"Hjartdal",799,1019,"rural",205,205,7.88091123233369,7.40355401467246,8.37180831714548
"206",3820,"Seljord",721,229.072307181568,3.14747779367551,"Seljord",1.237778335,"Seljord",0,0,"Seljord",0,0,"Seljord",0,0,"Seljord",0,0,6.6,11.4454545454545,"Seljord",1447,721,"rural",206,206,3.14774077368506,2.92167877055614,3.38134037298988
"207",3821,"Kviteseid",1243,168.445372615134,7.37924693746276,"Kviteseid",1.450013464,"Kviteseid",0,0,"Kviteseid",0,0,"Kviteseid",0,0,"Kviteseid",0,0,5.5,12.2636363636364,"Kviteseid",1235,1243,"rural",207,207,7.37890138646184,6.97359562590135,7.79452437095666
"208",3822,"Nissedal",0,101.19451727846,0,"Nissedal",1.655720792,"Nissedal",0,0,"Nissedal",0,0,"Nissedal",0,0,"Nissedal",0,0,6.2,11.5272727272727,"Nissedal",730,0,"rural",208,208,0.0127922033608107,0.00104109106702898,0.0436356096330878
"209",3823,"Fyresdal",0,109.45230175992,0,"Fyresdal",1.563124873,"Fyresdal",0,0,"Fyresdal",0,0,"Fyresdal",0,0,"Fyresdal",0,0,6.8,11.4090909090909,"Fyresdal",658,0,"rural",209,209,0.0116057494651921,0.000923727722319638,0.0398648805649542
"210",3824,"Tokke",898,183.997571904018,4.88049918652427,"Tokke",1.163309894,"Tokke",0,0,"Tokke",0,0,"Tokke",0,0,"Tokke",0,0,6.8,10.1636363636364,"Tokke",1127,898,"rural",210,210,4.88023859691166,4.56567565385404,5.20431787334022
"211",3825,"Vinje",1008,269.519324251336,3.73999156758053,"Vinje",1.671413052,"Vinje",0,0,"Vinje",0,0,"Vinje",0,0,"Vinje",0,0,7.3,11.0818181818182,"Vinje",1866,1008,"rural",211,211,3.74043324021101,3.51268182807161,3.97468251660088
"212",4201,"RisÃ¸r",929,522.797722774984,1.77697790087706,"Risør",1.27177065,"Risør",0,0,"Risør",0,0,"Risør",0,0,"Risør",0,0,6.2,12.5181818181818,"Risør",3432,929,"semi-urban",212,212,1.7778596714891,1.66519825095615,1.8938788494564
"213",4202,"Grimstad",1200,1367.26423062569,0.877665028544525,"Grimstad",1.280096736,"Grimstad",0,0,"Grimstad",0,0,"Grimstad",0,0,"Grimstad",0,0,8.6,10.1090909090909,"Grimstad",11853,1200,"urban",213,213,0.877890562439651,0.828833136581469,0.928220694423608
"214",4203,"Arendal",905,2814.85189528141,0.321508922553641,"Arendal",1.193583804,"Arendal",0,0.867236363636364,"Arendal",0,39.7874272727273,"Arendal",0,0.502672727272727,"Arendal",0,283.990754545455,6.2,10,"Arendal",22487,905,"urban",214,214,0.321721046533465,0.301070204869681,0.342994357028777
"215",4204,"Kristiansand",891,6014.82888618536,0.148133889901077,"Kristiansand",1.264244642,"Kristiansand",294.649909090909,168.163636363636,"Kristiansand",0.956,5.13636363636364,"Kristiansand",1.48927272727273,1.77272727272727,"Kristiansand",1251.27363636364,1344.39090909091,9.5,9.2,"Kristiansand",55859,891,"urban",215,215,0.148217472937562,0.138628590803142,0.15809735911126
"216",4205,"Lindesnes",805,1384.63980894286,0.581378633490681,"Lindesnes",1.637900004,"Lindesnes",0,0,"Lindesnes",0,0,"Lindesnes",0,0,"Lindesnes",0,0,6.1,10.3,"Lindesnes",11575,805,"urban",216,216,0.581737459151421,0.542175129393851,0.622555504982623
"217",4206,"Farsund",795,720.696553319077,1.10309948942967,"Farsund",1.468533632,"Farsund",4.19818181818182,29.6727272727273,"Farsund",4.23709090909091,16.1727272727273,"Farsund",2.008,3.77272727272727,"Farsund",48.3945454545455,98.2363636363636,4.8,9.71818181818182,"Farsund",4907,795,"semi-urban",217,217,1.10395144996794,1.0284165569664,1.18189691268905
"218",4207,"Flekkefjord",959,700.068655513447,1.36986564452975,"Flekkefjord",1.206088094,"Flekkefjord",0,0,"Flekkefjord",0,0,"Flekkefjord",0,0,"Flekkefjord",0,0,6.4,9.89090909090909,"Flekkefjord",4628,959,"semi-urban",218,218,1.37059711868386,1.28509115820795,1.45860927344741
"219",4211,"Gjerstad",105,195.558778301803,0.536922969716834,"Gjerstad",1.302893678,"Gjerstad",0,0,"Gjerstad",0,0,"Gjerstad",0,0,"Gjerstad",0,0,7.1,12,"Gjerstad",1247,105,"rural",219,219,0.538943193962648,0.440673060064965,0.646010224593406
"220",4212,"VegÃ¥rshei",1357,110.106617553762,12.3244181880114,"Vegårshei",1.388770477,"Vegårshei",0,0,"Vegårshei",0,0,"Vegårshei",0,0,"Vegårshei",0,0,7.2,11.3,"Vegårshei",1064,1357,"rural",220,220,12.3225665912662,11.6743404476163,12.9865242946486
"221",4213,"Tvedestrand",907,427.917558847,2.1195671485037,"Tvedestrand",1.247459547,"Tvedestrand",0,0,"Tvedestrand",0,0,"Tvedestrand",0,0,"Tvedestrand",0,0,5.2,10.7181818181818,"Tvedestrand",3069,907,"semi-urban",221,221,2.12062478103408,1.98464308934287,2.26070209847427
"222",4214,"Froland",1034,294.51827266135,3.51081782008459,"Froland",1.385018634,"Froland",0,0,"Froland",0,0,"Froland",0,0,"Froland",0,0,5.9,8.85454545454546,"Froland",3043,1034,"semi-urban",222,222,3.51208990594423,3.30092390819435,3.72919649101305
"223",4215,"Lillesand",1042,686.410068776595,1.5180429999478,"Lillesand",1.219442933,"Lillesand",3.84181818181818,0.0507090909090909,"Lillesand",14.49,2.72315454545455,"Lillesand",0.844545454545454,0.00348181818181818,"Lillesand",38.3209090909091,22.1575181818182,7.8,7.63636363636364,"Lillesand",5582,1042,"semi-urban",223,223,1.51879218260464,1.42782450927694,1.61230801235538
"224",4216,"Birkenes",909,315.300119675062,2.8829675070748,"Birkenes",1.384533942,"Birkenes",0,0.001,"Birkenes",0,0.00488,"Birkenes",0,1e-04,"Birkenes",0,0.0615,6.5,9.27272727272727,"Birkenes",2687,909,"semi-urban",224,224,2.88418449065143,2.69943448154003,3.0744935255947
"225",4217,"Ã…mli",1164,138.200469852056,8.42254734188725,"Åmli",1.599817284,"Åmli",0,0,"Åmli",0,0,"Åmli",0,0,"Åmli",0,0,8.9,12.0454545454545,"Åmli",949,1164,"rural",225,225,8.42154718863761,7.94374794336569,8.91195086407183
"226",4218,"Iveland",0,67.2167014614962,0,"Iveland",1.053341945,"Iveland",0,0,"Iveland",0,0,"Iveland",0,0,"Iveland",0,0,7,8.60909090909091,"Iveland",687,0,"rural",226,226,0.0162322942958215,0.000991207736637646,0.0599826275922753
"227",4219,"Evje og Hornnes",1017,277.708415827765,3.66211444103569,"Evje og Hornnes",1.200159868,"Evje og Hornnes",0,0,"Evje og Hornnes",0,0,"Evje og Hornnes",0,0,"Evje og Hornnes",0,0,5.4,8.66363636363636,"Evje og Hornnes",1882,1017,"rural",227,227,3.6622295625009,3.44020196238345,3.89056065825146
"228",4220,"Bygland",0,89.5472842682706,0,"Bygland",1.384254719,"Bygland",0,0,"Bygland",0,0,"Bygland",0,0,"Bygland",0,0,5.2,9.64545454545454,"Bygland",605,0,"rural",228,228,0.0137934846373576,0.00105073165771469,0.0479938696684415
"229",4221,"Valle",0,98.8545934210632,0,"Valle",1.382552245,"Valle",0,0,"Valle",0,0,"Valle",0,0,"Valle",0,0,5.9,11.4909090909091,"Valle",594,0,"rural",229,229,0.0123983226812368,0.000935617295358294,0.0432544921365191
"230",4222,"Bykle",0,49.788865252414,0,"Bykle",1.27033183,"Bykle",0,0,"Bykle",0,0,"Bykle",0,0,"Bykle",0,0,7.4,8.6,"Bykle",502,0,"rural",230,230,0.0222320535985624,0.00140597749554739,0.0814524891468648
"231",4223,"Vennesla",792,753.662849886651,1.05086777213328,"Vennesla",1.422731691,"Vennesla",0,0,"Vennesla",0,0,"Vennesla",0,0,"Vennesla",0,0,7,9.84545454545455,"Vennesla",7467,792,"semi-urban",231,231,1.05163640044637,0.979545848993844,1.12603168964734
"232",4224,"Ã…seral",0,50.8726721838161,0,"Åseral",1.440069096,"Åseral",0,0,"Åseral",0,0,"Åseral",0,0,"Åseral",0,0,4.5,12.8181818181818,"Åseral",473,0,"rural",232,232,0.0217046878398903,0.00136494096623706,0.0796378092106422
"233",4225,"Lyngdal",882,606.067246880908,1.45528405393818,"Lyngdal",1.60890031,"Lyngdal",0,0,"Lyngdal",0,0,"Lyngdal",0,0,"Lyngdal",0,0,6.6,9.2,"Lyngdal",5236,882,"semi-urban",233,233,1.45621144476431,1.36154299230427,1.55376591092012
"234",4226,"HÃ¦gebostad",0,105.168818386647,0,"Hægebostad",1.410420445,"Hægebostad",0,0,"Hægebostad",0,0,"Hægebostad",0,0,"Hægebostad",0,0,5.5,9.05454545454545,"Hægebostad",869,0,"rural",234,234,0.0118419858373718,0.000902936503290375,0.0411614063948434
"235",4227,"Kvinesdal",709,392.219339166842,1.80766201255162,"Kvinesdal",1.136668872,"Kvinesdal",11.4009272727273,5.26363636363636,"Kvinesdal",14.475,8.41454545454546,"Kvinesdal",11.7762727272727,1.50363636363636,"Kvinesdal",10.2322222222222,12.1222222222222,6.4,11.6181818181818,"Kvinesdal",3018,709,"semi-urban",235,235,1.80855282498422,1.67760888129765,1.94389534671185
"236",4228,"Sirdal",1266,136.480065988862,9.27607992293409,"Sirdal",1.119868021,"Sirdal",0,0,"Sirdal",0,0,"Sirdal",0,0,"Sirdal",0,0,6.2,8.97272727272727,"Sirdal",941,1266,"rural",236,236,9.27477145228187,8.76988842087256,9.79237863870133
"237",4601,"Bergen",954,15520.6704996258,0.0614664166746533,"Bergen",1.149968529,"Bergen",0.318181818181818,0.0716363636363636,"Bergen",0.540909090909091,0.268709090909091,"Bergen",0.219090909090909,0.0801818181818182,"Bergen",1.12818181818182,0.218454545454545,13.2,10.1272727272727,"Bergen",142871,954,"urban",237,237,0.061519120764204,0.057671925941761,0.0654793732919365
"238",4602,"Kinn",941,1076.34161359305,0.874257752479482,"Kinn",1.003526726,"Kinn",0,0,"Kinn",0,0,"Kinn",0,0,"Kinn",0,0,7.1,10.1,"Kinn",8835,941,"semi-urban",238,238,0.874892751467241,0.819806615854253,0.931609932653793
"239",4611,"Etne",1243,330.903293006928,3.75638449743072,"Etne",1.79220579,"Etne",0,0,"Etne",0,0,"Etne",0,0,"Etne",0,0,4.3,10.1909090909091,"Etne",2122,1243,"semi-urban",239,239,3.75794774823394,3.55157620447709,3.96957135386793
"240",4612,"Sveio",886,314.629625637878,2.81600945303142,"Sveio",1.736026339,"Sveio",0,0,"Sveio",0,0,"Sveio",0,0,"Sveio",0,0,6.7,8.69090909090909,"Sveio",3016,886,"semi-urban",240,240,2.81764739693802,2.63487342312852,3.00598276710847
"241",4613,"BÃ¸mlo",1169,691.554845353049,1.6903937668215,"Bømlo",1.588731493,"Bømlo",0,0,"Bømlo",0,0,"Bømlo",0,0,"Bømlo",0,0,6.5,8.88181818181818,"Bømlo",6157,1169,"semi-urban",241,241,1.6912740585737,1.59554971919448,1.78951731059997
"242",4614,"Stord",1249,1083.60264483465,1.15263653697577,"Stord",1.294794031,"Stord",0,0.19115,"Stord",0,0.2804375,"Stord",0,0.0175714285714286,"Stord",0,0,7.5,7.80909090909091,"Stord",9533,1249,"semi-urban",242,242,1.15316492933253,1.08998913396907,1.21794440650111
"243",4615,"Fitjar",1708,167.465311158186,10.1991271397492,"Fitjar",1.577869225,"Fitjar",0,0,"Fitjar",0,0,"Fitjar",0,0,"Fitjar",0,0,7.2,8.38181818181818,"Fitjar",1638,1708,"rural",243,243,10.1991347801345,9.72027209410275,10.6882402595505
"244",4616,"Tysnes",1234,254.430898360082,4.85003986525877,"Tysnes",1.441148059,"Tysnes",0,0,"Tysnes",0,0,"Tysnes",0,0,"Tysnes",0,0,5.8,11.9545454545455,"Tysnes",1449,1234,"rural",244,244,4.85039023432116,4.58302767137439,5.12458438238938
"245",4617,"Kvinnherad",1122,1044.42522685149,1.07427508562041,"Kvinnherad",1.361778255,"Kvinnherad",27.9424,0.64501,"Kvinnherad",7.37745454545455,0.120318181818182,"Kvinnherad",2.9904,0.045,"Kvinnherad",343.1518,16.74122,5.5,8.7,"Kvinnherad",6612,1122,"semi-urban",245,245,1.07488106395802,1.01280349183864,1.13862892299026
"246",4618,"Ullensvang",1105,938.189550086134,1.1778003708297,"Ullensvang",1.530205013,"Ullensvang",1.58618181818182,164.498654545455,"Ullensvang",34.5239090909091,49.3934454545455,"Ullensvang",16.0432727272727,29.3475818181818,"Ullensvang",24.1361454545455,17.6846545454545,7.3,10.5,"Ullensvang",5589,1105,"semi-urban",246,246,1.17836497010568,1.10979239327047,1.24879793494795
"247",4619,"Eidfjord",0,58.304729571087,0,"Eidfjord",1.35422904,"Eidfjord",0,0,"Eidfjord",0,0,"Eidfjord",0,0,"Eidfjord",0,0,5,9.39090909090909,"Eidfjord",445,0,"rural",247,247,0.0206355566266045,0.00149143943461694,0.0728432352226138
"248",4620,"Ulvik",0,110.845676111086,0,"Ulvik",1.555080415,"Ulvik",0,0,"Ulvik",0,0,"Ulvik",0,0,"Ulvik",0,0,11.5,11.1727272727273,"Ulvik",555,0,"rural",248,248,0.0111711712901943,0.000841892619779222,0.0389227154612587
"249",4621,"Voss",1337,1152.77728666688,1.15980772302149,"Voss",1.798386344,"Voss",0,0,"Voss",0,0,"Voss",0,0,"Voss",0,0,7.7,10.4,"Voss",7850,1337,"semi-urban",249,249,1.16044261058934,1.09896931531738,1.22341932358335
"250",4622,"Kvam",1173,697.608037628899,1.68145998430137,"Kvam",1.358424371,"Kvam",22.9636363636364,0.195545454545455,"Kvam",38.5727272727273,0.784818181818182,"Kvam",0.231818181818182,0.00852727272727273,"Kvam",257.554545454545,0,6.6,9.40909090909091,"Kvam",4301,1173,"semi-urban",250,250,1.68234998154527,1.58728746367433,1.77990893133597
"251",4623,"Samnanger",809,176.015200967144,4.59619393981213,"Samnanger",1.649319139,"Samnanger",0,0,"Samnanger",0,0,"Samnanger",0,0,"Samnanger",0,0,6.9,9.20909090909091,"Samnanger",1307,809,"rural",251,251,4.59698860659113,4.28506008801821,4.91879761038856
"252",4624,"BjÃ¸rnafjorden",942,1409.27731719589,0.668427702983502,"Bjørnafjorden",1.68372355,"Bjørnafjorden",0,0,"Bjørnafjorden",0,0,"Bjørnafjorden",0,0,"Bjørnafjorden",0,0,7.5,8.4,"Bjørnafjorden",12639,942,"urban",252,252,0.66882924752596,0.626736725446588,0.712167495102955
"253",4625,"Austevoll",1290,317.072139505699,4.06847477047669,"Austevoll",1.852800764,"Austevoll",0,0,"Austevoll",0,0,"Austevoll",0,0,"Austevoll",0,0,7,8.65454545454545,"Austevoll",2698,1290,"semi-urban",253,253,4.07001510418941,3.85055229520189,4.29495126874747
"254",4626,"Ã˜ygarden",1015,1817.86302635858,0.55834789820946,"Øygarden",1.01996901,"Øygarden",0.0328545454545455,0.491790909090909,"Øygarden",0.109509090909091,3.18818181818182,"Øygarden",0.0261803636363636,0.0260272727272727,"Øygarden",0.177963636363636,6.87291818181818,8,7.6,"Øygarden",19552,1015,"urban",254,254,0.558592179981894,0.524700078736325,0.593447402944201
"255",4627,"AskÃ¸y",953,1443.34436924756,0.660272087732475,"Askøy",1.233294782,"Askøy",0,0,"Askøy",0,0.401428571428571,"Askøy",0.00602727272727273,0.189854545454545,"Askøy",0,1.343,7.4,6.33636363636364,"Askøy",14987,953,"urban",255,255,0.660604042650193,0.619263407873478,0.703160579541452
"256",4628,"Vaksdal",1261,332.090203488323,3.79716109284247,"Vaksdal",1.71144015,"Vaksdal",0,0,"Vaksdal",0,0.125333333333333,"Vaksdal",0,0.00166666666666667,"Vaksdal",0,0,9.3,10.9727272727273,"Vaksdal",2007,1261,"semi-urban",256,256,3.79844138664817,3.59131072155457,4.01080179488211
"257",4629,"Modalen",0,27.199689068858,0,"Modalen",1.972187143,"Modalen",0,0,"Modalen",0,0,"Modalen",0,0,"Modalen",0,0,10.6,7.8,"Modalen",201,0,"rural",257,257,0.043278607055679,0.00283664800542945,0.156138488117452
"258",4630,"OsterÃ¸y",1323,573.464316243707,2.30703107852619,"Osterøy",1.144379046,"Osterøy",0,0,"Osterøy",0,0,"Osterøy",0,0,"Osterøy",0,0,7.2,8.56363636363636,"Osterøy",4169,1323,"semi-urban",258,258,2.30787204759481,2.18496721029654,2.43380038986053
"259",4631,"Alver",1262,1745.30766791722,0.723081679636473,"Alver",1.034322547,"Alver",0.159090909090909,15.1798636363636,"Alver",9.71454545454545,41.5097727272727,"Alver",0,0.276618181818182,"Alver",44.9454545454545,64.4257545454546,7.2,7.8,"Alver",14967,1262,"urban",259,259,0.723376108109377,0.683946652281311,0.763800656847573
"260",4632,"Austrheim",1103,236.435671663808,4.66511669850045,"Austrheim",0.992508303,"Austrheim",0,0,"Austrheim",0,0,"Austrheim",0,0,"Austrheim",0,0,8.1,8.86363636363636,"Austrheim",1507,1103,"rural",260,260,4.66537672216456,4.39359970325473,4.9445360251813
"261",4633,"Fedje",2848,55.2765928144555,51.5227125079825,"Fedje",1.000184504,"Fedje",0,0,"Fedje",0,0,"Fedje",0,0,"Fedje",0,0,6.2,9,"Fedje",269,2848,"rural",261,261,51.5153910501559,49.6382328607311,53.4246030756609
"262",4634,"Masfjorden",1276,152.410782372325,8.37211108124133,"Masfjorden",1.407634365,"Masfjorden",0,0,"Masfjorden",0,0,"Masfjorden",0,0,"Masfjorden",0,0,5.2,10.3090909090909,"Masfjorden",855,1276,"rural",262,262,8.37239515654802,7.91843556115756,8.83774626806229
"263",4635,"Gulen",1117,189.36524736337,5.89865361016643,"Gulen",1.374779858,"Gulen",0.000409090909090909,0.776563636363636,"Gulen",0.00174545454545455,4.04098181818182,"Gulen",0.158309090909091,0.0256090909090909,"Gulen",0.00633636363636364,12.4303090909091,7.7,12.8818181818182,"Gulen",1163,1117,"rural",263,263,5.89883081014651,5.55732437572534,6.24955138410094
"264",4636,"Solund",188,68.8162829126475,2.73191157736083,"Solund",1.051828748,"Solund",0,0,"Solund",0,0,"Solund",0,0,"Solund",0,0,7.4,13.9636363636364,"Solund",412,188,"rural",264,264,2.73343247317121,2.35568373398984,3.13625482102185
"265",4637,"Hyllestad",0,132.230351336089,0,"Hyllestad",1.1881339,"Hyllestad",0,0,"Hyllestad",0,0,"Hyllestad",0,0,"Hyllestad",0,0,6.3,12.6,"Hyllestad",694,0,"rural",265,265,0.00996225105338156,0.000822563825577002,0.0337920888776583
"266",4638,"HÃ¸yanger",787,355.590876608688,2.21321763793748,"Høyanger",1.876027647,"Høyanger",9.48409090909091,24.4599090909091,"Høyanger",1.66890909090909,15.5432545454545,"Høyanger",0.320636363636364,0.992454545454546,"Høyanger",84.6047272727273,7.50451818181818,6,8.7,"Høyanger",2085,787,"semi-urban",266,266,2.21514126277405,2.06282507600146,2.37233977971504
"267",4639,"Vik",1094,237.949354887447,4.59761700348999,"Vik",1.095913589,"Vik",0,0,"Vik",0,0,"Vik",0,0,"Vik",0,0,5.5,11.1727272727273,"Vik",1319,1094,"rural",267,267,4.59780045158946,4.32887926052579,4.87405955527067
"268",4640,"Sogndal",1096,736.198805644117,1.48872830490547,"Sogndal",0.956861982,"Sogndal",0,0,"Sogndal",0,0,"Sogndal",0,0,"Sogndal",0,0,9.9,9,"Sogndal",5992,1096,"semi-urban",268,268,1.48941775396781,1.4023980033295,1.57880894974802
"269",4641,"Aurland",1216,129.512423923682,9.38906062569375,"Aurland",1.218012156,"Aurland",0,0,"Aurland",0,0,"Aurland",0,0,"Aurland",0,0,11.7,11.0090909090909,"Aurland",904,1216,"rural",269,269,9.38737030058236,8.86609983425444,9.92206912881224
"270",4642,"LÃ¦rdal",1031,175.688043070223,5.86835610427914,"Lærdal",1.564171291,"Lærdal",0,0,"Lærdal",0,0,"Lærdal",0,0,"Lærdal",0,0,5.4,8.50909090909091,"Lærdal",1104,1031,"rural",270,270,5.86904612339502,5.51562400837555,6.23242810828587
"271",4643,"Ã…rdal",1235,432.42445464274,2.85599018913102,"Årdal",1.60485705,"Årdal",62.4483454545455,0.828181818181818,"Årdal",4.70818181818182,0.446363636363636,"Årdal",2.1276,0.0531818181818182,"Årdal",559.594390909091,13.3781818181818,4,6.50909090909091,"Årdal",2687,1235,"semi-urban",271,271,2.85721334378327,2.69980380194717,3.01864286207316
"272",4644,"Luster",1198,418.747250349593,2.86091430809359,"Luster",1.525263109,"Luster",0,0,"Luster",0,0,"Luster",0,0,"Luster",0,0,5.5,10.0727272727273,"Luster",2628,1198,"semi-urban",272,272,2.86228004363263,2.70221814290623,3.02649732938216
"273",4645,"Askvoll",1282,315.900636958294,4.05823809772581,"Askvoll",0.993691842,"Askvoll",0,0,"Askvoll",0,0,"Askvoll",0,0,"Askvoll",0,0,6.2,12.1272727272727,"Askvoll",1526,1282,"rural",273,273,4.0585085807234,3.83896400875548,4.28354717850226
"274",4646,"Fjaler",1293,241.304264386323,5.35838023123345,"Fjaler",1.373410689,"Fjaler",0,0.42454,"Fjaler",0,0.7155,"Fjaler",0,0.00275,"Fjaler",0,2.18932,10.2,19.9454545454545,"Fjaler",1422,1293,"rural",274,274,5.35800905901157,5.06936760891435,5.65384169727559
"275",4647,"Sunnfjord",1065,1268.59889575191,0.839508849933819,"Sunnfjord",1.237751967,"Sunnfjord",0,0,"Sunnfjord",0,0,"Sunnfjord",0,0,"Sunnfjord",0,0,9.2,8.9,"Sunnfjord",11270,1065,"urban",275,275,0.839861993605694,0.790094284721149,0.891007439136656
"276",4648,"Bremanger",1313,334.15445703135,3.92932062515275,"Bremanger",1.030758626,"Bremanger",9.01272727272727,0.666363636363636,"Bremanger",4.86272727272727,65.9454545454545,"Bremanger",0.139090909090909,0.0163636363636364,"Bremanger",51.7481818181818,56.7145454545455,6.6,12.1727272727273,"Bremanger",1851,1313,"rural",276,276,3.9295742452455,3.71949323210824,4.14484538284892
"277",4649,"Stad",717,705.694539194904,1.01602033199519,"Stad",1.378112456,"Stad",0,0,"Stad",0,0,"Stad",0,0,"Stad",0,0,7.7,9.7,"Stad",4771,717,"semi-urban",277,277,1.01703984906105,0.943829395752738,1.09269650962326
"278",4650,"Gloppen",963,459.521040161605,2.09566029808196,"Gloppen",0.997880557,"Gloppen",0,0,"Gloppen",0,0,"Gloppen",0,0,"Gloppen",0,0,7.5,10.6909090909091,"Gloppen",2974,963,"semi-urban",278,278,2.09670957592769,1.96616878835261,2.23106735962745
"279",4651,"Stryn",1003,527.081848072719,1.90293026342585,"Stryn",1.031185732,"Stryn",0,0,"Stryn",0,0.16055,"Stryn",0,0,"Stryn",0,0,10.4,10.2272727272727,"Stryn",3681,1003,"semi-urban",279,279,1.90378748647865,1.78760120827365,2.02329672425513
"280",5001,"Trondheim",958,10211.1064029811,0.0938194121373875,"Trondheim",1.048279953,"Trondheim",0.983466818181818,2.37909090909091,"Trondheim",1.77719090909091,6.50990909090909,"Trondheim",1.1521,0.460427272727273,"Trondheim",2.337,4.91409090909091,13.4,8.2,"Trondheim",104361,958,"urban",280,280,0.093893782723092,0.0880338343962287,0.0999255351622749
"281",5006,"Steinkjer",968,1874.52272273282,0.516398114709847,"Steinkjer",1.14951638,"Steinkjer",0.00778333333333333,1.22583333333333,"Steinkjer",0.275283333333333,27.1423333333333,"Steinkjer",0.00708333333333333,6.80816666666667,"Steinkjer",0.32385,20.0461666666667,6.9,10.9,"Steinkjer",12358,968,"urban",281,281,0.516621723394866,0.484537559929179,0.549641485108267
"282",5007,"Namsos",795,1083.2558423023,0.733898649750503,"Namsos",1.091314373,"Namsos",0,0,"Namsos",0,0,"Namsos",0,0,"Namsos",0,0,3,11.2,"Namsos",7581,795,"semi-urban",282,282,0.734515519198827,0.684260366176158,0.786374754897388
"283",5014,"FrÃ¸ya",713,310.844326307196,2.29375265899294,"Frøya",1.939519028,"Frøya",0,0,"Frøya",0,0,"Frøya",0,0,"Frøya",0,0,7.13333333333333,12.6,"Frøya",2704,713,"semi-urban",283,283,2.29552839648528,2.12981204906101,2.46679608694274
"284",5020,"Osen",0,113.21975384366,0,"Osen",1.055805489,"Osen",0,0,"Osen",0,0,"Osen",0,0,"Osen",0,0,7.96666666666667,13.45,"Osen",509,0,"rural",284,284,0.00988906456715298,0.000638012589282915,0.0359773614589174
"285",5021,"Oppdal",630,527.442903075032,1.19444208335547,"Oppdal",1.255465457,"Oppdal",0,0,"Oppdal",0,0,"Oppdal",0,0,"Oppdal",0,0,5.46666666666667,10.9,"Oppdal",3518,630,"semi-urban",285,285,1.19574798049075,1.10402711541452,1.29071744547644
"286",5022,"Rennebu",870,235.385890222691,3.69605841359871,"Rennebu",1.052549207,"Rennebu",0,0,"Rennebu",0,0,"Rennebu",0,0,"Rennebu",0,0,7.1,12.3,"Rennebu",1262,870,"rural",286,286,3.6963741869522,3.45438146090113,3.94579040900977
"287",5025,"RÃ¸ros",920,479.270824596251,1.91958273440707,"Røros",1.202768851,"Røros",0,0,"Røros",0,0.369590909090909,"Røros",0,0,"Røros",0,0,6.1,9.5,"Røros",2742,920,"semi-urban",287,287,1.92077913491902,1.79848153574431,2.04673682606302
"288",5026,"HoltÃ¥len",819,200.702399414227,4.08066870346515,"Holtålen",1.437871553,"Holtålen",0,0,"Holtålen",0,0,"Holtålen",0,0,"Holtålen",0,0,5.66666666666667,9.65,"Holtålen",994,819,"rural",288,288,4.08158699320193,3.80631098233043,4.36553516651196
"289",5027,"Midtre Gauldal",1137,467.400692703163,2.43260229980465,"Midtre Gauldal",1.028573341,"Midtre Gauldal",0,0,"Midtre Gauldal",0,0,"Midtre Gauldal",0,0,"Midtre Gauldal",0,0,8.03333333333333,10.3,"Midtre Gauldal",3156,1137,"semi-urban",289,289,2.43355591173278,2.29391638722608,2.57692571416318
"290",5028,"Melhus",922,1054.71580708353,0.87416913049733,"Melhus",1.004572347,"Melhus",0,0,"Melhus",0,0,"Melhus",0,0,"Melhus",0,0,7.03333333333333,8.4,"Melhus",8498,922,"semi-urban",290,290,0.874821690034767,0.819184187327888,0.932122572149458
"291",5029,"Skaun",1163,445.157548742607,2.61255819043171,"Skaun",0.990648647,"Skaun",0,0,"Skaun",0,0,"Skaun",0,0,"Skaun",0,0,6.33333333333333,7.1,"Skaun",4255,1163,"semi-urban",291,291,2.61367516991602,2.46536183923444,2.76590158958538
"292",5031,"Malvik",1181,711.289221853704,1.66036538121887,"Malvik",1.191733636,"Malvik",0,0,"Malvik",0,0,"Malvik",0,0,"Malvik",0,0,6.73333333333333,6.65,"Malvik",7212,1181,"semi-urban",292,292,1.66122665911993,1.56767463450092,1.7572264166701
"293",5032,"Selbu",857,363.281013833172,2.35905529704769,"Selbu",0.947798943,"Selbu",0,0,"Selbu",0,0,"Selbu",0,0,"Selbu",0,0,5.16666666666667,9.3,"Selbu",2072,857,"semi-urban",293,293,2.36036916019983,2.20472261433509,2.52082130925597
"294",5033,"Tydal",0,81.0138294724403,0,"Tydal",1.189881294,"Tydal",0,0,"Tydal",0,0,"Tydal",0,0,"Tydal",0,0,4.5,10.1,"Tydal",385,0,"rural",294,294,0.0159205462634483,0.00127057992774185,0.0545280428127571
"295",5034,"MerÃ¥ker",635,193.717937181243,3.27796181004081,"Meråker",1.297900727,"Meråker",0,0,"Meråker",0,0,"Meråker",0,0,"Meråker",0,0,7.7,11.7,"Meråker",1232,635,"rural",295,295,3.27849220528954,3.02787924392335,3.53795303863495
"296",5035,"StjÃ¸rdal",940,1536.44814825857,0.611800665753286,"Stjørdal",1.336365164,"Stjørdal",0,0,"Stjørdal",0.156818181818182,0,"Stjørdal",0.000236363636363636,0,"Stjørdal",0.00441818181818182,0,7.7,8.4,"Stjørdal",12211,940,"urban",296,296,0.612149467083556,0.573583357319727,0.651858179433429
"297",5036,"Frosta",1774,198.13944828904,8.95329029791251,"Frosta",1.056884639,"Frosta",0,0,"Frosta",0,0,"Frosta",0,0,"Frosta",0,0,6.7,13.25,"Frosta",1305,1774,"rural",297,297,8.95283918787739,8.54029274398428,9.37402342748635
"298",5037,"Levanger",810,1331.32269711784,0.608417479664062,"Levanger",1.005495476,"Levanger",0,0,"Levanger",0,0,"Levanger",0,0,"Levanger",0,0,7.3,9.3,"Levanger",10040,810,"urban",298,298,0.608764865207468,0.567489773132311,0.651346457851312
"299",5038,"Verdal",815,1015.16269647342,0.802826978208751,"Verdal",1.057894844,"Verdal",0.01894,0,"Verdal",0.407,0,"Verdal",0.00437,0,"Verdal",0.4038,0,6.86666666666667,10.3,"Verdal",7579,815,"semi-urban",299,299,0.803466344326995,0.74916147170191,0.859485103618568
"300",5041,"SnÃ¥sa",1207,198.311116359172,6.08639607380323,"Snåsa",1.286967581,"Snåsa",0,0,"Snåsa",0,0,"Snåsa",0,0,"Snåsa",0,0,7.5,12.05,"Snåase Snåsa",1039,1207,"rural",300,300,6.08606613864047,5.74689630274729,6.43400893537254
"301",5042,"Lierne",1162,111.706070620021,10.4022994771041,"Lierne",1.416521968,"Lierne",0,0,"Lierne",0,0,"Lierne",0,0,"Lierne",0,0,10.0333333333333,12.4,"Lierne",697,1162,"rural",301,301,10.4003924108143,9.80980423883299,11.0065755277356
"302",5043,"RÃ¸yrvik",0,45.0401962476965,0,"Røyrvik",1.084831272,"Røyrvik",0,0,"Røyrvik",0,0,"Røyrvik",0,0,"Røyrvik",0,0,10.7666666666667,11.1,"Raarvihke Røyrvik",226,0,"rural",302,302,0.0220282919977533,0.00114698359015726,0.0849085875195817
"303",5044,"Namsskogan",0,88.0847034725053,0,"Namsskogan",1.500785386,"Namsskogan",0,0,"Namsskogan",0,0,"Namsskogan",0,0,"Namsskogan",0,0,10.4666666666667,11.8,"Namsskogan",428,0,"rural",303,303,0.0133391311922212,0.000931294245846285,0.0475198889838017
"304",5045,"Grong",1026,216.89158078958,4.73047407494986,"Grong",1.540413839,"Grong",0,0,"Grong",0,0,"Grong",0,0,"Grong",0,0,5.93333333333333,12.85,"Grong",1199,1026,"rural",304,304,4.73068824200493,4.44512531190549,5.02432060523304
"305",5046,"HÃ¸ylandet",0,129.615270703891,0,"Høylandet",1.421474005,"Høylandet",0,0,"Høylandet",0,0,"Høylandet",0,0,"Høylandet",0,0,9.33333333333333,10.55,"Høylandet",634,0,"rural",305,305,0.00964746793405487,0.000747477355040904,0.0333834942296619
"306",5047,"Overhalla",1054,257.648807203572,4.09083981967447,"Overhalla",1.450470123,"Overhalla",0,0,"Overhalla",0,0,"Overhalla",0,0,"Overhalla",0,0,7.86666666666667,8.85,"Overhalla",2004,1054,"semi-urban",306,306,4.09220124300778,3.84845860155578,4.34273059027452
"307",5049,"Flatanger",0,111.396246430473,0,"Flatanger",1.025152556,"Flatanger",0,0,"Flatanger",0,0,"Flatanger",0,0,"Flatanger",0,0,8.73333333333333,14.45,"Flatanger",587,0,"rural",307,307,0.00968066414672102,0.000579057878377862,0.0358804415056208
"308",5052,"Leka",0,60.1109032769008,0,"Leka",1.052022474,"Leka",0,0,"Leka",0,0,"Leka",0,0,"Leka",0,0,13.9666666666667,11.25,"Leka",274,0,"rural",308,308,0.0157728417990067,0.00073015806925577,0.0624776873909338
"309",5053,"InderÃ¸y",1072,495.701522410796,2.16259170394804,"Inderøy",1.140150552,"Inderøy",0.0232727272727273,0,"Inderøy",0.220363636363636,0,"Inderøy",0.00427272727272727,0,"Inderøy",0.250454545454545,0,5.83333333333333,8.45,"Inderøy",3421,1072,"semi-urban",309,309,2.16356583570014,2.03577383385486,2.29488295579838
"310",5054,"Indre Fosen",1300,828.169857839021,1.56972629188914,"Indre Fosen",1.425593405,"Indre Fosen",0,0,"Indre Fosen",0,0.319,"Indre Fosen",0,0,"Indre Fosen",0,0.577,7.2,12,"Indre Fosen",5174,1300,"semi-urban",310,310,1.57036454386878,1.48601111721647,1.65681273664344
"311",5055,"Heim",988,544.955867202274,1.81299084836402,"Heim",1.064437199,"Heim",15.6354545454545,0.2088,"Heim",0,0.637216666666667,"Heim",0.324545454545455,0.0110272727272727,"Heim",16.0809090909091,0.2915,5.2,12.6,"Heim",3064,988,"semi-urban",311,311,1.8139909314584,1.70246736046089,1.92873046299858
"312",5056,"Hitra",1118,387.849058871811,2.88256468444729,"Hitra",1.262823868,"Hitra",0,0,"Hitra",0,0,"Hitra",0,0,"Hitra",0,0,6.9,11.5,"Hitra",2672,1118,"semi-urban",312,312,2.88379326934061,2.71694216739451,3.05514249591929
"313",5057,"Ã˜rland",838,797.632978133337,1.05060851666531,"Ørland",1.081351553,"Ørland",0,0,"Ørland",0,0,"Ørland",0,0,"Ørland",0,0,5.6,10.3,"Ørland",5239,838,"semi-urban",313,313,1.05132336888678,0.981230420068586,1.12360155741661
"314",5058,"Ã…fjord",935,401.869599305222,2.32662535712203,"Åfjord",1.272544294,"Åfjord",0,0,"Åfjord",0,0,"Åfjord",0,0,"Åfjord",0,0,6.6,12.2,"Åfjord",2199,935,"semi-urban",314,314,2.32760309771835,2.1805671516322,2.47900860758169
"315",5059,"Orkland",1087,1328.70658940651,0.818088815594366,"Orkland",1.008261374,"Orkland",21.2542727272727,1.87727272727273,"Orkland",1.42454545454545,0.017,"Orkland",3.35519090909091,0.251254545454545,"Orkland",10.4145454545455,11.2292727272727,6.5,11.6,"Orkland",9244,1087,"semi-urban",315,315,0.818586347550725,0.770568989579985,0.867918154634019
"316",5060,"NÃ¦rÃ¸ysund",842,694.082230369244,1.2131127453761,"Nærøysund",1.416260787,"Nærøysund",0,0,"Nærøysund",0,0,"Nærøysund",0,0,"Nærøysund",0,0,8.5,10.3,"Nærøysund",5016,842,"semi-urban",316,316,1.21388230891882,1.13313983470864,1.29713726225768
"317",5061,"Rindal",1188,191.515527518801,6.20315237824973,"Rindal",1.15069741,"Rindal",0,0,"Rindal",0,0,"Rindal",0,0,"Rindal",0,0,5.7,8.8,"Rindal",1012,1188,"rural",317,317,6.20354927654417,5.8551388600777,6.56104969617626
"318",5401,"TromsÃ¸",1079,3634.45260208379,0.29688102119735,"Tromsø",1.003292608,"Tromsø",0.0103666666666667,0,"Tromsø",0.2086925,0,"Tromsø",0.00306666666666667,0,"Tromsø",0.1867,0,13.3,9.5,"Tromsø",38846,1079,"urban",318,318,0.297007043065545,0.279520005803084,0.314974766397623
"319",5402,"Harstad",1055,1704.96080154493,0.618782554439977,"Harstad",1.518329951,"Harstad",0,0,"Harstad",0,0,"Harstad",0,0,"Harstad",0,0,8.1,8.2,"Harstad Hárstták",12346,1055,"urban",319,319,0.619126887001231,0.582270821095948,0.657008461015922
"320",5403,"Alta",825,1021.87636701793,0.807338369520706,"Alta",1.491767648,"Alta",0,0,"Alta",0,0,"Alta",0,0,"Alta",0,0,11.5,8.64545454545455,"Alta",10545,825,"urban",320,320,0.80743646419693,0.753172740807171,0.863404351062353
"321",5404,"VardÃ¸",0,130.768540849677,0,"Vardø",1.238613734,"Vardø",0,0,"Vardø",0,0,"Vardø",0,0,"Vardø",0,0,4.9,16.3090909090909,"Vardø",1069,0,"rural",321,321,0.00711077505368314,0.000313361575457225,0.0282690518130092
"322",5405,"VadsÃ¸",1234,395.986919635474,3.11626455019262,"Vadsø",1.264053962,"Vadsø",0,0,"Vadsø",0,0,"Vadsø",0,0,"Vadsø",0,0,8.3,10.2454545454545,"Vadsø",2961,1234,"semi-urban",322,322,3.11620378750239,2.9444245380583,3.29237282438901
"323",5406,"Hammerfest",1297,698.642411136026,1.85645758019616,"Hammerfest",1.213884459,"Hammerfest",0.0692045,0.03519,"Hammerfest",1.46283990909091,0.315490909090909,"Hammerfest",0.0224842,0.00143,"Hammerfest",1.09319618181818,0.460181818181818,12.1,10.1,"Hammerfest",5833,1297,"semi-urban",323,323,1.8566001592112,1.7567423190401,1.95894173216135
"324",5411,"KvÃ¦fjord",985,226.87015428891,4.34169052816723,"Kvæfjord",1.403455978,"Kvæfjord",0,0,"Kvæfjord",0,0,"Kvæfjord",0,0,"Kvæfjord",0,0,9.4,10.6454545454545,"Kvæfjord",1411,985,"rural",324,324,4.34207593986038,4.0746703925527,4.6172067168354
"325",5412,"Tjeldsund",744,421.963746959269,1.76318464645688,"Tjeldsund",0.9759133,"Tjeldsund",0,0,"Tjeldsund",0,0,"Tjeldsund",0,0,"Tjeldsund",0,0,7.6,10.1,"Tjeldsund",2171,744,"semi-urban",325,325,1.76430372167281,1.6395706418864,1.89313754516245
"326",5413,"Ibestad",866,157.898638319258,5.48453114743787,"Ibestad",1.146775154,"Ibestad",0,0,"Ibestad",0,0,"Ibestad",0,0,"Ibestad",0,0,8.7,15.7363636363636,"Ibestad",714,866,"rural",326,326,5.48386206268561,5.12399068624956,5.85479613693782
"327",5414,"Gratangen",0,111.189782560703,0,"Gratangen",0.9835245,"Gratangen",0,0,"Gratangen",0,0,"Gratangen",0,0,"Gratangen",0,0,11.2,12.9181818181818,"Gratangen",575,0,"rural",327,327,0.0101731657623735,0.000661065968847773,0.0369059969408032
"328",5415,"Lavangen",0,100.987796638906,0,"Lavangen",1.077761135,"Lavangen",0,0,"Lavangen",0,0,"Lavangen",0,0,"Lavangen",0,0,13.6,11.0727272727273,"Loabák Lavangen",534,0,"rural",328,328,0.01106894187897,0.000694864780543663,0.040475699640994
"329",5416,"Bardu",866,264.633654591232,3.27244847726443,"Bardu",1.128958272,"Bardu",0,0,"Bardu",0,0,"Bardu",0,0,"Bardu",0,0,9,8.29090909090909,"Bardu",2042,866,"semi-urban",329,329,3.27381238718281,3.05902615253036,3.49519988453668
"330",5417,"Salangen",120,196.59084088087,0.610404836066179,"Salangen",1.123082531,"Salangen",0,0,"Salangen",0,0,"Salangen",0,0,"Salangen",0,0,6.3,12.8545454545455,"Salangen",1123,120,"rural",330,330,0.612472586172833,0.507658649338501,0.726069963842501
"331",5418,"MÃ¥lselv",1000,510.152966215581,1.96019638466126,"Målselv",0.979516596,"Målselv",0,0,"Målselv",0.709314285714286,0,"Målselv",0.0157571428571429,0,"Målselv",0.00445714285714286,0,6.2,8.4,"Målselv",3525,1000,"semi-urban",331,331,1.96115043041026,1.84128881762214,2.08444575097848
"332",5419,"SÃ¸rreisa",1286,246.999226127488,5.20649404519282,"Sørreisa",1.03701777,"Sørreisa",0,0,"Sørreisa",0,0,"Sørreisa",0,0,"Sørreisa",0,0,7.6,7.98181818181818,"Sørreisa",1753,1286,"rural",332,332,5.20653805532518,4.92531454334073,5.49478736217199
"333",5420,"DyrÃ¸y",909,105.925339036236,8.58151607793335,"Dyrøy",0.994806525,"Dyrøy",0,0,"Dyrøy",0,0,"Dyrøy",0,0,"Dyrøy",0,0,7.7,13.3545454545455,"Dyrøy",545,909,"rural",333,333,8.5799309346943,8.03017480968793,9.14623263186523
"334",5421,"Senja",991,1081.50102779414,0.916319055212799,"Senja",1.393506855,"Senja",29.5177272727273,0.0257181818181818,"Senja",0,0.36342,"Senja",0.5816,0.00278181818181818,"Senja",63.2195454545455,0.0986363636363636,8.3,13.7,"Senja",7571,991,"semi-urban",334,334,0.916871345832402,0.860587483953862,0.974775510138159
"335",5422,"Balsfjord",1185,508.77577010776,2.32912035050139,"Balsfjord",1.182000549,"Balsfjord",0,0,"Balsfjord",0,0,"Balsfjord",0,0,"Balsfjord",0,0,7.7,13.0181818181818,"Balsfjord",2893,1185,"semi-urban",335,335,2.32989611344143,2.19889480521339,2.46431940580257
"336",5423,"KarlsÃ¸y",774,227.213875583851,3.40648209978868,"Karlsøy",1.362526322,"Karlsøy",0,0,"Karlsøy",0,0,"Karlsøy",0,0,"Karlsøy",0,0,9,13.8090909090909,"Karlsøy",1155,774,"rural",336,336,3.40672179386466,3.17045214684907,3.65062418350945
"337",5424,"Lyngen",616,274.55945665909,2.2435941835537,"Lyngen",1.813941788,"Lyngen",0,0,"Lyngen",0,0,"Lyngen",0,0,"Lyngen",0,0,7.5,12.6909090909091,"Lyngen",1423,616,"rural",337,337,2.24451334638766,2.07037947730999,2.42487921901687
"338",5425,"Storfjord",109,127.086730223665,0.857681992511465,"Storfjord",1.141729599,"Storfjord",0,0,"Storfjord",0,0,"Storfjord",0,0,"Storfjord",0,0,9.1,11.5818181818182,"Storfjord Omasvuotna Omasvuono",947,109,"rural",338,338,0.859602275645704,0.705510054705819,1.02724108304
"339",5426,"KÃ¥fjord",0,211.764651460068,0,"Kåfjord",1.115847719,"Kåfjord",0,0,"Kåfjord",0,0,"Kåfjord",0,0,"Kåfjord",0,0,17,17.2545454545455,"Gáivuotna Kåfjord Kaivuono",1085,0,"rural",339,339,0.00479191109991679,0.000256347154654228,0.0182761546893183
"340",5427,"SkjervÃ¸y",125,256.925541734915,0.486522278617865,"Skjervøy",1.358973571,"Skjervøy",0,0,"Skjervøy",0,0,"Skjervøy",0,0,"Skjervøy",0,0,13,12.1818181818182,"Skjervøy",1502,125,"rural",340,340,0.487186611286836,0.405350631410817,0.575748678462865
"341",5428,"Nordreisa",1131,350.137816461393,3.23015666068366,"Nordreisa",1.474833121,"Nordreisa",0,0,"Nordreisa",0,0,"Nordreisa",0,0,"Nordreisa",0,0,9,11.2272727272727,"Nordreisa Ráisa Raisi",2504,1131,"semi-urban",341,341,3.23068121751783,3.04479819937492,3.42154492690172
"342",5429,"KvÃ¦nangen",1391,126.105641687579,11.0304343357305,"Kvænangen",1.326448437,"Kvænangen",0,0,"Kvænangen",0,0,"Kvænangen",0,0,"Kvænangen",0,0,13,15.1818181818182,"Kvænangen",614,1391,"rural",342,342,11.0258936929044,10.4528459717644,11.6126638791198
"343",5430,"Kautokeino",0,143.207603848663,0,"Kautokeino",1.303220758,"Kautokeino",0,0,"Kautokeino",0,0,"Kautokeino",0,0,"Kautokeino",0,0,17.3,13.3818181818182,"Guovdageaidnu Kautokeino",1516,0,"rural",343,343,0.00632367905551519,0.000280450139596493,0.0253239903665508
"344",5432,"Loppa",0,101.813523733095,0,"Loppa",1.453702739,"Loppa",0,0,"Loppa",0,0,"Loppa",0,0,"Loppa",0,0,6.5,16.4545454545455,"Loppa",490,0,"rural",344,344,0.0098015703752745,0.000517682409397766,0.0375364730308443
"345",5433,"Hasvik",0,71.0013588677168,0,"Hasvik",1.135384301,"Hasvik",0,0,"Hasvik",0,0,"Hasvik",0,0,"Hasvik",0,0,11.3,13.4272727272727,"Hasvik",539,0,"rural",345,345,0.0115196380961313,0.000426680734725371,0.048244264762807
"346",5434,"MÃ¥sÃ¸y",0,123.869206534852,0,"Måsøy",1.400201474,"Måsøy",0,0,"Måsøy",0,0,"Måsøy",0,0,"Måsøy",0,0,8.6,17.1727272727273,"Måsøy",668,0,"rural",346,346,0.00769252252731579,0.00037846789316305,0.0300003078393177
"347",5435,"Nordkapp",1377,217.27073980862,6.33771487689927,"Nordkapp",1.21103196,"Nordkapp",0,0,"Nordkapp",0,0,"Nordkapp",0,0,"Nordkapp",0,0,10.4,13.1818181818182,"Nordkapp",1681,1377,"rural",347,347,6.33556627830596,6.00465241235238,6.67444715362744
"348",5436,"Porsanger",502,280.770963229358,1.78793417319982,"Porsanger",1.04092111,"Porsanger",0,0,"Porsanger",0,0,"Porsanger",0,0,"Porsanger",0,0,9.4,10.1818181818182,"Porsanger Porsá?gu Porsanki",2060,502,"semi-urban",348,348,1.78821188580055,1.63483024788084,1.94771054698258
"349",5437,"Karasjok",75,160.806979742985,0.466397665821915,"Karasjok",1.708590565,"Karasjok",0,0,"Karasjok",0,0,"Karasjok",0,0,"Karasjok",0,0,11.9,11.8,"Kárášjohka Karasjok",1343,75,"rural",349,349,0.46734578944589,0.367414348248953,0.578041046633085
"350",5438,"Lebesby",0,110.45021046381,0,"Lebesby",1.36311196,"Lebesby",0,0,"Lebesby",0,0,"Lebesby",0,0,"Lebesby",0,0,9.5,17.0272727272727,"Lebesby",716,0,"rural",350,350,0.0079891223013152,0.000343259166485752,0.032229485855193
"351",5439,"Gamvik",0,85.0914909004043,0,"Gamvik",1.175023294,"Gamvik",0,0,"Gamvik",0,0,"Gamvik",0,0,"Gamvik",0,0,7.3,16.1545454545455,"Gamvik",622,0,"rural",351,351,0.00976876885089943,0.00035785439431204,0.0407761800108875
"352",5440,"BerlevÃ¥g",0,87.9471892775506,0,"Berlevåg",1.322507525,"Berlevåg",0,0,"Berlevåg",0,0,"Berlevåg",0,0,"Berlevåg",0,0,7.9,15.1454545454545,"Berlevåg",512,0,"rural",352,352,0.00962197829395032,0.000368919746371505,0.0397466005709993
"353",5441,"Tana",0,217.614589488452,0,"Tana",1.388346649,"Tana",0,0,"Tana",0,0,"Tana",0,0,"Tana",0,0,12.3,11.8454545454545,"Deatnu Tana",1517,0,"rural",353,353,0.00457568103821339,0.000248617843950133,0.0173966950231891
"354",5442,"Nesseby",0,103.465106306365,0,"Nesseby",1.524377085,"Nesseby",0,0,"Nesseby",0,0,"Nesseby",0,0,"Nesseby",0,0,14,15.2454545454545,"Unjárga Nesseby",494,0,"rural",354,354,0.0079622387986701,0.000290622652323394,0.0333405790145472
"355",5443,"BÃ¥tsfjord",0,124.884962485684,0,"Båtsfjord",1.244140414,"Båtsfjord",0,0,"Båtsfjord",0,0,"Båtsfjord",0,0,"Båtsfjord",0,0,11.3,13.8181818181818,"Båtsfjord",1187,0,"rural",355,355,0.00676605850712189,0.0002633417024243,0.0278671466460117
"356",5444,"SÃ¸r-Varanger",751,613.17227475615,1.22477814297566,"Sør-Varanger",1.701347257,"Sør-Varanger",0,0,"Sør-Varanger",0,0,"Sør-Varanger",0,0,"Sør-Varanger",0,0,9.7,9.24545454545455,"Sør-Varanger",5097,751,"semi-urban",356,356,1.22522100066611,1.13898669099378,1.3142787532812
