,kommunenummer,navn,Y,expected,SMR,kommunenavn.x,radon.level,kommunenavn.y,arsen.air,arsen.water,kommunenavn.x.1,chromium.air,chromium.water,komunenavn,cadmium.air,cadmium.water,kommunenavn.y.1,nickel.air,nickel.water,crowded,poverty,kommunenavn,population,new_cases,pop_size,re_u,re_v,RR,LL,UL
1,301,Oslo,695,8372.33946,0.083011445,Oslo,1.828863991,Oslo,0.166358,0.397772727,Oslo,2.200245455,1.805409091,Oslo,0.275918545,0.108890909,Oslo,2.289327273,0.433109091,20.58333333,12.29090909,Oslo,346184,695,urban,1,1,0.083086785,0.077012739,0.089366666
2,1101,Eigersund,842,249.65684,3.372629406,Eigersund,0.976905888,Eigersund,0.142875,0.1592125,Eigersund,0.145375,0.2385125,Eigersund,0.126625,0.0244625,Eigersund,0.126625,0.379125,5.733333333,8.363636364,Eigersund,7524,842,semi-urban,2,2,3.373897115,3.149437537,3.605341357
3,1103,Stavanger,833,1951.428499,0.42686678,Stavanger,1.012590855,Stavanger,0,0,Stavanger,0,0,Stavanger,0,0,Stavanger,0,0,10.13333333,8.7,Stavanger,72035,833,urban,3,3,0.427228601,0.398660543,0.456689604
4,1106,Haugesund,798,603.6240241,1.322014976,Haugesund,1.417032603,Haugesund,0,0,Haugesund,0,0,Haugesund,0,0,Haugesund,0,0,6.866666667,11.19090909,Haugesund,19126,798,urban,4,4,1.322949756,1.232588025,1.416190832
5,1108,Sandnes,811,1008.58401,0.804097618,Sandnes,1.523844539,Sandnes,0.288818182,0,Sandnes,0,0.806745455,Sandnes,1.083222222,0.027,Sandnes,0.992181818,0,1.383333333,7.5,Sandnes,40505,811,urban,5,5,0.804889259,0.750355436,0.861148044
6,1111,Sokndal,0,63.0464041,0,Sokndal,1.040609092,Sokndal,0,4.211181818,Sokndal,0,35.18609091,Sokndal,0,0.713363636,Sokndal,0,3429.448,6.916666667,9.690909091,Sokndal,1653,0,rural,6,6,19.7833896,1.75E-14,39.89082896
7,1112,Lund,0,61.4409226,0,Lund,1.192150373,Lund,0,0,Lund,0,0,Lund,0,0,Lund,0,0,6.633333333,9.327272727,Lund,1610,0,rural,7,7,0.000311639,1.23E-08,0.002365638
8,1114,Bjerkreim,0,42.59846194,0,Bjerkreim,1.018571425,Bjerkreim,0,0,Bjerkreim,0,0,Bjerkreim,0,0,Bjerkreim,0,0,4.866666667,6.090909091,Bjerkreim,1438,0,rural,8,8,0.00050851,1.92E-08,0.003839762
9,1119,HÃ¥,799,289.4215959,2.760678579,Hå,1.058480925,Hå,0.1670467,0,Hå,0.528488,0,Hå,0.0035415,0,Hå,0.172124,0,6.016666667,6.545454545,Hå,9760,799,semi-urban,9,9,2.761878185,2.573328186,2.956432283
10,1120,Klepp,456,279.8014926,1.629726831,Klepp,1.05071036,Klepp,0,0,Klepp,0,0,Klepp,0,0,Klepp,0,0,6.466666667,6.363636364,Klepp,10064,456,urban,10,10,1.631991407,1.48534323,1.784809483
11,1121,Time,809,272.7456338,2.966133641,Time,1.423224737,Time,0,0,Time,0,0,Time,0,0,Time,0,0,6.966666667,5.909090909,Time,9655,809,semi-urban,11,11,2.967347879,2.766007042,3.175065971
12,1122,Gjesdal,60,129.5676159,0.463078676,Gjesdal,1.222266569,Gjesdal,0,0,Gjesdal,0,0,Gjesdal,0,0,Gjesdal,0,0,7.35,6.290909091,Gjesdal,6091,60,semi-urban,12,12,0.466711985,0.356133763,0.590634995
13,1124,Sola,866,386.1144757,2.242858154,Sola,1.042659728,Sola,0,0.2125,Sola,0,0.376290909,Sola,0,0.022145455,Sola,0,2.544527273,7.366666667,6.381818182,Sola,13962,866,urban,13,13,2.244401175,2.097159188,2.396167985
14,1127,Randaberg,634,187.5552364,3.380337505,Randaberg,1.08181141,Randaberg,0,0.056427273,Randaberg,0,0.316857143,Randaberg,0,0.007681818,Randaberg,0,0.2824,7.016666667,6.663636364,Randaberg,5667,634,semi-urban,14,14,3.381987122,3.123275147,3.649836889
15,1130,Strand,887,228.3007423,3.885226088,Strand,1.324436541,Strand,0,0,Strand,0,0,Strand,0,0,Strand,0,0,6.783333333,8.154545455,Strand,6598,887,semi-urban,15,15,3.886508368,3.634497687,4.146182915
16,1133,Hjelmeland,0,53.2155783,0,Hjelmeland,1.857425138,Hjelmeland,0,0,Hjelmeland,0,0,Hjelmeland,0,0,Hjelmeland,0,0,6.75,9.318181818,Hjelmeland,1321,0,rural,16,16,0.000330262,1.06E-08,0.002465329
17,1134,Suldal,683,79.13262147,8.63108017,Suldal,1.544219126,Suldal,0,0,Suldal,0,0,Suldal,0,0,Suldal,0,0,4.2,9.690909091,Suldal,1909,683,rural,17,17,8.620216171,7.984130015,9.278043448
18,1135,Sauda,822,114.4377539,7.182944193,Sauda,1.751851264,Sauda,1.426181818,14.73545455,Sauda,9.926636364,20.03909091,Sauda,0.925454545,0.645454545,Sauda,9.795090909,60.14545455,5.5,9.027272727,Sauda,2292,822,semi-urban,18,18,7.185116769,6.701394115,7.684052502
19,1144,KvitsÃ¸y,0,17.61145422,0,Kvitsøy,1.006791153,Kvitsøy,0,0,Kvitsøy,0,0,Kvitsøy,0,0,Kvitsøy,0,0,2.1,9.9,Kvitsøy,269,0,rural,19,19,0.000344239,7.08E-10,0.00128488
20,1145,Bokn,0,20.05880912,0,Bokn,1.329071503,Bokn,0,0,Bokn,0,0,Bokn,0,0,Bokn,0,0,3.3,8.3,Bokn,441,0,rural,20,20,0.00031815,7.59E-10,0.001256259
21,1146,TysvÃ¦r,613,200.3976975,3.058917381,Tysvær,1.528792458,Tysvær,0,0.504555556,Tysvær,0,1.539,Tysvær,0,1.3405,Tysvær,0,4.9002,5.616666667,6.5,Tysvær,5639,613,semi-urban,21,21,3.060310347,2.822298982,3.30685772
22,1149,KarmÃ¸y,858,753.2799252,1.139018805,Karmøy,1.185123893,Karmøy,24.35272727,1431.594764,Karmøy,2.708181818,313.1922182,Karmøy,2.901818182,18.47898182,Karmøy,540.2827273,113.8405818,4.783333333,8.645454545,Karmøy,21397,858,urban,22,22,1.139697641,1.064579538,1.217133659
23,1151,Utsira,0,4.762948059,0,Utsira,0.971710877,Utsira,0,0,Utsira,0,0,Utsira,0,0,Utsira,0,0,7.283333333,12.55,Utsira,109,0,rural,23,23,0.000248617,2.79E-10,0.000594594
24,1160,Vindafjord,605,160.1081952,3.778694772,Vindafjord,1.336674573,Vindafjord,0,0.17875,Vindafjord,0,1.069890909,Vindafjord,0,0.014381818,Vindafjord,0,0,6.483333333,10.12727273,Vindafjord,4507,605,semi-urban,24,24,3.780261232,3.484351925,4.086847217
25,1505,Kristiansund,537,462.1031649,1.16207817,Kristiansund,1.021861713,Kristiansund,6.175218182,0.615209091,Kristiansund,0.752027273,0.088281818,Kristiansund,0.629218182,0.016709091,Kristiansund,0.750636364,2.182890909,8.633333333,10.63636364,Kristiansund,12281,537,urban,25,25,1.163090122,1.06658343,1.263300921
26,1506,Molde,537,636.6404718,0.843490202,Molde,1.160593475,Molde,0.00675,0.0031,Molde,0.01855,4.9338,Molde,0.034833333,0.182966667,Molde,0.098566667,2.286433333,8,9.6,Molde,16053,537,urban,26,26,0.844276425,0.774226249,0.917015196
27,1507,Ã…lesund,451,1149.229667,0.392436789,Ålesund,1.214408374,Ålesund,0.037181,0.07728,Ålesund,0.987836364,0.174,Ålesund,0.044065455,0.070381818,Ålesund,0.886509091,0.097645455,8.6,9.8,Ålesund,34021,451,urban,27,27,0.392912778,0.357414335,0.429914446
28,1511,Vanylven,0,92.7326455,0,Vanylven,1.282802651,Vanylven,0,0,Vanylven,0,0,Vanylven,0,0,Vanylven,0,0,7.566666667,13.00909091,Vanylven,1607,0,rural,28,28,8.79E-05,8.24E-10,0.000545295
29,1514,Sande,0,57.09653063,0,Sande,1.106081865,Sande,0,0,Sande,0,0,Sande,0,0,Sande,0,0,5.616666667,11.50909091,Sande,1286,0,rural,29,29,0.000159642,1.09E-09,0.000993076
30,1515,HerÃ¸y,0,191.0769601,0,Herøy,1.410855773,Herøy,0,0,Herøy,0,0,Herøy,0,0,Herøy,0,0,4.216666667,9.490909091,Herøy (Møre og Romsdal),4569,0,semi-urban,30,30,0.004084361,5.91E-05,0.019989499
31,1515,HerÃ¸y,0,191.0769601,0,Herøy,1.014904557,Herøy,0,0,Herøy,0,0,Herøy,0,0,Herøy,0,0,4.216666667,9.490909091,Herøy (Møre og Romsdal),4569,0,semi-urban,31,31,0.004069975,5.79E-05,0.019978412
32,1516,Ulstein,0,146.1249762,0,Ulstein,0.995311827,Ulstein,0,0,Ulstein,0,0,Ulstein,0,0,Ulstein,0,0,6.7,9.163636364,Ulstein,4480,0,semi-urban,32,32,0.005136065,6.51E-05,0.025727973
33,1517,Hareid,0,90.03605083,0,Hareid,0.978926044,Hareid,0,0,Hareid,0,0,Hareid,0,0,Hareid,0,0,5.733333333,10.06363636,Hareid,2642,0,semi-urban,33,33,0.008007967,8.60E-05,0.041220086
34,1520,Ã˜rsta,582,219.3297111,2.653539263,Ørsta,0.997422949,Ørsta,0,0.0500375,Ørsta,0,0.319788889,Ørsta,0.051975,0.0397,Ørsta,0,1.1338375,6.666666667,9.563636364,Ørsta,5473,582,semi-urban,34,34,2.654217963,2.442451423,2.873760036
35,1525,Stranda,0,118.4711711,0,Stranda,1.029062268,Stranda,0,0,Stranda,0,0.1855,Stranda,0,0,Stranda,0,0.4225,6.733333333,10.32727273,Stranda,2314,0,semi-urban,35,35,0.006217849,7.92E-05,0.031213929
36,1528,Sykkylven,0,152.3756065,0,Sykkylven,1.004266492,Sykkylven,0,0,Sykkylven,0,0.0049,Sykkylven,0,0,Sykkylven,0,0.0059,7.283333333,8.518181818,Sykkylven,3845,0,semi-urban,36,36,0.005029881,6.85E-05,0.024935782
37,1531,Sula,463,152.9588247,3.026958404,Sula,0.97936871,Sula,0,0,Sula,0,0,Sula,0,0,Sula,0,0,7.116666667,8.172727273,Sula,4806,463,semi-urban,37,37,3.02792831,2.757740437,3.30938953
38,1532,Giske,0,143.1219538,0,Giske,0.983651921,Giske,0,0,Giske,0,0,Giske,0,0,Giske,0,0,4.983333333,8.254545455,Giske,4286,0,semi-urban,38,38,0.005140124,5.67E-05,0.026287895
39,1535,Vestnes,0,135.7544248,0,Vestnes,1.002686573,Vestnes,0,0,Vestnes,0,0,Vestnes,0,0,Vestnes,0,0,6.433333333,10.18181818,Vestnes,3389,0,semi-urban,39,39,0.00547448,6.83E-05,0.027551859
40,1539,Rauma,319,168.2524923,1.895960028,Rauma,1.50311197,Rauma,0,0,Rauma,0,0.593527273,Rauma,0,0,Rauma,0,0,3.65,10.4,Rauma,3837,319,semi-urban,40,40,1.897128585,1.694125456,2.110326555
41,1547,Aukra,0,78.68325141,0,Aukra,0.998106177,Aukra,0,1.04357,Aukra,0,0.31952,Aukra,0,0.18458,Aukra,0,0.49585,7.65,8.3,Aukra,1741,0,rural,41,41,0.000116574,7.97E-10,0.000677427
42,1554,AverÃ¸y,0,127.1813536,0,Averøy,0.994703648,Averøy,0.001428571,0.179042857,Averøy,0.006285714,0.121714286,Averøy,0.001285714,0.024585714,Averøy,0.0013,1.470328571,4.133333333,9.963636364,Averøy,2970,0,semi-urban,42,42,0.005654858,5.92E-05,0.029173004
43,1557,Gjemnes,0,55.79062917,0,Gjemnes,1.240653934,Gjemnes,0,0,Gjemnes,0,0,Gjemnes,0,0,Gjemnes,0,0,6.616666667,9.672727273,Gjemnes,1355,0,rural,43,43,0.000135098,8.01E-10,0.000726128
44,1560,Tingvoll,0,86.58890098,0,Tingvoll,1.592471398,Tingvoll,0,0,Tingvoll,0,0,Tingvoll,0,0,Tingvoll,0,0,6.35,12.81818182,Tingvoll,1539,0,rural,44,44,0.000111011,7.70E-10,0.000667945
45,1563,Sunndal,328,144.580213,2.268636856,Sunndal,1.051158244,Sunndal,24.68636364,3.07,Sunndal,9.587272727,0.921818182,Sunndal,2.437272727,0.313636364,Sunndal,431.7090909,39.14818182,8.233333333,9.590909091,Sunndal,3531,328,semi-urban,45,45,2.269677874,2.03006709,2.521174118
46,1566,Surnadal,644,151.1892695,4.259561556,Surnadal,1.152390472,Surnadal,0,0,Surnadal,0,0,Surnadal,0,0,Surnadal,0,0,3.733333333,10.12727273,Surnadal,3030,644,semi-urban,46,46,4.260452104,3.937002156,4.595248604
47,1573,SmÃ¸la,0,58.57025039,0,Smøla,1.10793805,Smøla,0,0,Smøla,0,0,Smøla,0,0,Smøla,0,0,7.983333333,13.15454545,Smøla,1094,0,rural,47,47,9.23E-05,2.69E-10,0.000402353
48,1576,Aure,0,92.26326781,0,Aure,1.00207736,Aure,0,0,Aure,0.831666667,0.671666667,Aure,0,0,Aure,1.427272727,9.248181818,7.883333333,12.80909091,Aure,1803,0,rural,48,48,7.86E-05,3.44E-10,0.00042583
49,1577,Volda,416,220.2477634,1.88878195,Volda,1.209158182,Volda,0,0,Volda,0,0,Volda,0,0,Volda,0,0,9.7,10.9,Volda,5259,416,semi-urban,49,49,1.88939648,1.711785031,2.074887635
50,1578,Fjord,0,70.42511377,0,Fjord,1.201143583,Fjord,0,0,Fjord,0,0,Fjord,0,0,Fjord,0,0,6.7,11.2,Fjord,1254,0,rural,50,50,8.35E-05,7.73E-10,0.000478269
51,1579,Hustadvika,9,249.0716425,0.036134182,Hustadvika,0.998537152,Hustadvika,0,0,Hustadvika,0,0,Hustadvika,0,0,Hustadvika,0,0,5.9,9.2,Hustadvika,6748,9,semi-urban,51,51,0.038303131,0.0180891,0.065948944
52,1804,BodÃ¸,461,873.7828912,0.527591012,Bodø,1.156256024,Bodø,0,0,Bodø,0,0,Bodø,0,0,Bodø,0,0,11.83333333,7.845454545,Bodø,26328,461,urban,52,52,0.527809869,0.480615836,0.576978045
53,1806,Narvik,534,448.9462517,1.189451962,Narvik,1.311526534,Narvik,0.3216,6.455,Narvik,9.06437,21.411,Narvik,0.86715,14.7808,Narvik,4.87798,9.011,10,11.6,Narvik,11077,534,urban,53,53,1.189747266,1.090732796,1.292575421
54,1811,Bindal,0,39.74314318,0,Bindal,1.227223024,Bindal,0,0,Bindal,0,0,Bindal,0,0,Bindal,0,0,6.633333333,13.96363636,Bindal,742,0,rural,54,54,3.48E-05,7.76E-11,0.000111353
55,1812,SÃ¸mna,0,50.88522009,0,Sømna,1.065857585,Sømna,0,0,Sømna,0,0,Sømna,0,0,Sømna,0,0,5.116666667,12.54545455,Sømna,1007,0,rural,55,55,4.49E-05,8.09E-11,0.000146914
56,1813,BrÃ¸nnÃ¸y,0,149.6461114,0,Brønnøy,1.493600527,Brønnøy,0,0,Brønnøy,0,0,Brønnøy,0,0,Brønnøy,0,0,7.916666667,9.9,Brønnøy,3939,0,semi-urban,56,56,0.003865837,2.17E-05,0.021926131
57,1815,Vega,0,32.971511,0,Vega,1.470495995,Vega,0,0,Vega,0,0,Vega,0,0,Vega,0,0,8.666666667,15.50909091,Vega,625,0,rural,57,57,0.000116565,1.80E-10,0.000381065
58,1816,Vevelstad,0,12.57904463,0,Vevelstad,1.16720197,Vevelstad,0,0,Vevelstad,0,0,Vevelstad,0,0,Vevelstad,0,0,6.866666667,13.91818182,Vevelstad,245,0,rural,58,58,3.90E-05,4.58E-11,9.88E-05
59,1820,Alstahaug,0,155.6072726,0,Alstahaug,1.147053709,Alstahaug,0,0.14,Alstahaug,0,0.115,Alstahaug,0,0.155,Alstahaug,0,0.115,6.033333333,9.8,Alstahaug,3753,0,semi-urban,59,59,0.003690351,1.35E-05,0.021877025
60,1822,Leirfjord,0,45.9070024,0,Leirfjord,1.234579233,Leirfjord,0,0,Leirfjord,0,0,Leirfjord,0,0,Leirfjord,0,0,9.616666667,13.20909091,Leirfjord,1189,0,rural,60,60,1.82E-05,2.30E-11,4.95E-05
61,1824,Vefsn,397,323.2531688,1.228139546,Vefsn,1.348831585,Vefsn,26.11272727,4.588636364,Vefsn,5.696363636,8.004,Vefsn,12.86545455,1.218818182,Vefsn,270.9954545,62.32790909,6.583333333,9.190909091,Vefsn,6806,397,semi-urban,61,61,1.228884423,1.110727802,1.352423197
62,1825,Grane,0,49.31649062,0,Grane,1.208272189,Grane,0,0,Grane,0,0,Grane,0,0,Grane,0,0,7.3,9.863636364,Grane,792,0,rural,62,62,3.70E-05,9.44E-11,0.000126804
63,1826,Hattfjelldal,0,41.55656531,0,Hattfjelldal,1.344995519,Hattfjelldal,0,0,Hattfjelldal,0,0,Hattfjelldal,0,0,Hattfjelldal,0,0,10.6,14.92727273,Hattfjelldal,677,0,rural,63,63,1.96E-05,2.73E-11,5.38E-05
64,1827,DÃ¸nna,0,35.68297779,0,Dønna,1.222241896,Dønna,0,0,Dønna,0,0,Dønna,0,0,Dønna,0,0,7.733333333,14.02727273,Dønna,710,0,rural,64,64,0.000119995,2.44E-10,0.00043376
65,1828,Nesna,0,36.2232918,0,Nesna,1.047666047,Nesna,0,0,Nesna,0,0,Nesna,0,0,Nesna,0,0,9.5,17.72727273,Nesna,912,0,rural,65,65,1.45E-05,4.84E-12,2.72E-05
66,1832,Hemnes,0,114.9800473,0,Hemnes,1.07863818,Hemnes,0,0,Hemnes,0,0,Hemnes,0,0,Hemnes,0,0,6.1,9.463636364,Hemnes,2309,0,semi-urban,66,66,0.004602947,1.87E-05,0.027188554
67,1833,Rana,623,535.2383545,1.163967408,Rana,1.26943229,Rana,19.99896364,29.76215455,Rana,17.57736364,19.51941818,Rana,15.81674545,13.91989091,Rana,69.75754545,27.29809091,6.7,8.263636364,Rana,13248,623,urban,67,67,1.165118828,1.075238395,1.258198679
68,1834,LurÃ¸y,0,55.77853894,0,Lurøy,0.988331714,Lurøy,0,0,Lurøy,0,0,Lurøy,0,0,Lurøy,0,0,10.15,13.38181818,Lurøy,979,0,rural,68,68,1.10E-05,8.87E-12,2.65E-05
69,1835,TrÃ¦na,0,11.54527953,0,Træna,0.979630969,Træna,0,0,Træna,0,0,Træna,0,0,Træna,0,0,6.4,11.89090909,Træna,230,0,rural,69,69,0.00023362,3.42E-10,0.000662373
70,1836,RÃ¸dÃ¸y,0,27.49310164,0,Rødøy,1.215920399,Rødøy,0,0,Rødøy,0,0,Rødøy,0,0,Rødøy,0,0,12.08333333,12.93636364,Rødøy,620,0,rural,70,70,9.34E-06,7.40E-12,2.16E-05
71,1837,MelÃ¸y,0,145.2067097,0,Meløy,0.960761859,Meløy,0,0,Meløy,0,0,Meløy,0,0,Meløy,0,0,7.716666667,10.42727273,Meløy,3208,0,semi-urban,71,71,0.00316352,8.08E-06,0.019736972
72,1838,GildeskÃ¥l,0,50.31617851,0,Gildeskål,1.183055317,Gildeskål,0,0,Gildeskål,0,0,Gildeskål,0,0,Gildeskål,0,0,9.833333333,11.93636364,Gildeskål,980,0,rural,72,72,1.03E-05,1.17E-11,2.67E-05
73,1839,Beiarn,0,38.19313747,0,Beiarn,1.597133238,Beiarn,0,0,Beiarn,0,0,Beiarn,0,0,Beiarn,0,0,12.16666667,13.89090909,Beiarn,534,0,rural,73,73,7.88E-06,7.13E-12,1.88E-05
74,1840,Saltdal,0,107.7069395,0,Saltdal,1.284694085,Saltdal,0,0,Saltdal,0,0,Saltdal,0,0,Saltdal,0,0,7.716666667,9.536363636,Saltdal,2376,0,semi-urban,74,74,0.004085391,8.64E-06,0.026044665
75,1841,Fauske,0,220.8047148,0,Fauske,1.458106841,Fauske,0,0,Fauske,0,0,Fauske,0,0,Fauske,0,0.410333333,6.616666667,9.263636364,Fauske Fuosko,4910,0,semi-urban,75,75,0.002299643,9.35E-06,0.01356089
76,1845,SÃ¸rfold,0,52.84308259,0,Sørfold,1.154033093,Sørfold,28.63636364,0.236,Sørfold,2.711111111,0.128122222,Sørfold,0.28,0.075857143,Sørfold,23.4,2.942463636,7.15,11.60909091,Sørfold,996,0,rural,76,76,8.56E-05,7.98E-11,0.000199779
77,1848,Steigen,0,73.09378341,0,Steigen,1.178100144,Steigen,0,0,Steigen,0,0,Steigen,0,0,Steigen,0,0,10,15.80909091,Steigen,1323,0,rural,77,77,7.99E-06,5.97E-12,1.88E-05
78,1851,LÃ¸dingen,0,62.79020962,0,Lødingen,1.186838025,Lødingen,0,0,Lødingen,0,0,Lødingen,0,0,Lødingen,0,0,7.983333333,13.24545455,Lødingen,1000,0,rural,78,78,7.07E-06,9.93E-12,1.93E-05
79,1853,Evenes,0,35.60540796,0,Evenes,1.015505078,Evenes,0,0,Evenes,0,0,Evenes,0,0,Evenes,0,0,7.666666667,13.09090909,Evenes,681,0,rural,79,79,9.55E-06,1.09E-11,2.42E-05
80,1856,RÃ¸st,0,10.11098662,0,Røst,0.998708065,Røst,0,0,Røst,0,0,Røst,0,0,Røst,0,0,9.05,13.48181818,Røst,251,0,rural,80,80,0.000177862,1.96E-10,0.000444208
81,1857,VÃ¦rÃ¸y,0,18.89932739,0,Værøy,1.000068833,Værøy,0,0,Værøy,0,0,Værøy,0,0,Værøy,0,0,9.3,16.32727273,Værøy,379,0,rural,81,81,0.000142269,1.29E-10,0.000363565
82,1859,Flakstad,0,33.53520293,0,Flakstad,1.050195028,Flakstad,0,0,Flakstad,0,0,Flakstad,0,0,Flakstad,0,0,8.5,12.20909091,Flakstad,650,0,rural,82,82,0.000128004,2.62E-10,0.000453244
83,1860,VestvÃ¥gÃ¸y,0,224.9826794,0,Vestvågøy,0.995351314,Vestvågøy,0,0,Vestvågøy,0,0,Vestvågøy,0,0,Vestvågøy,0,0,9.416666667,12.19090909,Vestvågøy,5729,0,semi-urban,83,83,0.003049989,2.97E-05,0.015922716
84,1865,VÃ¥gan,20,191.8981304,0.104221964,Vågan,1.123358185,Vågan,0,0,Vågan,0,0,Vågan,0,0,Vågan,0,0,10.66666667,11.22727273,Vågan,4876,20,semi-urban,84,84,0.104397407,0.06383914,0.154208303
85,1866,Hadsel,0,181.9000747,0,Hadsel,0.998752009,Hadsel,0,0,Hadsel,0,0,Hadsel,0,0,Hadsel,0,0,8.4,10.77272727,Hadsel,4110,0,semi-urban,85,85,0.002335947,5.48E-06,0.014734564
86,1867,BÃ¸,0,85.45279718,0,Bø,1.000339822,Bø,0,0,Bø,0,0,Bø,0,0,Bø,0,0,6.883333333,18.13636364,Bø,1300,0,rural,86,86,7.41E-06,3.31E-12,1.57E-05
87,1868,Ã˜ksnes,0,96.94468733,0,Øksnes,1.026436157,Øksnes,0,0,Øksnes,0,0,Øksnes,0,0,Øksnes,0,0,7.516666667,13.51818182,Øksnes,2253,0,semi-urban,87,87,0.003731327,3.24E-06,0.025803234
88,1870,Sortland,0,188.2753519,0,Sortland,1.00307197,Sortland,0,0,Sortland,0,0,Sortland,0,0,Sortland,0,0,10.93333333,10.55454545,Sortland Suortá,5379,0,semi-urban,88,88,0.00204033,3.53E-06,0.013302243
89,1871,AndÃ¸y,0,129.591154,0,Andøy,1.24513822,Andøy,0,0,Andøy,0,0,Andøy,0,0,Andøy,0,0,7.3,11.72727273,Andøy,2385,0,semi-urban,89,89,0.003107468,3.91E-06,0.020771876
90,1874,Moskenes,0,34.74213598,0,Moskenes,0.989725325,Moskenes,0,0,Moskenes,0,0,Moskenes,0,0,Moskenes,0,0,7.933333333,16.74545455,Moskenes,544,0,rural,90,90,0.000123079,1.52E-10,0.000389481
91,1875,HamarÃ¸y,0,78.42844787,0,Hamarøy,0.994943055,Hamarøy,0,0,Hamarøy,0,0,Hamarøy,0,0,Hamarøy,0,0,12.6,14.01818182,Hamarøy Hábmer,1460,0,rural,91,91,5.61E-06,5.31E-12,1.39E-05
92,3001,Halden,808,605.1768648,1.335146875,Halden,1.518111254,Halden,1.823375,41.87625,Halden,10.21,9.353725,Halden,0.358625,8.6375375,Halden,8.28125,54.136875,9.1,11.71818182,Halden,15806,808,urban,92,92,1.335972158,1.245277511,1.429540455
93,3002,Moss,752,961.2592977,0.782307128,Moss,1.71631294,Moss,0.68676,0.02814,Moss,0.33267,0.06043,Moss,0.00962,0.00268,Moss,0.205857143,0.263657143,9.4,9.1,Moss,24484,752,urban,93,93,0.782887501,0.727827655,0.839748511
94,3003,Sarpsborg,859,1029.912824,0.834051174,Sarpsborg,1.830253214,Sarpsborg,0.0848,11.70272727,Sarpsborg,0.135781818,510.7830636,Sarpsborg,0.128909091,5.695018182,Sarpsborg,0.167363636,456.7126545,9.6,10.60909091,Sarpsborg,28419,859,urban,94,94,0.834423099,0.779457813,0.891083526
95,3004,Fredrikstad,911,1505.38341,0.605161445,Fredrikstad,1.485009021,Fredrikstad,0.792490909,2.434618182,Fredrikstad,3.993681818,384.4741,Fredrikstad,0.271518182,0.413863636,Fredrikstad,4.516081818,84.7502,9.9,10.72727273,Fredrikstad,41054,911,urban,95,95,0.605649007,0.566896284,0.645566428
96,3005,Drammen,811,1745.944626,0.464504995,Drammen,1.367901985,Drammen,0,0.045685714,Drammen,0,0.288085714,Drammen,0,0.058736364,Drammen,0,0.6252,12,9.4,Drammen,50564,811,urban,96,96,0.464857425,0.433359101,0.497351989
97,3006,Kongsberg,762,540.9469056,1.408641018,Kongsberg,1.403468475,Kongsberg,0,0,Kongsberg,0,1.239333333,Kongsberg,0,0.017633333,Kongsberg,0,4.121366667,6.6,8.263636364,Kongsberg,14082,762,urban,97,97,1.409758703,1.311256385,1.511464552
98,3007,Ringerike,644,617.8173233,1.042379318,Ringerike,1.265424022,Ringerike,0,21.74333333,Ringerike,0,5.918266667,Ringerike,0.103,1.456363636,Ringerike,0,71.8442,7.7,10.63636364,Ringerike,15331,644,urban,98,98,1.04315898,0.963984641,1.125109879
99,3011,Hvaler,1253,107.685541,11.63573112,Hvaler,1.333790646,Hvaler,0,0,Hvaler,0,0,Hvaler,0,0,Hvaler,0,0,4.1,7.918181818,Hvaler,2368,1253,semi-urban,99,99,11.6372001,11.00053766,12.28999525
100,3012,Aremark,0,33.1426996,0,Aremark,1.28466775,Aremark,0,0,Aremark,0,0,Aremark,0,0,Aremark,0,0,4,9.054545455,Aremark,689,0,rural,100,100,0.000292086,2.88E-09,0.001800164
101,3013,Marker,0,97.82994629,0,Marker,1.506113371,Marker,0,0,Marker,0,0,Marker,0,0,Marker,0,0,5.2,10.85454545,Marker,1841,0,rural,101,101,0.00013762,4.11E-09,0.001012642
102,3014,Indre Ã˜stfold,682,825.9163141,0.82574952,Indre Østfold,1.934739482,Indre Østfold,0,0.003,Indre Østfold,0.008809091,0.000818182,Indre Østfold,9.09E-05,0,Indre Østfold,0.002790909,0,8.1,9.4,Indre Østfold,22549,682,urban,102,102,0.826445683,0.765462502,0.88951327
103,3015,Skiptvet,0,59.32931137,0,Skiptvet,1.876540162,Skiptvet,0,0,Skiptvet,0,0,Skiptvet,0,0,Skiptvet,0,0,6.1,9.172727273,Skiptvet,1935,0,rural,103,103,0.000173505,2.74E-09,0.001168229
104,3016,Rakkestad,686,155.2723315,4.418044049,Rakkestad,1.873282583,Rakkestad,0.02243,0,Rakkestad,0.0976675,0,Rakkestad,0.0218625,0,Rakkestad,0.0617825,0,6.8,9.590909091,Rakkestad,4185,686,semi-urban,104,104,4.419109872,4.093876861,4.755431827
105,3017,RÃ¥de,0,163.9308898,0,Råde,1.641209409,Råde,0,0,Råde,0,0,Råde,0,0,Råde,0,0,6.9,8.090909091,Råde,3893,0,semi-urban,105,105,0.005074219,9.26E-05,0.023841498
106,3018,VÃ¥ler,0,87.80942226,0,Våler,1.761368056,Våler,0,0,Våler,0,0,Våler,0,0,Våler,0,0,5.2,7.618181818,Våler (Viken),2924,0,semi-urban,106,106,0.009278347,0.000149325,0.044648711
107,3019,Vestby,50,288.0246434,0.173596257,Vestby,1.950678826,Vestby,0,0,Vestby,0,0.087,Vestby,0,0,Vestby,0,0,6.5,7.154545455,Vestby,9052,50,semi-urban,107,107,0.175266072,0.130122253,0.226456398
108,3020,Nordre Follo,739,1055.087069,0.700416128,Nordre Follo,1.910363562,Nordre Follo,0,0,Nordre Follo,0,0,Nordre Follo,0,0,Nordre Follo,0,0,8,6.3,Nordre Follo,29658,739,urban,108,108,0.701003065,0.65127884,0.752366457
109,3021,Ã…s,784,321.1721043,2.441058827,Ås,1.984165834,Ås,0,0,Ås,0,0,Ås,0,0,Ås,0,0,13.1,11.17272727,Ås,10300,784,urban,109,109,2.442311784,2.27401846,2.616009459
110,3022,Frogn,711,327.4960246,2.17101872,Frogn,1.807693017,Frogn,0,0,Frogn,0,0,Frogn,0,0,Frogn,0,0,6,7.272727273,Frogn,7835,711,semi-urban,110,110,2.171914476,2.01486979,2.334227984
111,3023,Nesodden,903,286.6646571,3.150022082,Nesodden,1.79902045,Nesodden,0,0.018766667,Nesodden,0,0.04735,Nesodden,0,0.001083333,Nesodden,0,0.246783333,8,7.490909091,Nesodden,9658,903,semi-urban,111,111,3.150938669,2.94841542,3.359571855
112,3024,BÃ¦rum,899,2141.160878,0.419865695,Bærum,1.316659021,Bærum,0,0,Bærum,0,0,Bærum,0,0,Bærum,0,0,10.1,7.809090909,Bærum,63471,899,urban,112,112,0.420167155,0.39310738,0.448044913
113,3025,Asker,790,1640.355236,0.481602998,Asker,1.595608892,Asker,0.65,12.15,Asker,9.9775,31,Asker,0.328025,23.25,Asker,8.8925,49.75,7.5,7.4,Asker,47308,790,urban,113,113,0.482007738,0.44892209,0.516152095
114,3026,Aurskog-HÃ¸land,493,345.8444457,1.425496364,Aurskog-Høland,1.1695514,Aurskog-Høland,0,0,Aurskog-Høland,0,0,Aurskog-Høland,0,0,Aurskog-Høland,0,0,5.9,9.3,Aurskog-Høland,8751,493,semi-urban,114,114,1.426305076,1.302891791,1.554688854
115,3027,RÃ¦lingen,739,250.2194622,2.953407355,Rælingen,1.610651763,Rælingen,0,0.5685,Rælingen,2.15323,0.052527273,Rælingen,0.142239091,0.001754545,Rælingen,4.275130909,0,10.8,6.363636364,Rælingen,9406,739,semi-urban,115,115,2.954173959,2.744574751,3.170685431
116,3028,Enebakk,0,155.3233672,0,Enebakk,1.846879894,Enebakk,0,0,Enebakk,0,0,Enebakk,0,0,Enebakk,0,0,6.9,7.418181818,Enebakk,5690,0,semi-urban,116,116,0.00544816,0.000103548,0.025403685
117,3029,LÃ¸renskog,768,635.8601732,1.207812712,Lørenskog,1.799978325,Lørenskog,0,0,Lørenskog,0,0,Lørenskog,0.231,0.595,Lørenskog,0,0,14.1,7.536363636,Lørenskog,20962,768,urban,117,117,1.208567206,1.124441916,1.295419156
118,3030,LillestrÃ¸m,718,1349.369137,0.532100505,Lillestrøm,1.243048668,Lillestrøm,4.557777778,0.012922222,Lillestrøm,0.364466667,1.212333333,Lillestrøm,0.005155556,0.018533333,Lillestrøm,0.003266667,0.0107,12,7,Lillestrøm,43464,718,urban,118,118,0.532549095,0.494233709,0.57214408
119,3031,Nittedal,44,367.8936434,0.119599783,Nittedal,1.440392532,Nittedal,0,0,Nittedal,0,0,Nittedal,0,0,Nittedal,0,0,8,5.836363636,Nittedal,12165,44,urban,119,119,0.12164567,0.088508813,0.159527016
120,3032,Gjerdrum,0,97.48917416,0,Gjerdrum,1.8677931,Gjerdrum,0,0,Gjerdrum,0,0,Gjerdrum,0,0,Gjerdrum,0,0,6.2,6.536363636,Gjerdrum,3571,0,semi-urban,120,120,0.008401339,0.000133283,0.040530888
121,3033,Ullensaker,637,521.8445598,1.220670002,Ullensaker,1.384736178,Ullensaker,0,0,Ullensaker,0,0,Ullensaker,0,0,Ullensaker,0,0,11.3,7.309090909,Ullensaker,20128,637,urban,121,121,1.221620065,1.128398376,1.318127113
122,3034,Nes,787,353.6067786,2.225636067,Nes,1.341896292,Nes,0,0,Nes,0,0,Nes,0,0,Nes,0,0,6.2,7.209090909,Nes,11653,787,urban,122,122,2.227111199,2.073945219,2.385187683
123,3035,Eidsvoll,639,372.1030105,1.717266408,Eidsvoll,1.628385609,Eidsvoll,0,0,Eidsvoll,0,0,Eidsvoll,0,0,Eidsvoll,0,0,7.2,8.209090909,Eidsvoll,12810,639,urban,123,123,1.718636047,1.587689729,1.85419049
124,3036,Nannestad,0,180.8861571,0,Nannestad,1.930890865,Nannestad,0,0,Nannestad,0,0,Nannestad,0,0,Nannestad,0,0,9,7.318181818,Nannestad,7260,0,semi-urban,124,124,0.004610773,8.33E-05,0.021703366
125,3037,Hurdal,0,61.50174803,0,Hurdal,1.394015956,Hurdal,0,0,Hurdal,0,0,Hurdal,0,0,Hurdal,0,0,5.2,10.38181818,Hurdal,1447,0,rural,125,125,0.000147705,2.63E-09,0.000991986
126,3038,Hole,866,122.0146145,7.097510437,Hole,1.035423922,Hole,0,0,Hole,0,0,Hole,0,0,Hole,0,0,4.5,8.336363636,Hole,3453,866,semi-urban,126,126,7.098989102,6.633174106,7.579122922
127,3039,FlÃ¥,0,31.76388248,0,Flå,1.174298562,Flå,0,0,Flå,0,0,Flå,0,0,Flå,0,0,6.3,11.91818182,Flå,545,0,rural,127,127,0.000195833,2.00E-09,0.001121706
128,3040,Nesbyen,0,87.86072522,0,Nesbyen,1.283278057,Nesbyen,0,0,Nesbyen,0,0,Nesbyen,0,0,Nesbyen,0,0,6.4,12.21818182,Nesbyen,1643,0,rural,128,128,0.000115873,2.73E-09,0.000818501
129,3041,Gol,453,113.4922579,3.991461693,Gol,1.785871918,Gol,0,0,Gol,0,0,Gol,0,0,Gol,0,0,6.8,10.88181818,Gol,2310,453,semi-urban,129,129,3.992752889,3.632660317,4.36806111
130,3042,Hemsedal,0,41.28384055,0,Hemsedal,1.296698496,Hemsedal,0,0,Hemsedal,0,0,Hemsedal,0,0,Hemsedal,0,0,5.4,13.10909091,Hemsedal,1318,0,rural,130,130,0.000138658,1.33E-09,0.000783497
131,3043,Ã…l,37,103.5772288,0.357221374,Ål,1.262701525,Ål,0.03907,0,Ål,0,0,Ål,0.03087,0,Ål,0.37268,0,7.4,11.44545455,Ål,2318,37,semi-urban,131,131,0.360684317,0.254116086,0.484157919
132,3044,Hol,326,106.3441714,3.065518268,Hol,1.434388376,Hol,0,0,Hol,0,0.00635,Hol,0,0,Hol,0,0.065,4.9,11.40909091,Hol,2238,326,semi-urban,132,132,3.067518927,2.742736601,3.408455591
133,3045,Sigdal,0,75.80931596,0,Sigdal,1.412315144,Sigdal,0,0,Sigdal,0,0,Sigdal,0,0,Sigdal,0,0,5.3,11.13636364,Sigdal,1781,0,rural,133,133,0.000170804,5.78E-09,0.001256382
134,3046,KrÃ¸dsherad,0,44.75554514,0,Krødsherad,1.106109656,Krødsherad,0,0,Krødsherad,0,0,Krødsherad,0,0,Krødsherad,0,0,5.1,11.50909091,Krødsherad,1130,0,rural,134,134,0.000200269,3.02E-09,0.001308926
135,3047,Modum,715,270.4417027,2.643823023,Modum,1.106442681,Modum,0,0,Modum,0,0,Modum,0,0,Modum,0,0,6.4,10.37272727,Modum,7122,715,semi-urban,135,135,2.644693148,2.453984392,2.841784086
136,3048,Ã˜vre Eiker,791,351.9415415,2.247532351,Øvre Eiker,1.429063408,Øvre Eiker,0,1.286283333,Øvre Eiker,0,3.3989,Øvre Eiker,0.033372727,1.282772727,Øvre Eiker,0,4.178809091,6.6,9.227272727,Øvre Eiker,9916,791,semi-urban,136,136,2.248305323,2.094048806,2.407497018
137,3049,Lier,735,453.2695663,1.621551621,Lier,1.519102392,Lier,0,0,Lier,0,0,Lier,0.098236364,0.053163636,Lier,0,0,9.9,7.945454545,Lier,13622,735,urban,137,137,1.622714851,1.507296803,1.741947757
138,3050,Flesberg,0,60.88455966,0,Flesberg,1.485537849,Flesberg,0,0,Flesberg,0,0,Flesberg,0,0,Flesberg,0,0,8,8.563636364,Flesberg,1402,0,rural,138,138,0.000204882,4.93E-09,0.001458845
139,3051,Rollag,0,38.15638544,0,Rollag,1.576274586,Rollag,0,0,Rollag,0,0,Rollag,0,0,Rollag,0,0,6.5,10.61818182,Rollag,706,0,rural,139,139,0.000239925,3.72E-09,0.001569209
140,3052,Nore og Uvdal,0,58.05005107,0,Nore og Uvdal,1.748739882,Nore og Uvdal,0,0,Nore og Uvdal,0,0,Nore og Uvdal,0,0,Nore og Uvdal,0,0,8.7,13.4,Nore og Uvdal,1271,0,rural,140,140,0.000135629,1.93E-09,0.000878812
141,3053,Jevnaker,945,127.8266811,7.392822778,Jevnaker,1.410386502,Jevnaker,0,0,Jevnaker,0,0,Jevnaker,0,0,Jevnaker,0,0,5.3,10.03636364,Jevnaker,3397,945,semi-urban,141,141,7.393973609,6.929245104,7.872434804
142,3054,Lunner,362,145.3453191,2.490620284,Lunner,1.536884986,Lunner,0,0,Lunner,0,0,Lunner,0,0,Lunner,0,0,6.5,7.754545455,Lunner,4560,362,semi-urban,142,142,2.492173736,2.241466501,2.754785925
143,3401,Kongsvinger,627,394.5650395,1.589091626,Kongsvinger,1.712079873,Kongsvinger,0,0,Kongsvinger,0,0.2696,Kongsvinger,0,0,Kongsvinger,0,0.7032,7.4,11.49090909,Kongsvinger,8763,627,semi-urban,143,143,1.58975643,1.467479449,1.716373918
144,3403,Hamar,678,650.8536184,1.041708889,Hamar,1.324579243,Hamar,0,0,Hamar,0.2719,0,Hamar,0,0,Hamar,0.5033,0,8,10.71818182,Hamar,15423,678,urban,144,144,1.042471168,0.965320905,1.122265305
145,3405,Lillehammer,517,584.0814017,0.885150595,Lillehammer,0.931730921,Lillehammer,0,0.00411,Lillehammer,0,2.666788889,Lillehammer,0,0.041781818,Lillehammer,0,0,10.5,10.37272727,Lillehammer,13863,517,urban,145,145,0.885951685,0.811064519,0.963775301
146,3407,GjÃ¸vik,710,587.153488,1.209223848,Gjøvik,1.740992992,Gjøvik,0.05357,0.06212,Gjøvik,0.129272727,0.786754545,Gjøvik,0.050581818,0.157427273,Gjøvik,0.394727273,1.457490909,9,11.34545455,Gjøvik,15383,710,urban,146,146,1.210048161,1.122502345,1.300532313
147,3411,Ringsaker,542,692.3836496,0.782803003,Ringsaker,1.691638438,Ringsaker,0,0,Ringsaker,0,0,Ringsaker,0,0,Ringsaker,0,0,5.8,9.954545455,Ringsaker,17576,542,urban,147,147,0.783608862,0.718889877,0.850798927
148,3412,LÃ¸ten,0,157.9797325,0,Løten,1.859591117,Løten,0,0,Løten,0,0,Løten,0,0,Løten,0,0,4.9,9.554545455,Løten,3897,0,semi-urban,148,148,0.00517751,9.14E-05,0.024487656
149,3413,Stange,530,415.8176217,1.274597257,Stange,1.553182466,Stange,0,0.049011111,Stange,0,0.045344444,Stange,0,0,Stange,0,0,6.2,10.11818182,Stange,10579,530,urban,149,149,1.275841979,1.169304371,1.386498753
150,3414,Nord-Odal,0,128.0666126,0,Nord-Odal,1.332474313,Nord-Odal,0,0,Nord-Odal,0,0,Nord-Odal,0,0,Nord-Odal,0,0,4.1,10.4,Nord-Odal,2558,0,semi-urban,150,150,0.00647011,0.000119929,0.03030004
151,3415,SÃ¸r-Odal,717,145.2094916,4.937693755,Sør-Odal,1.785018516,Sør-Odal,0,0,Sør-Odal,0,0,Sør-Odal,0,0,Sør-Odal,0,0,5.6,9.581818182,Sør-Odal,3952,717,semi-urban,151,151,4.938965134,4.583293143,5.306526313
152,3416,Eidskog,695,149.7870745,4.639919716,Eidskog,1.398805701,Eidskog,0,0,Eidskog,0,0,Eidskog,0,0,Eidskog,0,0.148954545,4,13.86363636,Eidskog,3063,695,semi-urban,152,152,4.641067352,4.301683747,4.99195453
153,3417,Grue,561,129.3183221,4.338132376,Grue,1.619470007,Grue,14.86835455,0.169018182,Grue,3.733227273,0.289936364,Grue,0.0276,0,Grue,0.056922222,0,4.7,14.46363636,Grue,2283,561,semi-urban,153,153,4.340109118,3.987549363,4.705874442
154,3418,Ã…snes,792,207.4257914,3.818232992,Åsnes,1.695602667,Åsnes,0,0,Åsnes,0,0,Åsnes,0,0,Åsnes,0,0,4.3,13.54545455,Åsnes,3623,792,semi-urban,154,154,3.819050387,3.557173163,4.089300565
155,3419,VÃ¥ler,0,100.3488259,0,Våler,1.68815319,Våler,0,0,Våler,0,0,Våler,0,0,Våler,0,0,4.9,11.7,Våler (Innlandet),1854,0,rural,155,155,0.000104501,2.45E-09,0.000742209
156,3420,Elverum,676,411.4043798,1.643152171,Elverum,2.257962472,Elverum,0,0,Elverum,0.09752,0,Elverum,0.05176,0,Elverum,0.32257,0,7.1,10.23636364,Elverum,10415,676,urban,156,156,1.644317807,1.52244742,1.770370073
157,3421,Trysil,572,191.9487379,2.979962287,Trysil,1.929427786,Trysil,0,0,Trysil,0,0,Trysil,0,0,Trysil,0,0,5.7,13.51818182,Trysil,3409,572,semi-urban,157,157,2.980685788,2.740842854,3.22941384
158,3422,Ã…mot,0,99.52241303,0,Åmot,1.584165186,Åmot,0,0,Åmot,0,0,Åmot,0,0,Åmot,0,0,7.2,13.87272727,Åmot,2288,0,semi-urban,158,158,0.007073196,8.11E-05,0.036127192
159,3423,Stor-Elvdal,0,77.33781604,0,Stor-Elvdal,1.104115202,Stor-Elvdal,0,0,Stor-Elvdal,0,0,Stor-Elvdal,0,0,Stor-Elvdal,0,0,8.6,17.43636364,Stor-Elvdal,1238,0,rural,159,159,6.14E-05,2.96E-10,0.000305755
160,3424,Rendalen,0,64.03459017,0,Rendalen,1.354032175,Rendalen,0,0,Rendalen,0,0,Rendalen,0,0,Rendalen,0,0,4.5,14.50909091,Rendalen,908,0,rural,160,160,9.85E-05,1.02E-09,0.000591261
161,3425,Engerdal,0,35.01496781,0,Engerdal,1.855045962,Engerdal,0,0,Engerdal,0,0,Engerdal,0,0,Engerdal,0,0,8.3,15.68181818,Engerdal,646,0,rural,161,161,0.000111671,4.42E-10,0.000485613
162,3426,Tolga,0,33.47705232,0,Tolga,1.251655883,Tolga,0,0,Tolga,0,0,Tolga,0,0,Tolga,0,0,11,14.31818182,Tolga,814,0,rural,162,162,9.46E-05,3.04E-10,0.000368963
163,3427,Tynset,392,119.7577604,3.273274306,Tynset,1.801069747,Tynset,0,0,Tynset,0,0,Tynset,0,0,Tynset,0,0,6.7,10.7,Tynset,2795,392,semi-urban,163,163,3.274264764,2.957442822,3.605614192
164,3428,Alvdal,0,48.04140315,0,Alvdal,1.092750747,Alvdal,0,0,Alvdal,0,0,Alvdal,0,0,Alvdal,0,0,8.3,9.918181818,Alvdal,1244,0,rural,164,164,0.000108896,7.51E-10,0.000559327
165,3429,Folldal,0,48.33889678,0,Folldal,1.3168563,Folldal,0,0,Folldal,0,0,Folldal,0,0,Folldal,0,0,8.3,13.10909091,Folldal,798,0,rural,165,165,8.22E-05,5.46E-10,0.000401566
166,3430,Os,0,48.31284403,0,Os,1.434610238,Os,0,0,Os,0,0,Os,0,0,Os,0,0,7.6,12.3,Os,974,0,rural,166,166,9.94E-05,7.53E-10,0.000520907
167,3431,Dovre,0,77.48493124,0,Dovre,1.047512356,Dovre,0,0,Dovre,0,0,Dovre,0,0,Dovre,0,0,6.8,12.62727273,Dovre,1293,0,rural,167,167,7.43E-05,7.29E-10,0.000431753
168,3432,Lesja,0,50.44456996,0,Lesja,1.453919813,Lesja,0,0,Lesja,0,0,Lesja,0,0,Lesja,0,0,6.5,11.59090909,Lesja,1028,0,rural,168,168,0.000100235,9.17E-10,0.000547493
169,3433,SkjÃ¥k,0,63.56521247,0,Skjåk,1.759133635,Skjåk,0,0,Skjåk,0,0,Skjåk,0,0,Skjåk,0,0,5.9,12.11818182,Skjåk,1104,0,rural,169,169,9.72E-05,9.97E-10,0.000570972
170,3434,Lom,0,61.24159485,0,Lom,2.029017995,Lom,0,0,Lom,0,0,Lom,0,0,Lom,0,0,5.3,12.31818182,Lom,1164,0,rural,170,170,0.000113913,1.11E-09,0.000684162
171,3435,VÃ¥gÃ¥,0,95.2281472,0,Vågå,1.313470375,Vågå,0,0,Vågå,0,0,Vågå,0,0,Vågå,0,0,4.8,12.1,Vågå,1797,0,rural,171,171,8.15E-05,1.35E-09,0.000540566
172,3436,Nord-Fron,0,154.2577715,0,Nord-Fron,2.071073722,Nord-Fron,0,0,Nord-Fron,0,0,Nord-Fron,0,0,Nord-Fron,0,0,7.1,12.82727273,Nord-Fron,2877,0,semi-urban,172,172,0.004803677,6.26E-05,0.023988573
173,3437,Sel,0,146.3327027,0,Sel,1.112247644,Sel,0,0,Sel,0,0,Sel,0,0,Sel,0,0,8.1,13.17272727,Sel,2886,0,semi-urban,173,173,0.00481853,5.64E-05,0.024529009
174,3438,SÃ¸r-Fron,0,76.81296255,0,Sør-Fron,2.494618848,Sør-Fron,0,0,Sør-Fron,0,0,Sør-Fron,0,0,Sør-Fron,0,0,4.8,13.21818182,Sør-Fron,1599,0,rural,174,174,0.000112639,9.79E-10,0.000704394
175,3439,Ringebu,0,117.1886476,0,Ringebu,1.182941847,Ringebu,0,0,Ringebu,0,0,Ringebu,0,0,Ringebu,0,0,5.9,13.65454545,Ringebu,2206,0,semi-urban,175,175,0.006081078,7.13E-05,0.030941474
176,3440,Ã˜yer,0,113.2127926,0,Øyer,1.112952385,Øyer,0,0,Øyer,0,0,Øyer,0,0,Øyer,0,0,5.3,11.54545455,Øyer,2577,0,semi-urban,176,176,0.006535289,8.60E-05,0.032623688
177,3441,Gausdal,0,146.4484155,0,Gausdal,1.488157563,Gausdal,0,0,Gausdal,0,0,Gausdal,0,0,Gausdal,0,0,5.9,10.99090909,Gausdal,3115,0,semi-urban,177,177,0.005204688,7.81E-05,0.025388669
178,3442,Ã˜stre Toten,528,337.08403,1.566375007,Østre Toten,1.92889829,Østre Toten,0,0,Østre Toten,0,0,Østre Toten,0,0,Østre Toten,0,0,4.9,10.85454545,Østre Toten,7519,528,semi-urban,178,178,1.56713231,1.436003324,1.703343608
179,3443,Vestre Toten,454,285.6177852,1.589536869,Vestre Toten,1.385728155,Vestre Toten,0.096666667,0,Vestre Toten,0.333454545,0.187972727,Vestre Toten,0.161454545,8.00E-04,Vestre Toten,0.084163636,1.908809091,4.4,8.481818182,Vestre Toten,6852,454,semi-urban,179,179,1.590534631,1.4472638,1.739850277
180,3446,Gran,373,288.5692904,1.292583835,Gran,1.605575479,Gran,0,0,Gran,0,0,Gran,0,0,Gran,0,0,5.5,10.17272727,Gran,6841,373,semi-urban,180,180,1.293559026,1.165332874,1.427793801
181,3447,SÃ¸ndre Land,33,123.4200728,0.267379521,Søndre Land,0.982090361,Søndre Land,0,0,Søndre Land,0,0,Søndre Land,0,0,Søndre Land,0,0,6.3,11.35454545,Søndre Land,2864,33,semi-urban,181,181,0.270454585,0.186363273,0.36878244
182,3448,Nordre Land,0,142.4263931,0,Nordre Land,1.799759382,Nordre Land,0,0,Nordre Land,0,0,Nordre Land,0,0,Nordre Land,0,0,5.9,12.69090909,Nordre Land,3283,0,semi-urban,182,182,0.005431359,8.44E-05,0.026311802
183,3449,SÃ¸r-Aurdal,0,86.55145347,0,Sør-Aurdal,1.627729743,Sør-Aurdal,0,0,Sør-Aurdal,0,0,Sør-Aurdal,0,0,Sør-Aurdal,0,0,6.3,14.34545455,Sør-Aurdal,1525,0,rural,183,183,9.44E-05,1.62E-09,0.000634482
184,3450,Etnedal,0,41.03299571,0,Etnedal,2.459255944,Etnedal,0,0,Etnedal,0,0,Etnedal,0,0,Etnedal,0,0,7.4,19.5,Etnedal,667,0,rural,184,184,0.000157692,3.12E-10,0.000663216
185,3451,Nord-Aurdal,0,134.7788103,0,Nord-Aurdal,2.386135161,Nord-Aurdal,0,0,Nord-Aurdal,0,0,Nord-Aurdal,0,0,Nord-Aurdal,0,0,6.3,12.38181818,Nord-Aurdal,3210,0,semi-urban,185,185,0.005834921,8.76E-05,0.028411956
186,3452,Vestre Slidre,0,50.60505927,0,Vestre Slidre,1.643930213,Vestre Slidre,0,0,Vestre Slidre,0,0,Vestre Slidre,0,0,Vestre Slidre,0,0,8.2,12.42727273,Vestre Slidre,1088,0,rural,186,186,0.0001013,7.80E-10,0.000538614
187,3453,Ã˜ystre Slidre,0,66.50810488,0,Øystre Slidre,1.460639444,Øystre Slidre,0,0,Øystre Slidre,0,0,Øystre Slidre,0,0,Øystre Slidre,0,0,4.8,11.05454545,Øystre Slidre,1647,0,rural,187,187,0.00010657,1.46E-09,0.000671047
188,3454,Vang,0,41.96848787,0,Vang,1.014704602,Vang,0,0,Vang,0,0,Vang,0,0,Vang,0,0,7.4,14.12727273,Vang,831,0,rural,188,188,9.98E-05,6.17E-10,0.00048579
189,3801,Horten,745,552.3269346,1.348838801,Horten,1.166633372,Horten,0,0,Horten,0,0.001,Horten,0,0,Horten,0,0.03726,10.5,10.26363636,Horten,13693,745,urban,189,189,1.349778904,1.254409717,1.448281255
190,3802,Holmestrand,961,451.2005381,2.129873347,Holmestrand,1.302495866,Holmestrand,0.031818182,1.659545455,Holmestrand,0.315454545,1.292909091,Holmestrand,0.017272727,3.013727273,Holmestrand,0.586363636,7.1,5.9,8,Holmestrand,12477,961,urban,190,190,2.131109495,1.998287183,2.267820034
191,3803,TÃ¸nsberg,818,1005.134559,0.813821386,Tønsberg,1.087703229,Tønsberg,0.10641,1.20703,Tønsberg,0.100581818,5.727254545,Tønsberg,0.10469,0.03811,Tønsberg,0.1133,25.61895,7.2,9.2,Tønsberg,28071,818,urban,191,191,0.814419597,0.759468273,0.871102194
192,3804,Sandefjord,881,1187.039288,0.74218268,Sandefjord,0.992806321,Sandefjord,0,0.004233333,Sandefjord,0,0.01856,Sandefjord,0,0.00751,Sandefjord,0,9.191654545,7.7,10.53333333,Sandefjord,31997,881,urban,192,192,0.742689428,0.694377774,0.792474616
193,3805,Larvik,1020,977.4215869,1.043561973,Larvik,1.023072219,Larvik,0.33,0,Larvik,0.315,0.05399,Larvik,0.076363636,0,Larvik,1.925,0.01433,6.3,10.3,Larvik,23654,1020,urban,193,193,1.044191203,0.980989953,1.109183589
194,3806,Porsgrunn,796,705.7223437,1.127922344,Porsgrunn,1.003515492,Porsgrunn,1.488081818,1.873454545,Porsgrunn,32.44169091,2.953627273,Porsgrunn,1.458636364,0.121328273,Porsgrunn,27.01754545,45.03283636,7.3,10.12727273,Porsgrunn,18105,796,urban,194,194,1.128973759,1.051774896,1.208635096
195,3807,Skien,864,1026.460324,0.841727614,Skien,1.505389421,Skien,0.160454545,0.044727273,Skien,0.379090909,0.283909091,Skien,0,0.066818182,Skien,0.502727273,2.649181818,8.4,10.79090909,Skien,27314,864,urban,195,195,0.842344883,0.787022325,0.899369398
196,3808,Notodden,785,287.8872109,2.726762323,Notodden,1.340797807,Notodden,0,0,Notodden,0,0,Notodden,0,0,Notodden,0,0.439590909,8,11.53636364,Notodden,6586,785,semi-urban,196,196,2.727613566,2.539765,2.9214912
197,3811,FÃ¦rder,964,562.8410168,1.712739426,Færder,1.429115054,Færder,0,0,Færder,0,0,Færder,0,0,Færder,0,0,5.7,9.3,Færder,13166,964,urban,197,197,1.713748037,1.607101554,1.823511034
198,3812,Siljan,0,47.4268896,0,Siljan,1.228243884,Siljan,0,0,Siljan,0,0,Siljan,0,0,Siljan,0,0,4.6,7.3,Siljan,1200,0,rural,198,198,0.000340173,8.85E-09,0.00246782
199,3813,Bamble,793,292.1761271,2.714116338,Bamble,1.117378925,Bamble,0,0,Bamble,0,0.321714286,Bamble,0,0,Bamble,0,30.901,7.1,8.545454545,Bamble,7075,793,semi-urban,199,199,2.715067563,2.529020303,2.907060524
200,3814,KragerÃ¸,850,242.4308624,3.506154256,Kragerø,1.201592902,Kragerø,0,1.608363636,Kragerø,0,0.683909091,Kragerø,0,0.130727273,Kragerø,0,1.349363636,5.4,12.39090909,Kragerø,5194,850,semi-urban,200,200,3.507306687,3.275052961,3.746757134
201,3815,Drangedal,52,93.47159179,0.55631876,Drangedal,1.182569125,Drangedal,0,0,Drangedal,0,0,Drangedal,0,0,Drangedal,0,0,5.8,12.56363636,Drangedal,2069,52,semi-urban,201,201,0.56070838,0.418771427,0.721272629
202,3816,Nome,832,141.0108239,5.900256285,Nome,1.213072821,Nome,0.106,0,Nome,1.179,0,Nome,0.011,0,Nome,0.472,0,5.3,11.37272727,Nome,3311,832,semi-urban,202,202,5.901868772,5.506889235,6.309204792
203,3817,Midt-Telemark,883,202.5066339,4.360350982,Midt-Telemark,1.295554792,Midt-Telemark,0,0,Midt-Telemark,0,0,Midt-Telemark,0,0,Midt-Telemark,0,0,10.2,13.6,Midt-Telemark,5313,883,semi-urban,203,203,4.361155908,4.077719909,4.653228451
204,3818,Tinn,814,123.2702828,6.603375783,Tinn,1.664079172,Tinn,0,0,Tinn,0,0,Tinn,0,0,Tinn,0,0,6,11.81818182,Tinn,2808,814,semi-urban,204,204,6.604838569,6.158010195,7.065781662
205,3819,Hjartdal,0,38.40514387,0,Hjartdal,1.422747905,Hjartdal,0,0,Hjartdal,0,0,Hjartdal,0,0,Hjartdal,0,0,6.5,12.63636364,Hjartdal,799,0,rural,205,205,0.000254266,3.67E-09,0.001693371
206,3820,Seljord,0,67.96042606,0,Seljord,1.237778335,Seljord,0,0,Seljord,0,0,Seljord,0,0,Seljord,0,0,6.6,11.44545455,Seljord,1447,0,rural,206,206,0.000203903,6.81E-09,0.001512173
207,3821,Kviteseid,0,49.50779391,0,Kviteseid,1.450013464,Kviteseid,0,0,Kviteseid,0,0,Kviteseid,0,0,Kviteseid,0,0,5.5,12.26363636,Kviteseid,1235,0,rural,207,207,0.000260506,7.18E-09,0.001893873
208,3822,Nissedal,0,29.77461758,0,Nissedal,1.655720792,Nissedal,0,0,Nissedal,0,0,Nissedal,0,0,Nissedal,0,0,6.2,11.52727273,Nissedal,730,0,rural,208,208,0.000346248,5.63E-09,0.002318385
209,3823,Fyresdal,0,32.56295873,0,Fyresdal,1.563124873,Fyresdal,0,0,Fyresdal,0,0,Fyresdal,0,0,Fyresdal,0,0,6.8,11.40909091,Fyresdal,658,0,rural,209,209,0.000304435,5.09E-09,0.002036743
210,3824,Tokke,0,54.68394841,0,Tokke,1.163309894,Tokke,0,0,Tokke,0,0,Tokke,0,0,Tokke,0,0,6.8,10.16363636,Tokke,1127,0,rural,210,210,0.000246076,7.04E-09,0.001793267
211,3825,Vinje,0,79.51442552,0,Vinje,1.671413052,Vinje,0,0,Vinje,0,0,Vinje,0,0,Vinje,0,0,7.3,11.08181818,Vinje,1866,0,rural,211,211,0.000184073,6.84E-09,0.0013704
212,4201,RisÃ¸r,881,154.7486548,5.693102801,Risør,1.27177065,Risør,0,0,Risør,0,0,Risør,0,0,Risør,0,0,6.2,12.51818182,Risør,3432,881,semi-urban,212,212,5.694562305,5.324063063,6.076363892
213,4202,Grimstad,781,396.8683823,1.96790683,Grimstad,1.280096736,Grimstad,0,0,Grimstad,0,0,Grimstad,0,0,Grimstad,0,0,8.6,10.10909091,Grimstad,11853,781,urban,213,213,1.969324497,1.833377722,2.109643307
214,4203,Arendal,896,822.2727255,1.0896628,Arendal,1.193583804,Arendal,0,0.867236364,Arendal,0,39.78742727,Arendal,0,0.502672727,Arendal,0,283.9907545,6.2,10,Arendal,22487,896,urban,214,214,1.090155238,1.019829409,1.162609752
215,4204,Kristiansand,929,1735.76356,0.535211144,Kristiansand,1.264244642,Kristiansand,294.6499091,168.1636364,Kristiansand,0.956,5.136363636,Kristiansand,1.489272727,1.772727273,Kristiansand,1251.273636,1344.390909,9.5,9.2,Kristiansand,55859,929,urban,215,215,0.535489485,0.501553258,0.570437029
216,4205,Lindesnes,836,403.0802812,2.074028522,Lindesnes,1.637900004,Lindesnes,0,0,Lindesnes,0,0,Lindesnes,0,0,Lindesnes,0,0,6.1,10.3,Lindesnes,11575,836,urban,216,216,2.075518588,1.936968828,2.218392999
217,4206,Farsund,961,212.8475481,4.514968617,Farsund,1.468533632,Farsund,4.198181818,29.67272727,Farsund,4.237090909,16.17272727,Farsund,2.008,3.772727273,Farsund,48.39454545,98.23636364,4.8,9.718181818,Farsund,4907,961,semi-urban,217,217,4.516242387,4.234740461,4.805987015
218,4207,Flekkefjord,1133,207.133059,5.469913907,Flekkefjord,1.206088094,Flekkefjord,0,0,Flekkefjord,0,0,Flekkefjord,0,0,Flekkefjord,0,0,6.4,9.890909091,Flekkefjord,4628,1133,semi-urban,218,218,5.471149915,5.156627174,5.794091889
219,4211,Gjerstad,0,57.98585535,0,Gjerstad,1.302893678,Gjerstad,0,0,Gjerstad,0,0,Gjerstad,0,0,Gjerstad,0,0,7.1,12,Gjerstad,1247,0,rural,219,219,0.000249132,6.71E-09,0.001836365
220,4212,VegÃ¥rshei,0,31.66165084,0,Vegårshei,1.388770477,Vegårshei,0,0,Vegårshei,0,0,Vegårshei,0,0,Vegårshei,0,0,7.2,11.3,Vegårshei,1064,0,rural,220,220,0.000329751,5.00E-09,0.002201195
221,4213,Tvedestrand,863,125.9556968,6.851615463,Tvedestrand,1.247459547,Tvedestrand,0,0,Tvedestrand,0,0,Tvedestrand,0,0,Tvedestrand,0,0,5.2,10.71818182,Tvedestrand,3069,863,semi-urban,221,221,6.853426937,6.40296467,7.317757865
222,4214,Froland,0,84.15315496,0,Froland,1.385018634,Froland,0,0,Froland,0,0,Froland,0,0,Froland,0,0,5.9,8.854545455,Froland,3043,0,semi-urban,222,222,0.010533438,0.000206749,0.048772975
223,4215,Lillesand,1063,200.2452326,5.308490924,Lillesand,1.219442933,Lillesand,3.841818182,0.050709091,Lillesand,14.49,2.723154545,Lillesand,0.844545455,0.003481818,Lillesand,38.32090909,22.15751818,7.8,7.636363636,Lillesand,5582,1063,semi-urban,223,223,5.310098526,4.995115178,5.633811084
224,4216,Birkenes,0,91.64688197,0,Birkenes,1.384533942,Birkenes,0,0.001,Birkenes,0,0.00488,Birkenes,0,1.00E-04,Birkenes,0,0.0615,6.5,9.272727273,Birkenes,2687,0,semi-urban,224,224,0.009622363,0.000187385,0.044615025
225,4217,Ã…mli,0,40.79365268,0,Åmli,1.599817284,Åmli,0,0,Åmli,0,0,Åmli,0,0,Åmli,0,0,8.9,12.04545455,Åmli,949,0,rural,225,225,0.000243936,3.54E-09,0.001620531
226,4218,Iveland,0,19.22635112,0,Iveland,1.053341945,Iveland,0,0,Iveland,0,0,Iveland,0,0,Iveland,0,0,7,8.609090909,Iveland,687,0,rural,226,226,0.000516908,4.46E-09,0.00302197
227,4219,Evje og Hornnes,0,82.04132961,0,Evje og Hornnes,1.200159868,Evje og Hornnes,0,0,Evje og Hornnes,0,0,Evje og Hornnes,0,0,Evje og Hornnes,0,0,5.4,8.663636364,Evje og Hornnes,1882,0,rural,227,227,0.000293785,1.95E-08,0.002258441
228,4220,Bygland,0,26.45933654,0,Bygland,1.384254719,Bygland,0,0,Bygland,0,0,Bygland,0,0,Bygland,0,0,5.2,9.645454545,Bygland,605,0,rural,228,228,0.00041836,8.02E-09,0.002839684
229,4221,Valle,0,29.41084182,0,Valle,1.382552245,Valle,0,0,Valle,0,0,Valle,0,0,Valle,0,0,5.9,11.49090909,Valle,594,0,rural,229,229,0.000336749,5.59E-09,0.002247542
230,4222,Bykle,0,14.26011661,0,Bykle,1.27033183,Bykle,0,0,Bykle,0,0,Bykle,0,0,Bykle,0,0,7.4,8.6,Bykle,502,0,rural,230,230,0.000508813,4.62E-09,0.002809777
231,4223,Vennesla,938,216.2173423,4.338227407,Vennesla,1.422731691,Vennesla,0,0,Vennesla,0,0,Vennesla,0,0,Vennesla,0,0,7,9.845454545,Vennesla,7467,938,semi-urban,231,231,4.339408663,4.065682674,4.621255276
232,4224,Ã…seral,0,14.67936816,0,Åseral,1.440069096,Åseral,0,0,Åseral,0,0,Åseral,0,0,Åseral,0,0,4.5,12.81818182,Åseral,473,0,rural,232,232,0.000550051,4.95E-09,0.003171623
233,4225,Lyngdal,818,175.9691391,4.648542376,Lyngdal,1.60890031,Lyngdal,0,0,Lyngdal,0,0,Lyngdal,0,0,Lyngdal,0,0,6.6,9.2,Lyngdal,5236,818,semi-urban,233,233,4.65006581,4.336252901,4.973768184
234,4226,HÃ¦gebostad,0,30.6432392,0,Hægebostad,1.410420445,Hægebostad,0,0,Hægebostad,0,0,Hægebostad,0,0,Hægebostad,0,0,5.5,9.054545455,Hægebostad,869,0,rural,234,234,0.000466546,9.12E-09,0.003282368
235,4227,Kvinesdal,719,114.8892104,6.25820299,Kvinesdal,1.136668872,Kvinesdal,11.40092727,5.263636364,Kvinesdal,14.475,8.414545455,Kvinesdal,11.77627273,1.503636364,Kvinesdal,10.23222222,12.12222222,6.4,11.61818182,Kvinesdal,3018,719,semi-urban,235,235,6.262968998,5.812652914,6.72831217
236,4228,Sirdal,0,40.27543272,0,Sirdal,1.119868021,Sirdal,0,0,Sirdal,0,0,Sirdal,0,0,Sirdal,0,0,6.2,8.972727273,Sirdal,941,0,rural,236,236,0.000342616,9.53E-09,0.002479141
237,4601,Bergen,860,4482.421373,0.191860588,Bergen,1.149968529,Bergen,0.318181818,0.071636364,Bergen,0.540909091,0.268709091,Bergen,0.219090909,0.080181818,Bergen,1.128181818,0.218454545,13.2,10.12727273,Bergen,142871,860,urban,237,237,0.192013778,0.179374415,0.205042666
238,4602,Kinn,641,313.7757406,2.042860289,Kinn,1.003526726,Kinn,0,0,Kinn,0,0,Kinn,0,0,Kinn,0,0,7.1,10.1,Kinn,8835,641,semi-urban,238,238,2.0434198,1.887933976,2.204371141
239,4611,Etne,0,98.08474983,0,Etne,1.79220579,Etne,0,0,Etne,0,0,Etne,0,0,Etne,0,0,4.3,10.19090909,Etne,2122,0,semi-urban,239,239,0.009128287,0.000188808,0.041798281
240,4612,Sveio,0,90.5396128,0,Sveio,1.736026339,Sveio,0,0,Sveio,0,0,Sveio,0,0,Sveio,0,0,6.7,8.690909091,Sveio,3016,0,semi-urban,240,240,0.009408009,0.000146813,0.045418068
241,4613,BÃ¸mlo,54,200.292791,0.26960531,Bømlo,1.588731493,Bømlo,0,0,Bømlo,0,0,Bømlo,0,0,Bømlo,0,0,6.5,8.881818182,Bømlo,6157,54,semi-urban,241,241,0.271324989,0.203797263,0.34753786
242,4614,Stord,672,314.1523021,2.139089848,Stord,1.294794031,Stord,0,0.19115,Stord,0,0.2804375,Stord,0,0.017571429,Stord,0,0,7.5,7.809090909,Stord,9533,672,semi-urban,242,242,2.139689638,1.980613358,2.304239622
243,4615,Fitjar,0,48.10164017,0,Fitjar,1.577869225,Fitjar,0,0,Fitjar,0,0,Fitjar,0,0,Fitjar,0,0,7.2,8.381818182,Fitjar,1638,0,rural,243,243,0.00010218,2.93E-10,0.000436717
244,4616,Tysnes,0,75.91491789,0,Tysnes,1.441148059,Tysnes,0,0,Tysnes,0,0,Tysnes,0,0,Tysnes,0,0,5.8,11.95454545,Tysnes,1449,0,rural,244,244,9.50E-05,4.97E-10,0.000515824
245,4617,Kvinnherad,842,309.8168973,2.717734273,Kvinnherad,1.361778255,Kvinnherad,27.9424,0.64501,Kvinnherad,7.377454545,0.120318182,Kvinnherad,2.9904,0.045,Kvinnherad,343.1518,16.74122,5.5,8.7,Kvinnherad,6612,842,semi-urban,245,245,2.718964482,2.53807948,2.905477977
246,4618,Ullensvang,786,279.2585569,2.814595938,Ullensvang,1.530205013,Ullensvang,1.586181818,164.4986545,Ullensvang,34.52390909,49.39344545,Ullensvang,16.04327273,29.34758182,Ullensvang,24.13614545,17.68465455,7.3,10.5,Ullensvang,5589,786,semi-urban,246,246,2.817047306,2.623202191,3.017110781
247,4619,Eidfjord,0,17.08858008,0,Eidfjord,1.35422904,Eidfjord,0,0,Eidfjord,0,0,Eidfjord,0,0,Eidfjord,0,0,5,9.390909091,Eidfjord,445,0,rural,247,247,0.000411329,3.93E-09,0.002285905
248,4620,Ulvik,0,33.28109486,0,Ulvik,1.555080415,Ulvik,0,0,Ulvik,0,0,Ulvik,0,0,Ulvik,0,0,11.5,11.17272727,Ulvik,555,0,rural,248,248,0.000175973,1.01E-09,0.000888335
249,4621,Voss,834,340.4535029,2.449673723,Voss,1.798386344,Voss,0,0,Voss,0,0,Voss,0,0,Voss,0,0,7.7,10.4,Voss,7850,834,semi-urban,249,249,2.450369517,2.286575667,2.619281603
250,4622,Kvam,762,207.252035,3.676682837,Kvam,1.358424371,Kvam,22.96363636,0.195545455,Kvam,38.57272727,0.784818182,Kvam,0.231818182,0.008527273,Kvam,257.5545455,0,6.6,9.409090909,Kvam,4301,762,semi-urban,250,250,3.678860084,3.42178072,3.944300957
251,4623,Samnanger,0,51.68766663,0,Samnanger,1.649319139,Samnanger,0,0,Samnanger,0,0,Samnanger,0,0,Samnanger,0,0,6.9,9.209090909,Samnanger,1307,0,rural,251,251,0.00022306,3.90E-09,0.001530305
252,4624,BjÃ¸rnafjorden,937,407.9135772,2.297055191,Bjørnafjorden,1.68372355,Bjørnafjorden,0,0,Bjørnafjorden,0,0,Bjørnafjorden,0,0,Bjørnafjorden,0,0,7.5,8.4,Bjørnafjorden,12639,937,urban,252,252,2.29837938,2.153341705,2.447721411
253,4625,Austevoll,0,92.17312639,0,Austevoll,1.852800764,Austevoll,0,0,Austevoll,0,0,Austevoll,0,0,Austevoll,0,0,7,8.654545455,Austevoll,2698,0,semi-urban,253,253,0.007504637,6.26E-05,0.040105593
254,4626,Ã˜ygarden,458,517.3229341,0.885327075,Øygarden,1.01996901,Øygarden,0.032854545,0.491790909,Øygarden,0.109509091,3.188181818,Øygarden,0.026180364,0.026027273,Øygarden,0.177963636,6.872918182,8,7.6,Øygarden,19552,458,urban,254,254,0.886246734,0.806769654,0.969059957
255,4627,AskÃ¸y,457,412.2067732,1.108666887,Askøy,1.233294782,Askøy,0,0,Askøy,0,0.401428571,Askøy,0.006027273,0.189854545,Askøy,0,1.343,7.4,6.336363636,Askøy,14987,457,urban,255,255,1.109826111,1.010192089,1.213647714
256,4628,Vaksdal,682,98.7707881,6.904875552,Vaksdal,1.71144015,Vaksdal,0,0,Vaksdal,0,0.125333333,Vaksdal,0,0.001666667,Vaksdal,0,0,9.3,10.97272727,Vaksdal,2007,682,semi-urban,256,256,6.905952117,6.396210183,7.433118491
257,4629,Modalen,0,7.989959986,0,Modalen,1.972187143,Modalen,0,0,Modalen,0,0,Modalen,0,0,Modalen,0,0,10.6,7.8,Modalen,201,0,rural,257,257,0.000414743,9.26E-10,0.001338606
258,4630,OsterÃ¸y,816,168.6437118,4.83860318,Osterøy,1.144379046,Osterøy,0,0,Osterøy,0,0,Osterøy,0,0,Osterøy,0,0,7.2,8.563636364,Osterøy,4169,816,semi-urban,258,258,4.839914606,4.512887145,5.177260202
259,4631,Alver,773,507.0461617,1.524516027,Alver,1.034322547,Alver,0.159090909,15.17986364,Alver,9.714545455,41.50977273,Alver,0,0.276618182,Alver,44.94545455,64.42575455,7.2,7.8,Alver,14967,773,urban,259,259,1.525522033,1.419677081,1.634786871
260,4632,Austrheim,0,70.10820092,0,Austrheim,0.992508303,Austrheim,0,0,Austrheim,0,0,Austrheim,0,0,Austrheim,0,0,8.1,8.863636364,Austrheim,1507,0,rural,260,260,0.000184876,1.01E-09,0.001098587
261,4633,Fedje,0,16.61781145,0,Fedje,1.000184504,Fedje,0,0,Fedje,0,0,Fedje,0,0,Fedje,0,0,6.2,9,Fedje,269,0,rural,261,261,0.000255787,4.66E-10,0.000833022
262,4634,Masfjorden,0,45.5104333,0,Masfjorden,1.407634365,Masfjorden,0,0,Masfjorden,0,0,Masfjorden,0,0,Masfjorden,0,0,5.2,10.30909091,Masfjorden,855,0,rural,262,262,0.000172293,1.75E-09,0.001039413
263,4635,Gulen,0,56.27070616,0,Gulen,1.374779858,Gulen,0.000409091,0.776563636,Gulen,0.001745455,4.040981818,Gulen,0.158309091,0.025609091,Gulen,0.006336364,12.43030909,7.7,12.88181818,Gulen,1163,0,rural,263,263,0.000108273,7.04E-10,0.000595502
264,4636,Solund,0,20.47806067,0,Solund,1.051828748,Solund,0,0,Solund,0,0,Solund,0,0,Solund,0,0,7.4,13.96363636,Solund,412,0,rural,264,264,0.000187883,4.45E-10,0.000678293
265,4637,Hyllestad,0,39.61475174,0,Hyllestad,1.1881339,Hyllestad,0,0,Hyllestad,0,0,Hyllestad,0,0,Hyllestad,0,0,6.3,12.6,Hyllestad,694,0,rural,265,265,0.00014591,7.67E-10,0.00072818
266,4638,HÃ¸yanger,0,105.9349236,0,Høyanger,1.876027647,Høyanger,9.484090909,24.45990909,Høyanger,1.668909091,15.54325455,Høyanger,0.320636364,0.992454545,Høyanger,84.60472727,7.504518182,6,8.7,Høyanger,2085,0,semi-urban,266,266,0.0079764,0.00012141,0.038772992
267,4639,Vik,0,71.09579858,0,Vik,1.095913589,Vik,0,0,Vik,0,0,Vik,0,0,Vik,0,0,5.5,11.17272727,Vik,1319,0,rural,267,267,0.000144941,2.96E-09,0.00100599
268,4640,Sogndal,0,214.756087,0,Sogndal,0.956861982,Sogndal,0,0,Sogndal,0,0,Sogndal,0,0,Sogndal,0,0,9.9,9,Sogndal,5992,0,semi-urban,268,268,0.003595468,5.25E-05,0.017597811
269,4641,Aurland,0,38.18917877,0,Aurland,1.218012156,Aurland,0,0,Aurland,0,0,Aurland,0,0,Aurland,0,0,11.7,11.00909091,Aurland,904,0,rural,269,269,0.000145859,8.39E-10,0.000731191
270,4642,LÃ¦rdal,0,52.13832057,0,Lærdal,1.564171291,Lærdal,0,0,Lærdal,0,0,Lærdal,0,0,Lærdal,0,0,5.4,8.509090909,Lærdal,1104,0,rural,270,270,0.000177923,2.89E-09,0.001171613
271,4643,Ã…rdal,0,128.4116646,0,Årdal,1.60485705,Årdal,62.44834545,0.828181818,Årdal,4.708181818,0.446363636,Årdal,2.1276,0.053181818,Årdal,559.5943909,13.37818182,4,6.509090909,Årdal,2687,0,semi-urban,271,271,0.009685887,0.000154754,0.046397808
272,4644,Luster,354,124.279279,2.848423348,Luster,1.525263109,Luster,0,0,Luster,0,0,Luster,0,0,Luster,0,0,5.5,10.07272727,Luster,2628,354,semi-urban,272,272,2.849612142,2.559772472,3.153354078
273,4645,Askvoll,0,95.00009187,0,Askvoll,0.993691842,Askvoll,0,0,Askvoll,0,0,Askvoll,0,0,Askvoll,0,0,6.2,12.12727273,Askvoll,1526,0,rural,273,273,9.04E-05,1.02E-09,0.000579195
274,4646,Fjaler,0,71.86812661,0,Fjaler,1.373410689,Fjaler,0,0.42454,Fjaler,0,0.7155,Fjaler,0,0.00275,Fjaler,0,2.18932,10.2,19.94545455,Fjaler,1422,0,rural,274,274,7.47E-05,1.54E-10,0.000316833
275,4647,Sunnfjord,652,367.4869635,1.774212597,Sunnfjord,1.237751967,Sunnfjord,0,0,Sunnfjord,0,0,Sunnfjord,0,0,Sunnfjord,0,0,9.2,8.9,Sunnfjord,11270,652,urban,275,275,1.775389492,1.641443898,1.914008256
276,4648,Bremanger,0,99.84398005,0,Bremanger,1.030758626,Bremanger,9.012727273,0.666363636,Bremanger,4.862727273,65.94545455,Bremanger,0.139090909,0.016363636,Bremanger,51.74818182,56.71454545,6.6,12.17272727,Bremanger,1851,0,rural,276,276,0.000121535,1.38E-09,0.000802833
277,4649,Stad,486,208.5092013,2.33083239,Stad,1.378112456,Stad,0,0,Stad,0,0,Stad,0,0,Stad,0,0,7.7,9.7,Stad,4771,486,semi-urban,277,277,2.331613292,2.12842971,2.543047055
278,4650,Gloppen,0,136.1348379,0,Gloppen,0.997880557,Gloppen,0,0,Gloppen,0,0,Gloppen,0,0,Gloppen,0,0,7.5,10.69090909,Gloppen,2974,0,semi-urban,278,278,0.005477111,7.18E-05,0.027338829
279,4651,Stryn,0,155.4146854,0,Stryn,1.031185732,Stryn,0,0,Stryn,0,0.16055,Stryn,0,0,Stryn,0,0,10.4,10.22727273,Stryn,3681,0,semi-urban,279,279,0.00467875,5.79E-05,0.023591505
280,5001,Trondheim,669,2920.746393,0.22905104,Trondheim,1.048279953,Trondheim,0.983466818,2.379090909,Trondheim,1.777190909,6.509909091,Trondheim,1.1521,0.460427273,Trondheim,2.337,4.914090909,13.4,8.2,Trondheim,104361,669,urban,280,280,0.229258146,0.21218099,0.246924011
281,5006,Steinkjer,687,554.7179041,1.238467327,Steinkjer,1.14951638,Steinkjer,0.007783333,1.225833333,Steinkjer,0.275283333,27.14233333,Steinkjer,0.007083333,6.808166667,Steinkjer,0.32385,20.04616667,6.9,10.9,Steinkjer,12358,687,urban,281,281,1.239104291,1.147984873,1.333327867
282,5007,Namsos,406,319.364299,1.271275472,Namsos,1.091314373,Namsos,0,0,Namsos,0,0,Namsos,0,0,Namsos,0,0,3,11.2,Namsos,7581,406,semi-urban,282,282,1.271624312,1.150663219,1.39802613
283,5014,FrÃ¸ya,0,90.20188978,0,Frøya,1.939519028,Frøya,0,0,Frøya,0,0,Frøya,0,0,Frøya,0,0,7.133333333,12.6,Frøya,2704,0,semi-urban,283,283,0.00727471,5.29E-05,0.039691606
284,5020,Osen,0,34.15169583,0,Osen,1.055805489,Osen,0,0,Osen,0,0,Osen,0,0,Osen,0,0,7.966666667,13.45,Osen,509,0,rural,284,284,5.61E-05,1.14E-10,0.000177929
285,5021,Oppdal,0,155.9723322,0,Oppdal,1.255465457,Oppdal,0,0,Oppdal,0,0,Oppdal,0,0,Oppdal,0,0,5.466666667,10.9,Oppdal,3518,0,semi-urban,285,285,0.004929364,7.69E-05,0.023868013
286,5022,Rennebu,0,70.44651235,0,Rennebu,1.052549207,Rennebu,0,0,Rennebu,0,0,Rennebu,0,0,Rennebu,0,0,7.1,12.3,Rennebu,1262,0,rural,286,286,8.05E-05,7.62E-10,0.000462771
287,5025,RÃ¸ros,437,142.9666,3.056657988,Røros,1.202768851,Røros,0,0,Røros,0,0.369590909,Røros,0,0,Røros,0,0,6.1,9.5,Røros,2742,437,semi-urban,287,287,3.057668045,2.777036718,3.350404104
288,5026,HoltÃ¥len,0,60.29005375,0,Holtålen,1.437871553,Holtålen,0,0,Holtålen,0,0,Holtålen,0,0,Holtålen,0,0,5.666666667,9.65,Holtålen,994,0,rural,288,288,0.000117542,1.31E-09,0.000714142
289,5027,Midtre Gauldal,45,138.1121196,0.325822239,Midtre Gauldal,1.028573341,Midtre Gauldal,0,0,Midtre Gauldal,0,0,Midtre Gauldal,0,0,Midtre Gauldal,0,0,8.033333333,10.3,Midtre Gauldal,3156,45,semi-urban,289,289,0.328022407,0.239242401,0.429416189
290,5028,Melhus,647,307.9061118,2.101289891,Melhus,1.004572347,Melhus,0,0,Melhus,0,0,Melhus,0,0,Melhus,0,0,7.033333333,8.4,Melhus,8498,647,semi-urban,290,290,2.101875727,1.942672992,2.266651637
291,5029,Skaun,637,128.1343927,4.971342873,Skaun,0.990648647,Skaun,0,0,Skaun,0,0,Skaun,0,0,Skaun,0,0,6.333333333,7.1,Skaun,4255,637,semi-urban,291,291,4.972374299,4.592839992,5.3652861
292,5031,Malvik,496,203.6115494,2.436011127,Malvik,1.191733636,Malvik,0,0,Malvik,0,0,Malvik,0,0,Malvik,0,0,6.733333333,6.65,Malvik,7212,496,semi-urban,292,292,2.436846731,2.226596142,2.655537603
293,5032,Selbu,0,108.3842579,0,Selbu,0.947798943,Selbu,0,0,Selbu,0,0,Selbu,0,0,Selbu,0,0,5.166666667,9.3,Selbu,2072,0,semi-urban,293,293,0.00692998,9.38E-05,0.034384019
294,5033,Tydal,0,24.38041158,0,Tydal,1.189881294,Tydal,0,0,Tydal,0,0,Tydal,0,0,Tydal,0,0,4.5,10.1,Tydal,385,0,rural,294,294,0.000190427,1.04E-09,0.00088383
295,5034,MerÃ¥ker,0,57.44891163,0,Meråker,1.297900727,Meråker,0,0,Meråker,0,0,Meråker,0,0,Meråker,0,0,7.7,11.7,Meråker,1232,0,rural,295,295,7.72E-05,4.93E-10,0.000386427
296,5035,StjÃ¸rdal,811,448.9985713,1.806241828,Stjørdal,1.336365164,Stjørdal,0,0,Stjørdal,0.156818182,0,Stjørdal,0.000236364,0,Stjørdal,0.004418182,0,7.7,8.4,Stjørdal,12211,811,urban,296,296,1.807190953,1.684724495,1.933532153
297,5036,Frosta,0,58.6378164,0,Frosta,1.056884639,Frosta,0,0,Frosta,0,0,Frosta,0,0,Frosta,0,0,6.7,13.25,Frosta,1305,0,rural,297,297,0.000110907,2.92E-10,0.00049054
298,5037,Levanger,644,390.5284661,1.649047524,Levanger,1.005495476,Levanger,0,0,Levanger,0,0,Levanger,0,0,Levanger,0,0,7.3,9.3,Levanger,10040,644,urban,298,298,1.65010251,1.524850428,1.779747714
299,5038,Verdal,457,297.9956297,1.533579537,Verdal,1.057894844,Verdal,0.01894,0,Verdal,0.407,0,Verdal,0.00437,0,Verdal,0.4038,0,6.866666667,10.3,Verdal,7579,457,semi-urban,299,299,1.533978232,1.396224805,1.677523575
300,5041,SnÃ¥sa,0,59.41677796,0,Snåsa,1.286967581,Snåsa,0,0,Snåsa,0,0,Snåsa,0,0,Snåsa,0,0,7.5,12.05,Snåase Snåsa,1039,0,rural,300,300,4.45E-05,1.66E-10,0.00017689
301,5042,Lierne,0,33.16409817,0,Lierne,1.416521968,Lierne,0,0,Lierne,0,0,Lierne,0,0,Lierne,0,0,10.03333333,12.4,Lierne,697,0,rural,301,301,3.70E-05,7.22E-11,0.000111894
302,5043,RÃ¸yrvik,0,13.52186579,0,Røyrvik,1.084831272,Røyrvik,0,0,Røyrvik,0,0,Røyrvik,0,0,Røyrvik,0,0,10.76666667,11.1,Raarvihke Røyrvik,226,0,rural,302,302,3.52E-05,5.63E-11,9.45E-05
303,5044,Namsskogan,0,26.48271446,0,Namsskogan,1.500785386,Namsskogan,0,0,Namsskogan,0,0,Namsskogan,0,0,Namsskogan,0,0,10.46666667,11.8,Namsskogan,428,0,rural,303,303,3.45E-05,6.38E-11,9.96E-05
304,5045,Grong,0,64.81296332,0,Grong,1.540413839,Grong,0,0,Grong,0,0,Grong,0,0,Grong,0,0,5.933333333,12.85,Grong,1199,0,rural,304,304,4.12E-05,1.37E-10,0.000162396
305,5046,HÃ¸ylandet,0,38.95744104,0,Høylandet,1.421474005,Høylandet,0,0,Høylandet,0,0,Høylandet,0,0,Høylandet,0,0,9.333333333,10.55,Høylandet,634,0,rural,305,305,4.11E-05,1.00E-10,0.000134119
306,5047,Overhalla,0,75.41215845,0,Overhalla,1.450470123,Overhalla,0,0,Overhalla,0,0,Overhalla,0,0,Overhalla,0,0,7.866666667,8.85,Overhalla,2004,0,semi-urban,306,306,0.007846952,4.29E-05,0.044833117
307,5049,Flatanger,0,33.36668916,0,Flatanger,1.025152556,Flatanger,0,0,Flatanger,0,0,Flatanger,0,0,Flatanger,0,0,8.733333333,14.45,Flatanger,587,0,rural,307,307,5.61E-05,8.04E-11,0.00016146
308,5052,Leka,0,18.12164971,0,Leka,1.052022474,Leka,0,0,Leka,0,0,Leka,0,0,Leka,0,0,13.96666667,11.25,Leka,274,0,rural,308,308,3.60E-05,2.78E-11,8.12E-05
309,5053,InderÃ¸y,0,146.2732682,0,Inderøy,1.140150552,Inderøy,0.023272727,0,Inderøy,0.220363636,0,Inderøy,0.004272727,0,Inderøy,0.250454545,0,5.833333333,8.45,Inderøy,3421,0,semi-urban,309,309,0.004829582,5.24E-05,0.024875689
310,5054,Indre Fosen,480,245.8551157,1.952369381,Indre Fosen,1.425593405,Indre Fosen,0,0,Indre Fosen,0,0.319,Indre Fosen,0,0,Indre Fosen,0,0.577,7.2,12,Indre Fosen,5174,480,semi-urban,310,310,1.952577828,1.781373398,2.130782876
311,5055,Heim,0,162.7071053,0,Heim,1.064437199,Heim,15.63545455,0.2088,Heim,0,0.637216667,Heim,0.324545455,0.011027273,Heim,16.08090909,0.2915,5.2,12.6,Heim,3064,0,semi-urban,311,311,0.005553999,8.12E-05,0.027181429
312,5056,Hitra,0,114.4605434,0,Hitra,1.262823868,Hitra,0,0,Hitra,0,0,Hitra,0,0,Hitra,0,0,6.9,11.5,Hitra,2672,0,semi-urban,312,312,0.006231851,6.38E-05,0.032334548
313,5057,Ã˜rland,41,236.0925514,0.17366071,Ørland,1.081351553,Ørland,0,0,Ørland,0,0,Ørland,0,0,Ørland,0,0,5.6,10.3,Ørland,5239,41,semi-urban,313,313,0.1749368,0.12555099,0.231702493
314,5058,Ã…fjord,0,120.1508521,0,Åfjord,1.272544294,Åfjord,0,0,Åfjord,0,0,Åfjord,0,0,Åfjord,0,0,6.6,12.2,Åfjord,2199,0,semi-urban,314,314,0.005254608,4.11E-05,0.028483044
315,5059,Orkland,576,391.8770577,1.469848741,Orkland,1.008261374,Orkland,21.25427273,1.877272727,Orkland,1.424545455,0.017,Orkland,3.355190909,0.251254545,Orkland,10.41454545,11.22927273,6.5,11.6,Orkland,9244,576,semi-urban,315,315,1.470739486,1.352810112,1.593019832
316,5060,NÃ¦rÃ¸ysund,0,204.1963187,0,Nærøysund,1.416260787,Nærøysund,0,0,Nærøysund,0,0,Nærøysund,0,0,Nærøysund,0,0,8.5,10.3,Nærøysund,5016,0,semi-urban,316,316,0.003051926,2.36E-05,0.016560276
317,5061,Rindal,0,57.35727222,0,Rindal,1.15069741,Rindal,0,0,Rindal,0,0,Rindal,0,0,Rindal,0,0,5.7,8.8,Rindal,1012,0,rural,317,317,0.000122222,1.26E-09,0.000728181
318,5401,TromsÃ¸,491,1034.949407,0.474419326,Tromsø,1.003292608,Tromsø,0.010366667,0,Tromsø,0.2086925,0,Tromsø,0.003066667,0,Tromsø,0.1867,0,13.3,9.5,Tromsø,38846,491,urban,318,318,0.474548625,0.433401749,0.517356709
319,5402,Harstad,596,501.5259179,1.18837328,Harstad,1.518329951,Harstad,0,0,Harstad,0,0,Harstad,0,0,Harstad,0,0,8.1,8.2,Harstad Hárstták,12346,596,urban,319,319,1.188682377,1.094944042,1.285825641
320,5403,Alta,550,292.0181524,1.883444558,Alta,1.491767648,Alta,0,0,Alta,0,0,Alta,0,0,Alta,0,0,11.5,8.645454545,Alta,10545,550,urban,320,320,1.883264889,1.728766601,2.043615906
321,5404,VardÃ¸,0,38.13370298,0,Vardø,1.238613734,Vardø,0,0,Vardø,0,0,Vardø,0,0,Vardø,0,0,4.9,16.30909091,Vardø,1069,0,rural,321,321,6.89E-06,1.44E-12,1.21E-05
322,5405,VadsÃ¸,0,116.2272097,0,Vadsø,1.264053962,Vadsø,0,0,Vadsø,0,0,Vadsø,0,0,Vadsø,0,0,8.3,10.24545455,Vadsø,2961,0,semi-urban,322,322,0.002664413,1.59E-06,0.01892211
323,5406,Hammerfest,0,203.4007198,0,Hammerfest,1.213884459,Hammerfest,0.0692045,0.03519,Hammerfest,1.462839909,0.315490909,Hammerfest,0.0224842,0.00143,Hammerfest,1.093196182,0.460181818,12.1,10.1,Hammerfest,5833,0,semi-urban,323,323,0.001628471,1.72E-06,0.011090268
324,5411,KvÃ¦fjord,0,67.36731109,0,Kvæfjord,1.403455978,Kvæfjord,0,0,Kvæfjord,0,0,Kvæfjord,0,0,Kvæfjord,0,0,9.4,10.64545455,Kvæfjord,1411,0,rural,324,324,7.94E-06,1.10E-11,2.16E-05
325,5412,Tjeldsund,0,126.5346351,0,Tjeldsund,0.9759133,Tjeldsund,0,0,Tjeldsund,0,0,Tjeldsund,0,0,Tjeldsund,0,0,7.6,10.1,Tjeldsund,2171,0,semi-urban,325,325,0.003238616,7.47E-06,0.020538127
326,5413,Ibestad,0,47.61739036,0,Ibestad,1.146775154,Ibestad,0,0,Ibestad,0,0,Ibestad,0,0,Ibestad,0,0,8.7,15.73636364,Ibestad,714,0,rural,326,326,9.60E-05,1.67E-10,0.000347294
327,5414,Gratangen,0,33.3345913,0,Gratangen,0.9835245,Gratangen,0,0,Gratangen,0,0,Gratangen,0,0,Gratangen,0,0,11.2,12.91818182,Gratangen,575,0,rural,327,327,5.94E-06,6.87E-12,1.50E-05
328,5415,Lavangen,0,30.24399528,0,Lavangen,1.077761135,Lavangen,0,0,Lavangen,0,0,Lavangen,0,0,Lavangen,0,0,13.6,11.07272727,Loabák Lavangen,534,0,rural,328,328,5.54E-06,5.54E-12,1.34E-05
329,5416,Bardu,0,77.50108723,0,Bardu,1.128958272,Bardu,0,0,Bardu,0,0,Bardu,0,0,Bardu,0,0,9,8.290909091,Bardu,2042,0,semi-urban,329,329,0.004781556,6.47E-06,0.032046144
330,5417,Salangen,0,58.64782022,0,Salangen,1.123082531,Salangen,0,0,Salangen,0,0,Salangen,0,0,Salangen,0,0,6.3,12.85454545,Salangen,1123,0,rural,330,330,9.46E-06,1.27E-11,2.59E-05
331,5418,MÃ¥lselv,0,150.5260207,0,Målselv,0.979516596,Målselv,0,0,Målselv,0.709314286,0,Målselv,0.015757143,0,Målselv,0.004457143,0,6.2,8.4,Målselv,3525,0,semi-urban,331,331,0.002970227,9.31E-06,0.018142783
332,5419,SÃ¸rreisa,0,72.75349263,0,Sørreisa,1.03701777,Sørreisa,0,0,Sørreisa,0,0,Sørreisa,0,0,Sørreisa,0,0,7.6,7.981818182,Sørreisa,1753,0,rural,332,332,1.20E-05,1.64E-11,3.38E-05
333,5420,DyrÃ¸y,0,31.76388248,0,Dyrøy,0.994806525,Dyrøy,0,0,Dyrøy,0,0,Dyrøy,0,0,Dyrøy,0,0,7.7,13.35454545,Dyrøy,545,0,rural,333,333,9.71E-06,8.65E-12,2.30E-05
334,5421,Senja,29,318.8407294,0.090954503,Senja,1.393506855,Senja,29.51772727,0.025718182,Senja,0,0.36342,Senja,0.5816,0.002781818,Senja,63.21954545,0.098636364,8.3,13.7,Senja,7571,29,semi-urban,334,334,0.091576105,0.06132847,0.127348489
335,5422,Balsfjord,0,151.8164617,0,Balsfjord,1.182000549,Balsfjord,0,0,Balsfjord,0,0,Balsfjord,0,0,Balsfjord,0,0,7.7,13.01818182,Balsfjord,2893,0,semi-urban,335,335,0.002568052,5.04E-06,0.016510537
336,5423,KarlsÃ¸y,0,68.17302086,0,Karlsøy,1.362526322,Karlsøy,0,0,Karlsøy,0,0,Karlsøy,0,0,Karlsøy,0,0,9,13.80909091,Karlsøy,1155,0,rural,336,336,1.30E-05,5.65E-12,2.50E-05
337,5424,Lyngen,0,82.30405055,0,Lyngen,1.813941788,Lyngen,0,0,Lyngen,0,0,Lyngen,0,0,Lyngen,0,0,7.5,12.69090909,Lyngen,1423,0,rural,337,337,1.10E-05,8.81E-12,2.72E-05
338,5425,Storfjord,0,37.31055333,0,Storfjord,1.141729599,Storfjord,0,0,Storfjord,0,0,Storfjord,0,0,Storfjord,0,0,9.1,11.58181818,Storfjord Omasvuotna Omasvuono,947,0,rural,338,338,6.54E-06,8.30E-12,1.70E-05
339,5426,KÃ¥fjord,0,63.51439086,0,Kåfjord,1.115847719,Kåfjord,0,0,Kåfjord,0,0,Kåfjord,0,0,Kåfjord,0,0,17,17.25454545,Gáivuotna Kåfjord Kaivuono,1085,0,rural,339,339,2.51E-06,6.99E-13,4.48E-06
340,5427,SkjervÃ¸y,0,76.55350484,0,Skjervøy,1.358973571,Skjervøy,0,0,Skjervøy,0,0,Skjervøy,0,0,Skjervøy,0,0,13,12.18181818,Skjervøy,1502,0,rural,340,340,4.67E-06,1.44E-12,8.57E-06
341,5428,Nordreisa,0,103.0811029,0,Nordreisa,1.474833121,Nordreisa,0,0,Nordreisa,0,0,Nordreisa,0,0,Nordreisa,0,0,9,11.22727273,Nordreisa Ráisa Raisi,2504,0,semi-urban,341,341,0.003034999,2.41E-06,0.021176677
342,5429,KvÃ¦nangen,0,37.91030183,0,Kvænangen,1.326448437,Kvænangen,0,0,Kvænangen,0,0,Kvænangen,0,0,Kvænangen,0,0,13,15.18181818,Kvænangen,614,0,rural,342,342,2.43E-06,1.28E-12,5.17E-06
343,5430,Kautokeino,0,40.81981249,0,Kautokeino,1.303220758,Kautokeino,0,0,Kautokeino,0,0,Kautokeino,0,0,Kautokeino,0,0,17.3,13.38181818,Guovdageaidnu Kautokeino,1516,0,rural,343,343,2.05E-06,7.21E-13,3.90E-06
344,5432,Loppa,0,30.62312451,0,Loppa,1.453702739,Loppa,0,0,Loppa,0,0,Loppa,0,0,Loppa,0,0,6.5,16.45454545,Loppa,490,0,rural,344,344,5.84E-06,2.41E-12,1.17E-05
345,5433,Hasvik,0,20.81776304,0,Hasvik,1.135384301,Hasvik,0,0,Hasvik,0,0,Hasvik,0,0,Hasvik,0,0,11.3,13.42727273,Hasvik,539,0,rural,345,345,3.20E-06,1.75E-12,6.83E-06
346,5434,MÃ¥sÃ¸y,0,37.06109943,0,Måsøy,1.400201474,Måsøy,0,0,Måsøy,0,0,Måsøy,0,0,Måsøy,0,0,8.6,17.17272727,Måsøy,668,0,rural,346,346,3.66E-06,1.31E-12,7.18E-06
347,5435,Nordkapp,0,63.6181205,0,Nordkapp,1.21103196,Nordkapp,0,0,Nordkapp,0,0,Nordkapp,0,0,Nordkapp,0,0,10.4,13.18181818,Nordkapp,1681,0,rural,347,347,3.11E-06,1.64E-12,6.76E-06
348,5436,Porsanger,0,82.51744789,0,Porsanger,1.04092111,Porsanger,0,0,Porsanger,0,0,Porsanger,0,0,Porsanger,0,0,9.4,10.18181818,Porsanger Porsá?gu Porsanki,2060,0,semi-urban,348,348,0.003360156,1.53E-06,0.024360216
349,5437,Karasjok,0,46.81574635,0,Karasjok,1.708590565,Karasjok,0,0,Karasjok,0,0,Karasjok,0,0,Karasjok,0,0,11.9,11.8,Kárášjohka Karasjok,1343,0,rural,349,349,3.23E-06,1.91E-12,7.07E-06
350,5438,Lebesby,0,32.7180984,0,Lebesby,1.36311196,Lebesby,0,0,Lebesby,0,0,Lebesby,0,0,Lebesby,0,0,9.5,17.02727273,Lebesby,716,0,rural,350,350,3.00E-06,1.11E-12,5.93E-06
351,5439,Gamvik,0,25.01434435,0,Gamvik,1.175023294,Gamvik,0,0,Gamvik,0,0,Gamvik,0,0,Gamvik,0,0,7.3,16.15454545,Gamvik,622,0,rural,351,351,4.64E-06,1.40E-12,8.69E-06
352,5440,BerlevÃ¥g,0,26.21057811,0,Berlevåg,1.322507525,Berlevåg,0,0,Berlevåg,0,0,Berlevåg,0,0,Berlevåg,0,0,7.9,15.14545455,Berlevåg,512,0,rural,352,352,3.91E-06,1.42E-12,7.71E-06
353,5441,Tana,0,64.17309249,0,Tana,1.388346649,Tana,0,0,Tana,0,0,Tana,0,0,Tana,0,0,12.3,11.84545455,Deatnu Tana,1517,0,rural,353,353,2.45E-06,1.39E-12,5.37E-06
354,5442,Nesseby,0,31.13064518,0,Nesseby,1.524377085,Nesseby,0,0,Nesseby,0,0,Nesseby,0,0,Nesseby,0,0,14,15.24545455,Unjárga Nesseby,494,0,rural,354,354,1.90E-06,5.41E-13,3.53E-06
355,5443,BÃ¥tsfjord,0,35.96522502,0,Båtsfjord,1.244140414,Båtsfjord,0,0,Båtsfjord,0,0,Båtsfjord,0,0,Båtsfjord,0,0,11.3,13.81818182,Båtsfjord,1187,0,rural,355,355,2.58E-06,1.06E-12,5.26E-06
356,5444,SÃ¸r-Varanger,0,178.5782672,0,Sør-Varanger,1.701347257,Sør-Varanger,0,0,Sør-Varanger,0,0,Sør-Varanger,0,0,Sør-Varanger,0,0,9.7,9.245454545,Sør-Varanger,5097,0,semi-urban,356,356,0.002047763,1.26E-06,0.014307549
,,,,,,,,,,,,,,,,,,,,,,,,,,,,0.999779303,0.872805948,1.133593327
